po_id,vendor_name,material_category,order_date,delivery_date,order_status,quantity,unit_price,negotiated_price,defective_units,compliance,delivery_days,delay_days,defect_rate,unit_savings,negotiated_savings,delay_reason,vendor_explanation,resolution,procurement_decision,outcome,additional_cost,context_source,is_synthetic_context
PO-00001,SteelCore,Structural Steel,2023-01-26,,Cancelled,613,76.33,73.74,0,Non-Compliant,,,0.0,2.59,1587.67,Order cancellation due to stock shortage,Vendor confirmed temporary inventory exhaustion.,Purchase order terminated.,Order Cancelled,Order cancelled.,1000.0,synthetic_demo,True
PO-00002,SteelCore,Structural Steel,2024-11-23,2024-12-03,Delivered,115,26.85,25.73,3,Compliant,10.0,,0.0261,1.12,128.8,,SteelCore fulfilled order within target timeline following tooling upgrade.,Standard warehouse receipt and quality sign-off.,Standard Approval,Successful fulfillment; delivered on-time in 10 days.,0.0,synthetic_demo,True
PO-00003,SteelCore,Structural Steel,2024-09-08,2024-09-18,Delivered,1516,169.47,156.85,32,Compliant,10.0,,0.0211,12.62,19131.92,,SteelCore fulfilled order within target timeline following tooling upgrade.,Standard warehouse receipt and quality sign-off.,Standard Approval,Successful fulfillment; delivered on-time in 10 days.,0.0,synthetic_demo,True
PO-00004,SteelCore,Structural Steel,2024-04-04,2024-04-16,Partially Delivered,1700,56.72,53.19,1,Compliant,12.0,,0.0006,3.53,6001.0,,Fulfillment completed within standard operational window.,Standard warehouse acceptance.,Standard Approval,Successful procurement outcome.,0.0,synthetic_demo,True
PO-00005,SteelCore,Structural Steel,2023-06-09,2023-06-29,Delivered,1785,99.11,94.51,8,Compliant,20.0,,0.0045,4.6,8211.0,Logistics transit buffer,Vendor reported short-term freight dispatch delay.,Supplier offered expedited freight.,Accepted with Warning,Delivered in 20 days.,325.73,synthetic_demo,True
PO-00006,SteelCore,Structural Steel,2024-04-15,2024-04-24,Partially Delivered,1180,87.43,80.19,22,Compliant,9.0,,0.0186,7.24,8543.2,,Fulfillment completed within standard operational window.,Standard warehouse acceptance.,Standard Approval,Successful procurement outcome.,0.0,synthetic_demo,True
PO-00007,SteelCore,Structural Steel,2024-08-14,2024-09-02,Delivered,213,216.72,193.61,18,Non-Compliant,19.0,,0.0845,23.11,4922.43,Summer seasonal port customs backlog and factory heat-treatment calibration delay,SteelCore reported sub-tier furnace maintenance and regional port congestion.,Batch quarantined; supplier dispatched technical team and offered 5% credit.,Conditional Approval with Penalty,Delivered after 19 days with 8.3% defect rate.,4236.33,synthetic_demo,True
PO-00008,SteelCore,Structural Steel,2023-10-12,2023-10-25,Delivered,797,57.41,54.22,18,Compliant,13.0,,0.0226,3.19,2542.43,,SteelCore fulfilled order within target timeline following tooling upgrade.,Standard warehouse receipt and quality sign-off.,Standard Approval,Successful fulfillment; delivered on-time in 13 days.,0.0,synthetic_demo,True
PO-00009,SteelCore,Structural Steel,2024-12-19,2024-12-29,Delivered,400,142.85,136.5,9,Compliant,10.0,,0.0225,6.35,2540.0,,SteelCore fulfilled order within target timeline following tooling upgrade.,Standard warehouse receipt and quality sign-off.,Standard Approval,Successful fulfillment; delivered on-time in 10 days.,0.0,synthetic_demo,True
PO-00010,SteelCore,Structural Steel,2024-01-24,2024-02-11,Delivered,1623,198.48,189.96,18,Compliant,18.0,,0.0111,8.52,13827.96,Logistics transit buffer,Vendor reported short-term freight dispatch delay.,Supplier offered expedited freight.,Accepted with Warning,Delivered in 18 days.,621.57,synthetic_demo,True
PO-00011,SteelCore,Structural Steel,2023-11-20,2023-12-03,Delivered,482,230.02,212.37,7,Compliant,13.0,,0.0145,17.65,8507.3,,SteelCore fulfilled order within target timeline following tooling upgrade.,Standard warehouse receipt and quality sign-off.,Standard Approval,Successful fulfillment; delivered on-time in 13 days.,0.0,synthetic_demo,True
PO-00012,SteelCore,Structural Steel,2023-08-06,2023-08-31,Partially Delivered,592,52.11,47.19,61,Compliant,25.0,,0.103,4.92,2912.64,Summer seasonal port customs backlog and factory heat-treatment calibration delay,SteelCore reported sub-tier furnace maintenance and regional port congestion.,Batch quarantined; supplier dispatched technical team and offered 5% credit.,Conditional Approval with Penalty,Delivered after 25 days with 10.4% defect rate.,5253.11,synthetic_demo,True
PO-00013,SteelCore,Structural Steel,2023-09-27,2023-10-10,Delivered,867,103.26,90.9,24,Compliant,13.0,,0.0277,12.36,10716.12,,SteelCore fulfilled order within target timeline following tooling upgrade.,Standard warehouse receipt and quality sign-off.,Standard Approval,Successful fulfillment; delivered on-time in 13 days.,0.0,synthetic_demo,True
PO-00014,SteelCore,Structural Steel,2024-06-05,2024-06-14,Delivered,377,202.18,189.6,16,Non-Compliant,9.0,,0.0424,12.58,4742.66,Logistics transit buffer,Vendor reported short-term freight dispatch delay.,Supplier offered expedited freight.,Accepted with Warning,Delivered in 9 days.,398.69,synthetic_demo,True
PO-00015,SteelCore,Structural Steel,2024-01-30,2024-02-16,Delivered,1812,236.76,215.92,48,Compliant,17.0,,0.0265,20.84,37762.08,Logistics transit buffer,Vendor reported short-term freight dispatch delay.,Supplier offered expedited freight.,Accepted with Warning,Delivered in 17 days.,1462.4,synthetic_demo,True
PO-00016,SteelCore,Structural Steel,2024-11-29,2024-12-11,Delivered,746,45.66,42.76,19,Compliant,12.0,,0.0255,2.9,2163.4,,SteelCore fulfilled order within target timeline following tooling upgrade.,Standard warehouse receipt and quality sign-off.,Standard Approval,Successful fulfillment; delivered on-time in 12 days.,0.0,synthetic_demo,True
PO-00017,SteelCore,Structural Steel,2023-01-04,,Cancelled,1843,185.53,163.79,0,Non-Compliant,,,0.0,21.74,40066.82,Order cancellation due to stock shortage,Vendor confirmed temporary inventory exhaustion.,Purchase order terminated.,Order Cancelled,Order cancelled.,1000.0,synthetic_demo,True
PO-00018,SteelCore,Structural Steel,2024-06-03,2024-06-21,Delivered,1297,65.75,61.98,0,Compliant,18.0,,0.0,3.77,4889.69,Logistics transit buffer,Vendor reported short-term freight dispatch delay.,Supplier offered expedited freight.,Accepted with Warning,Delivered in 18 days.,1030.63,synthetic_demo,True
PO-00019,SteelCore,Structural Steel,2024-07-06,2024-07-24,Partially Delivered,793,222.11,199.2,92,Non-Compliant,18.0,,0.116,22.91,18167.63,Summer seasonal port customs backlog and factory heat-treatment calibration delay,SteelCore reported sub-tier furnace maintenance and regional port congestion.,Batch quarantined; supplier dispatched technical team and offered 5% credit.,Conditional Approval with Penalty,Delivered after 18 days with 11.6% defect rate.,3171.21,synthetic_demo,True
PO-00020,SteelCore,Structural Steel,2023-09-03,2023-09-13,Delivered,1211,237.8,231.01,18,Compliant,10.0,,0.0149,6.79,8222.69,,SteelCore fulfilled order within target timeline following tooling upgrade.,Standard warehouse receipt and quality sign-off.,Standard Approval,Successful fulfillment; delivered on-time in 10 days.,0.0,synthetic_demo,True
PO-00021,SteelCore,Structural Steel,2023-03-12,2023-04-01,Partially Delivered,1989,146.45,139.64,0,Compliant,20.0,,0.0,6.81,13545.09,Logistics transit buffer,Vendor reported short-term freight dispatch delay.,Supplier offered expedited freight.,Accepted with Warning,Delivered in 20 days.,1057.68,synthetic_demo,True
PO-00022,SteelCore,Structural Steel,2023-08-05,2023-08-26,Partially Delivered,814,120.76,112.09,100,Non-Compliant,21.0,,0.1229,8.67,7057.38,Summer seasonal port customs backlog and factory heat-treatment calibration delay,SteelCore reported sub-tier furnace maintenance and regional port congestion.,Batch quarantined; supplier dispatched technical team and offered 5% credit.,Conditional Approval with Penalty,Delivered after 21 days with 12.3% defect rate.,6530.12,synthetic_demo,True
PO-00023,SteelCore,Structural Steel,2023-09-11,2023-09-22,Delivered,93,155.31,148.63,1,Compliant,11.0,,0.0108,6.68,621.24,,SteelCore fulfilled order within target timeline following tooling upgrade.,Standard warehouse receipt and quality sign-off.,Standard Approval,Successful fulfillment; delivered on-time in 11 days.,0.0,synthetic_demo,True
PO-00024,SteelCore,Structural Steel,2023-01-08,2023-01-27,Delivered,1810,96.0,89.14,21,Compliant,19.0,,0.0116,6.86,12416.6,Logistics transit buffer,Vendor reported short-term freight dispatch delay.,Supplier offered expedited freight.,Accepted with Warning,Delivered in 19 days.,1377.05,synthetic_demo,True
PO-00025,SteelCore,Structural Steel,2024-11-16,2024-11-29,Delivered,320,186.37,166.2,5,Compliant,13.0,,0.0156,20.17,6454.4,,SteelCore fulfilled order within target timeline following tooling upgrade.,Standard warehouse receipt and quality sign-off.,Standard Approval,Successful fulfillment; delivered on-time in 13 days.,0.0,synthetic_demo,True
PO-00026,SteelCore,Structural Steel,2023-09-06,2023-09-19,Delivered,439,41.69,38.11,11,Compliant,13.0,,0.0251,3.58,1571.62,,SteelCore fulfilled order within target timeline following tooling upgrade.,Standard warehouse receipt and quality sign-off.,Standard Approval,Successful fulfillment; delivered on-time in 13 days.,0.0,synthetic_demo,True
PO-00027,SteelCore,Structural Steel,2024-03-09,2024-03-24,Delivered,1388,246.36,239.01,4,Compliant,15.0,,0.0029,7.35,10201.8,,Fulfillment completed within standard operational window.,Standard warehouse acceptance.,Standard Approval,Successful procurement outcome.,0.0,synthetic_demo,True
PO-00028,SteelCore,Structural Steel,2023-12-14,2023-12-24,Delivered,439,143.35,138.47,7,Compliant,10.0,,0.0159,4.88,2142.32,,SteelCore fulfilled order within target timeline following tooling upgrade.,Standard warehouse receipt and quality sign-off.,Standard Approval,Successful fulfillment; delivered on-time in 10 days.,0.0,synthetic_demo,True
PO-00029,SteelCore,Structural Steel,2023-10-13,2023-10-26,Delivered,1940,37.34,33.58,29,Compliant,13.0,,0.0149,3.76,7294.4,,SteelCore fulfilled order within target timeline following tooling upgrade.,Standard warehouse receipt and quality sign-off.,Standard Approval,Successful fulfillment; delivered on-time in 13 days.,0.0,synthetic_demo,True
PO-00030,SteelCore,Structural Steel,2023-04-11,2023-04-29,Delivered,1947,193.32,184.88,81,Non-Compliant,18.0,,0.0416,8.44,16432.68,Logistics transit buffer,Vendor reported short-term freight dispatch delay.,Supplier offered expedited freight.,Accepted with Warning,Delivered in 18 days.,1459.7,synthetic_demo,True
PO-00031,SteelCore,Structural Steel,2024-05-12,2024-05-23,Delivered,54,246.62,235.15,2,Non-Compliant,11.0,,0.037,11.47,619.38,Logistics transit buffer,Vendor reported short-term freight dispatch delay.,Supplier offered expedited freight.,Accepted with Warning,Delivered in 11 days.,414.03,synthetic_demo,True
PO-00032,SteelCore,Structural Steel,2023-10-20,2023-11-02,Delivered,1546,248.95,230.14,37,Compliant,13.0,,0.0239,18.81,29080.26,,SteelCore fulfilled order within target timeline following tooling upgrade.,Standard warehouse receipt and quality sign-off.,Standard Approval,Successful fulfillment; delivered on-time in 13 days.,0.0,synthetic_demo,True
PO-00033,SteelCore,Structural Steel,2023-06-08,2023-06-20,Delivered,169,153.21,141.84,0,Compliant,12.0,,0.0,11.37,1921.53,,Fulfillment completed within standard operational window.,Standard warehouse acceptance.,Standard Approval,Successful procurement outcome.,0.0,synthetic_demo,True
PO-00034,SteelCore,Structural Steel,2023-02-28,2023-03-17,Delivered,166,240.98,234.23,8,Non-Compliant,17.0,,0.0482,6.75,1120.5,Logistics transit buffer,Vendor reported short-term freight dispatch delay.,Supplier offered expedited freight.,Accepted with Warning,Delivered in 17 days.,890.46,synthetic_demo,True
PO-00035,SteelCore,Structural Steel,2023-03-12,2023-03-21,Partially Delivered,295,236.57,218.36,3,Compliant,9.0,,0.0102,18.21,5371.95,,Fulfillment completed within standard operational window.,Standard warehouse acceptance.,Standard Approval,Successful procurement outcome.,0.0,synthetic_demo,True
PO-00036,SteelCore,Structural Steel,2024-09-26,2024-10-06,Delivered,1245,150.0,142.25,23,Compliant,10.0,,0.0185,7.75,9648.75,,SteelCore fulfilled order within target timeline following tooling upgrade.,Standard warehouse receipt and quality sign-off.,Standard Approval,Successful fulfillment; delivered on-time in 10 days.,0.0,synthetic_demo,True
PO-00037,SteelCore,Structural Steel,2023-07-29,2023-08-21,Partially Delivered,664,125.16,111.03,63,Non-Compliant,23.0,,0.0949,14.13,9382.32,Summer seasonal port customs backlog and factory heat-treatment calibration delay,SteelCore reported sub-tier furnace maintenance and regional port congestion.,Batch quarantined; supplier dispatched technical team and offered 5% credit.,Conditional Approval with Penalty,Delivered after 23 days with 9.4% defect rate.,6530.14,synthetic_demo,True
PO-00038,SteelCore,Structural Steel,2023-01-10,2023-01-27,Delivered,486,136.35,131.82,24,Non-Compliant,17.0,,0.0494,4.53,2201.58,Logistics transit buffer,Vendor reported short-term freight dispatch delay.,Supplier offered expedited freight.,Accepted with Warning,Delivered in 17 days.,295.24,synthetic_demo,True
PO-00039,SteelCore,Structural Steel,2023-03-12,2023-03-25,Delivered,947,211.76,192.63,0,Compliant,13.0,,0.0,19.13,18116.11,,Fulfillment completed within standard operational window.,Standard warehouse acceptance.,Standard Approval,Successful procurement outcome.,0.0,synthetic_demo,True
PO-00040,SteelCore,Structural Steel,2023-01-09,,Cancelled,1723,147.56,130.86,0,Non-Compliant,,,0.0,16.7,28774.1,Order cancellation due to stock shortage,Vendor confirmed temporary inventory exhaustion.,Purchase order terminated.,Order Cancelled,Order cancelled.,1000.0,synthetic_demo,True
PO-00041,SteelCore,Structural Steel,2023-05-18,2023-05-27,Delivered,627,159.11,144.51,23,Non-Compliant,9.0,,0.0367,14.6,9154.2,Logistics transit buffer,Vendor reported short-term freight dispatch delay.,Supplier offered expedited freight.,Accepted with Warning,Delivered in 9 days.,402.08,synthetic_demo,True
PO-00042,SteelCore,Structural Steel,2024-12-04,2024-12-16,Delivered,564,228.23,204.35,11,Compliant,12.0,,0.0195,23.88,13468.32,,SteelCore fulfilled order within target timeline following tooling upgrade.,Standard warehouse receipt and quality sign-off.,Standard Approval,Successful fulfillment; delivered on-time in 12 days.,0.0,synthetic_demo,True
PO-00043,SteelCore,Structural Steel,2024-10-11,2024-10-24,Delivered,140,20.82,18.8,4,Compliant,13.0,,0.0286,2.02,282.8,,SteelCore fulfilled order within target timeline following tooling upgrade.,Standard warehouse receipt and quality sign-off.,Standard Approval,Successful fulfillment; delivered on-time in 13 days.,0.0,synthetic_demo,True
PO-00044,SteelCore,Structural Steel,2023-06-15,,Cancelled,954,146.89,137.67,0,Non-Compliant,,,0.0,9.22,8795.88,Order cancellation due to stock shortage,Vendor confirmed temporary inventory exhaustion.,Purchase order terminated.,Order Cancelled,Order cancelled.,1000.0,synthetic_demo,True
PO-00045,SteelCore,Structural Steel,2023-04-25,2023-05-14,Delivered,1242,147.08,137.82,34,Compliant,19.0,,0.0274,9.26,11500.92,Logistics transit buffer,Vendor reported short-term freight dispatch delay.,Supplier offered expedited freight.,Accepted with Warning,Delivered in 19 days.,1284.97,synthetic_demo,True
PO-00046,SteelCore,Structural Steel,2023-11-12,2023-11-24,Delivered,1680,243.61,237.77,47,Compliant,12.0,,0.028,5.84,9811.2,,SteelCore fulfilled order within target timeline following tooling upgrade.,Standard warehouse receipt and quality sign-off.,Standard Approval,Successful fulfillment; delivered on-time in 12 days.,0.0,synthetic_demo,True
PO-00047,SteelCore,Structural Steel,2023-08-04,2023-08-25,Partially Delivered,1841,113.47,104.16,221,Non-Compliant,21.0,,0.12,9.31,17139.71,Summer seasonal port customs backlog and factory heat-treatment calibration delay,SteelCore reported sub-tier furnace maintenance and regional port congestion.,Batch quarantined; supplier dispatched technical team and offered 5% credit.,Conditional Approval with Penalty,Delivered after 21 days with 12.0% defect rate.,5859.3,synthetic_demo,True
PO-00048,SteelCore,Structural Steel,2023-08-31,2023-09-20,Delivered,730,199.95,187.72,97,Non-Compliant,20.0,,0.1329,12.23,8927.9,Summer seasonal port customs backlog and factory heat-treatment calibration delay,SteelCore reported sub-tier furnace maintenance and regional port congestion.,Batch quarantined; supplier dispatched technical team and offered 5% credit.,Conditional Approval with Penalty,Delivered after 20 days with 13.3% defect rate.,6919.39,synthetic_demo,True
PO-00049,SteelCore,Structural Steel,2023-10-01,2023-10-12,Delivered,271,107.98,105.4,7,Compliant,11.0,,0.0258,2.58,699.18,,SteelCore fulfilled order within target timeline following tooling upgrade.,Standard warehouse receipt and quality sign-off.,Standard Approval,Successful fulfillment; delivered on-time in 11 days.,0.0,synthetic_demo,True
PO-00050,SteelCore,Structural Steel,2023-08-16,2023-09-10,Delivered,506,25.44,24.44,51,Compliant,25.0,,0.1008,1.0,506.0,Summer seasonal port customs backlog and factory heat-treatment calibration delay,SteelCore reported sub-tier furnace maintenance and regional port congestion.,Batch quarantined; supplier dispatched technical team and offered 5% credit.,Conditional Approval with Penalty,Delivered after 25 days with 10.1% defect rate.,7727.94,synthetic_demo,True
PO-00051,SteelCore,Structural Steel,2023-10-13,2023-10-23,Delivered,621,100.76,93.61,18,Compliant,10.0,,0.029,7.15,4440.15,,SteelCore fulfilled order within target timeline following tooling upgrade.,Standard warehouse receipt and quality sign-off.,Standard Approval,Successful fulfillment; delivered on-time in 10 days.,0.0,synthetic_demo,True
PO-00052,SteelCore,Structural Steel,2023-12-06,2023-12-16,Delivered,584,61.07,53.97,7,Compliant,10.0,,0.012,7.1,4146.4,,SteelCore fulfilled order within target timeline following tooling upgrade.,Standard warehouse receipt and quality sign-off.,Standard Approval,Successful fulfillment; delivered on-time in 10 days.,0.0,synthetic_demo,True
PO-00053,SteelCore,Structural Steel,2023-02-09,2023-02-26,Delivered,1291,246.37,238.59,47,Non-Compliant,17.0,,0.0364,7.78,10043.98,Logistics transit buffer,Vendor reported short-term freight dispatch delay.,Supplier offered expedited freight.,Accepted with Warning,Delivered in 17 days.,607.78,synthetic_demo,True
PO-00054,SteelCore,Structural Steel,2023-09-18,2023-09-28,Delivered,53,139.58,125.53,1,Compliant,10.0,,0.0189,14.05,744.65,,SteelCore fulfilled order within target timeline following tooling upgrade.,Standard warehouse receipt and quality sign-off.,Standard Approval,Successful fulfillment; delivered on-time in 10 days.,0.0,synthetic_demo,True
PO-00055,SteelCore,Structural Steel,2024-01-08,2024-01-17,Delivered,1408,215.04,195.26,65,Non-Compliant,9.0,,0.0462,19.78,27850.24,Logistics transit buffer,Vendor reported short-term freight dispatch delay.,Supplier offered expedited freight.,Accepted with Warning,Delivered in 9 days.,1010.1,synthetic_demo,True
PO-00056,SteelCore,Structural Steel,2024-06-03,2024-06-21,Delivered,310,64.12,58.57,6,Compliant,18.0,,0.0194,5.55,1720.5,Logistics transit buffer,Vendor reported short-term freight dispatch delay.,Supplier offered expedited freight.,Accepted with Warning,Delivered in 18 days.,584.35,synthetic_demo,True
PO-00057,SteelCore,Structural Steel,2024-11-24,2024-12-05,Delivered,666,113.4,101.68,15,Compliant,11.0,,0.0225,11.72,7805.52,,SteelCore fulfilled order within target timeline following tooling upgrade.,Standard warehouse receipt and quality sign-off.,Standard Approval,Successful fulfillment; delivered on-time in 11 days.,0.0,synthetic_demo,True
PO-00058,SteelCore,Structural Steel,2023-10-21,2023-11-01,Delivered,1237,159.53,151.2,23,Compliant,11.0,,0.0186,8.33,10304.21,,SteelCore fulfilled order within target timeline following tooling upgrade.,Standard warehouse receipt and quality sign-off.,Standard Approval,Successful fulfillment; delivered on-time in 11 days.,0.0,synthetic_demo,True
PO-00059,SteelCore,Structural Steel,2024-03-28,,Cancelled,487,137.57,123.9,0,Non-Compliant,,,0.0,13.67,6657.29,Order cancellation due to stock shortage,Vendor confirmed temporary inventory exhaustion.,Purchase order terminated.,Order Cancelled,Order cancelled.,1000.0,synthetic_demo,True
PO-00060,SteelCore,Structural Steel,2024-11-05,2024-11-15,Delivered,1409,165.58,156.72,22,Compliant,10.0,,0.0156,8.86,12483.74,,SteelCore fulfilled order within target timeline following tooling upgrade.,Standard warehouse receipt and quality sign-off.,Standard Approval,Successful fulfillment; delivered on-time in 10 days.,0.0,synthetic_demo,True
PO-00061,SteelCore,Structural Steel,2024-11-19,2024-12-01,Delivered,457,53.89,52.56,7,Compliant,12.0,,0.0153,1.33,607.81,,SteelCore fulfilled order within target timeline following tooling upgrade.,Standard warehouse receipt and quality sign-off.,Standard Approval,Successful fulfillment; delivered on-time in 12 days.,0.0,synthetic_demo,True
PO-00062,SteelCore,Structural Steel,2024-09-17,2024-09-27,Delivered,1864,164.85,158.35,36,Compliant,10.0,,0.0193,6.5,12116.0,,SteelCore fulfilled order within target timeline following tooling upgrade.,Standard warehouse receipt and quality sign-off.,Standard Approval,Successful fulfillment; delivered on-time in 10 days.,0.0,synthetic_demo,True
PO-00063,SteelCore,Structural Steel,2024-05-21,2024-06-01,Delivered,1458,21.28,19.26,0,Compliant,11.0,,0.0,2.02,2945.16,,Fulfillment completed within standard operational window.,Standard warehouse acceptance.,Standard Approval,Successful procurement outcome.,0.0,synthetic_demo,True
PO-00064,SteelCore,Structural Steel,2024-03-11,2024-03-21,Delivered,1191,77.32,69.21,41,Non-Compliant,10.0,,0.0344,8.11,9659.01,Logistics transit buffer,Vendor reported short-term freight dispatch delay.,Supplier offered expedited freight.,Accepted with Warning,Delivered in 10 days.,803.91,synthetic_demo,True
PO-00065,SteelCore,Structural Steel,2023-05-17,2023-06-04,Delivered,1596,225.03,206.74,45,Compliant,18.0,,0.0282,18.29,29190.84,Logistics transit buffer,Vendor reported short-term freight dispatch delay.,Supplier offered expedited freight.,Accepted with Warning,Delivered in 18 days.,612.49,synthetic_demo,True
PO-00066,SteelCore,Structural Steel,2024-03-12,2024-03-27,Partially Delivered,580,192.91,172.85,22,Non-Compliant,15.0,,0.0379,20.06,11634.8,Logistics transit buffer,Vendor reported short-term freight dispatch delay.,Supplier offered expedited freight.,Accepted with Warning,Delivered in 15 days.,817.08,synthetic_demo,True
PO-00067,SteelCore,Structural Steel,2024-06-17,2024-07-05,Delivered,1511,85.72,81.68,0,Compliant,18.0,,0.0,4.04,6104.44,Logistics transit buffer,Vendor reported short-term freight dispatch delay.,Supplier offered expedited freight.,Accepted with Warning,Delivered in 18 days.,771.83,synthetic_demo,True
PO-00068,SteelCore,Structural Steel,2024-07-07,2024-07-27,Delivered,488,34.77,32.66,43,Non-Compliant,20.0,,0.0881,2.11,1029.68,Summer seasonal port customs backlog and factory heat-treatment calibration delay,SteelCore reported sub-tier furnace maintenance and regional port congestion.,Batch quarantined; supplier dispatched technical team and offered 5% credit.,Conditional Approval with Penalty,Delivered after 20 days with 8.9% defect rate.,3416.83,synthetic_demo,True
PO-00069,SteelCore,Structural Steel,2024-04-22,2024-04-30,Delivered,910,109.58,98.95,0,Compliant,8.0,,0.0,10.63,9673.3,,Fulfillment completed within standard operational window.,Standard warehouse acceptance.,Standard Approval,Successful procurement outcome.,0.0,synthetic_demo,True
PO-00070,SteelCore,Structural Steel,2024-08-12,2024-09-06,Delivered,1797,225.08,201.77,144,Non-Compliant,25.0,,0.0801,23.31,41888.07,Summer seasonal port customs backlog and factory heat-treatment calibration delay,SteelCore reported sub-tier furnace maintenance and regional port congestion.,Batch quarantined; supplier dispatched technical team and offered 5% credit.,Conditional Approval with Penalty,Delivered after 25 days with 8.0% defect rate.,7020.85,synthetic_demo,True
PO-00071,SteelCore,Structural Steel,2024-07-13,2024-08-03,Partially Delivered,846,97.31,88.76,92,Non-Compliant,21.0,,0.1087,8.55,7233.3,Summer seasonal port customs backlog and factory heat-treatment calibration delay,SteelCore reported sub-tier furnace maintenance and regional port congestion.,Batch quarantined; supplier dispatched technical team and offered 5% credit.,Conditional Approval with Penalty,Delivered after 21 days with 10.9% defect rate.,5413.85,synthetic_demo,True
PO-00072,SteelCore,Structural Steel,2023-06-19,2023-06-29,Delivered,1262,149.81,146.41,34,Compliant,10.0,,0.0269,3.4,4290.8,Logistics transit buffer,Vendor reported short-term freight dispatch delay.,Supplier offered expedited freight.,Accepted with Warning,Delivered in 10 days.,1379.01,synthetic_demo,True
PO-00073,SteelCore,Structural Steel,2023-05-19,2023-05-29,Delivered,826,95.29,89.05,0,Compliant,10.0,,0.0,6.24,5154.24,,Fulfillment completed within standard operational window.,Standard warehouse acceptance.,Standard Approval,Successful procurement outcome.,0.0,synthetic_demo,True
PO-00074,SteelCore,Structural Steel,2024-01-24,2024-02-13,Delivered,1013,24.46,22.65,21,Compliant,20.0,,0.0207,1.81,1833.53,Logistics transit buffer,Vendor reported short-term freight dispatch delay.,Supplier offered expedited freight.,Accepted with Warning,Delivered in 20 days.,1285.38,synthetic_demo,True
PO-00075,SteelCore,Structural Steel,2023-08-18,2023-09-06,Partially Delivered,1994,76.88,68.89,253,Compliant,19.0,,0.1269,7.99,15932.06,Summer seasonal port customs backlog and factory heat-treatment calibration delay,SteelCore reported sub-tier furnace maintenance and regional port congestion.,Batch quarantined; supplier dispatched technical team and offered 5% credit.,Conditional Approval with Penalty,Delivered after 19 days with 12.7% defect rate.,7025.4,synthetic_demo,True
PO-00076,SteelCore,Structural Steel,2023-09-02,2023-09-13,Delivered,284,149.71,143.45,6,Compliant,11.0,,0.0211,6.26,1777.84,,SteelCore fulfilled order within target timeline following tooling upgrade.,Standard warehouse receipt and quality sign-off.,Standard Approval,Successful fulfillment; delivered on-time in 11 days.,0.0,synthetic_demo,True
PO-00077,SteelCore,Structural Steel,2024-01-13,2024-01-30,Delivered,1727,57.67,54.72,65,Non-Compliant,17.0,,0.0376,2.95,5094.65,Logistics transit buffer,Vendor reported short-term freight dispatch delay.,Supplier offered expedited freight.,Accepted with Warning,Delivered in 17 days.,348.89,synthetic_demo,True
PO-00078,SteelCore,Structural Steel,2023-11-16,2023-11-29,Delivered,1514,65.62,60.42,27,Compliant,13.0,,0.0178,5.2,7872.8,,SteelCore fulfilled order within target timeline following tooling upgrade.,Standard warehouse receipt and quality sign-off.,Standard Approval,Successful fulfillment; delivered on-time in 13 days.,0.0,synthetic_demo,True
PO-00079,SteelCore,Structural Steel,2023-04-15,,Cancelled,1632,89.36,81.46,0,Non-Compliant,,,0.0,7.9,12892.8,Order cancellation due to stock shortage,Vendor confirmed temporary inventory exhaustion.,Purchase order terminated.,Order Cancelled,Order cancelled.,1000.0,synthetic_demo,True
PO-00080,SteelCore,Structural Steel,2024-08-02,2024-08-25,Delivered,1376,98.48,88.14,154,Compliant,23.0,,0.1119,10.34,14227.84,Summer seasonal port customs backlog and factory heat-treatment calibration delay,SteelCore reported sub-tier furnace maintenance and regional port congestion.,Batch quarantined; supplier dispatched technical team and offered 5% credit.,Conditional Approval with Penalty,Delivered after 23 days with 11.2% defect rate.,2913.74,synthetic_demo,True
PO-00081,SteelCore,Structural Steel,2023-04-19,2023-05-02,Delivered,941,60.51,56.14,39,Non-Compliant,13.0,,0.0414,4.37,4112.17,Logistics transit buffer,Vendor reported short-term freight dispatch delay.,Supplier offered expedited freight.,Accepted with Warning,Delivered in 13 days.,1119.5,synthetic_demo,True
PO-00082,SteelCore,Structural Steel,2024-09-22,2024-10-05,Delivered,1741,188.14,179.33,34,Compliant,13.0,,0.0195,8.81,15338.21,,SteelCore fulfilled order within target timeline following tooling upgrade.,Standard warehouse receipt and quality sign-off.,Standard Approval,Successful fulfillment; delivered on-time in 13 days.,0.0,synthetic_demo,True
PO-00083,SteelCore,Structural Steel,2023-03-30,2023-04-14,Delivered,1001,151.07,137.95,0,Compliant,15.0,,0.0,13.12,13133.12,,Fulfillment completed within standard operational window.,Standard warehouse acceptance.,Standard Approval,Successful procurement outcome.,0.0,synthetic_demo,True
PO-00084,SteelCore,Structural Steel,2023-01-30,2023-02-12,Delivered,484,101.61,96.95,0,Compliant,13.0,,0.0,4.66,2255.44,,Fulfillment completed within standard operational window.,Standard warehouse acceptance.,Standard Approval,Successful procurement outcome.,0.0,synthetic_demo,True
PO-00085,SteelCore,Structural Steel,2024-09-02,2024-09-14,Delivered,1108,238.05,231.25,23,Compliant,12.0,,0.0208,6.8,7534.4,,SteelCore fulfilled order within target timeline following tooling upgrade.,Standard warehouse receipt and quality sign-off.,Standard Approval,Successful fulfillment; delivered on-time in 12 days.,0.0,synthetic_demo,True
PO-00086,SteelCore,Structural Steel,2024-05-15,2024-06-04,Partially Delivered,1507,132.89,119.69,0,Compliant,20.0,,0.0,13.2,19892.4,Logistics transit buffer,Vendor reported short-term freight dispatch delay.,Supplier offered expedited freight.,Accepted with Warning,Delivered in 20 days.,818.92,synthetic_demo,True
PO-00087,SteelCore,Structural Steel,2023-10-29,2023-11-09,Delivered,548,90.43,83.36,10,Compliant,11.0,,0.0182,7.07,3874.36,,SteelCore fulfilled order within target timeline following tooling upgrade.,Standard warehouse receipt and quality sign-off.,Standard Approval,Successful fulfillment; delivered on-time in 11 days.,0.0,synthetic_demo,True
PO-00088,SteelCore,Structural Steel,2024-07-20,2024-08-12,Partially Delivered,1489,124.36,118.06,157,Compliant,23.0,,0.1054,6.3,9380.7,Summer seasonal port customs backlog and factory heat-treatment calibration delay,SteelCore reported sub-tier furnace maintenance and regional port congestion.,Batch quarantined; supplier dispatched technical team and offered 5% credit.,Conditional Approval with Penalty,Delivered after 23 days with 10.6% defect rate.,4484.75,synthetic_demo,True
PO-00089,SteelCore,Structural Steel,2023-05-04,,Cancelled,444,92.58,83.85,0,Non-Compliant,,,0.0,8.73,3876.12,Order cancellation due to stock shortage,Vendor confirmed temporary inventory exhaustion.,Purchase order terminated.,Order Cancelled,Order cancelled.,1000.0,synthetic_demo,True
PO-00090,SteelCore,Structural Steel,2023-07-16,2023-08-10,Delivered,1272,85.09,82.53,123,Non-Compliant,25.0,,0.0967,2.56,3256.32,Summer seasonal port customs backlog and factory heat-treatment calibration delay,SteelCore reported sub-tier furnace maintenance and regional port congestion.,Batch quarantined; supplier dispatched technical team and offered 5% credit.,Conditional Approval with Penalty,Delivered after 25 days with 9.7% defect rate.,7061.25,synthetic_demo,True
PO-00091,SteelCore,Structural Steel,2023-10-31,2023-11-11,Delivered,669,23.25,21.54,12,Compliant,11.0,,0.0179,1.71,1143.99,,SteelCore fulfilled order within target timeline following tooling upgrade.,Standard warehouse receipt and quality sign-off.,Standard Approval,Successful fulfillment; delivered on-time in 11 days.,0.0,synthetic_demo,True
PO-00092,SteelCore,Structural Steel,2023-02-16,2023-03-04,Delivered,1356,219.75,204.57,0,Compliant,16.0,,0.0,15.18,20584.08,Logistics transit buffer,Vendor reported short-term freight dispatch delay.,Supplier offered expedited freight.,Accepted with Warning,Delivered in 16 days.,1427.32,synthetic_demo,True
PO-00093,SteelCore,Structural Steel,2024-08-10,2024-09-04,Delivered,567,236.44,220.42,62,Non-Compliant,25.0,,0.1093,16.02,9083.34,Summer seasonal port customs backlog and factory heat-treatment calibration delay,SteelCore reported sub-tier furnace maintenance and regional port congestion.,Batch quarantined; supplier dispatched technical team and offered 5% credit.,Conditional Approval with Penalty,Delivered after 25 days with 10.9% defect rate.,8292.99,synthetic_demo,True
PO-00094,SteelCore,Structural Steel,2024-02-15,2024-02-24,Delivered,1711,149.45,141.92,59,Non-Compliant,9.0,,0.0345,7.53,12883.83,Logistics transit buffer,Vendor reported short-term freight dispatch delay.,Supplier offered expedited freight.,Accepted with Warning,Delivered in 9 days.,397.25,synthetic_demo,True
PO-00095,SteelCore,Structural Steel,2023-05-02,2023-05-22,Partially Delivered,1638,140.19,131.07,49,Compliant,20.0,,0.0299,9.12,14938.56,Logistics transit buffer,Vendor reported short-term freight dispatch delay.,Supplier offered expedited freight.,Accepted with Warning,Delivered in 20 days.,1003.94,synthetic_demo,True
PO-00096,SteelCore,Structural Steel,2023-11-01,2023-11-14,Delivered,1321,33.85,29.92,21,Compliant,13.0,,0.0159,3.93,5191.53,,SteelCore fulfilled order within target timeline following tooling upgrade.,Standard warehouse receipt and quality sign-off.,Standard Approval,Successful fulfillment; delivered on-time in 13 days.,0.0,synthetic_demo,True
PO-00097,SteelCore,Structural Steel,2023-08-01,2023-08-22,Partially Delivered,1180,37.26,36.5,113,Non-Compliant,21.0,,0.0958,0.76,896.8,Summer seasonal port customs backlog and factory heat-treatment calibration delay,SteelCore reported sub-tier furnace maintenance and regional port congestion.,Batch quarantined; supplier dispatched technical team and offered 5% credit.,Conditional Approval with Penalty,Delivered after 21 days with 9.6% defect rate.,3939.19,synthetic_demo,True
PO-00098,SteelCore,Structural Steel,2024-12-06,2024-12-19,Delivered,524,86.26,82.1,8,Compliant,13.0,,0.0153,4.16,2179.84,,SteelCore fulfilled order within target timeline following tooling upgrade.,Standard warehouse receipt and quality sign-off.,Standard Approval,Successful fulfillment; delivered on-time in 13 days.,0.0,synthetic_demo,True
PO-00099,SteelCore,Structural Steel,2023-03-14,,Cancelled,528,232.5,209.53,0,Non-Compliant,,,0.0,22.97,12128.16,Order cancellation due to stock shortage,Vendor confirmed temporary inventory exhaustion.,Purchase order terminated.,Order Cancelled,Order cancelled.,1000.0,synthetic_demo,True
PO-00100,SteelCore,Structural Steel,2024-03-11,2024-03-27,Delivered,594,210.13,204.43,0,Compliant,16.0,,0.0,5.7,3385.8,Logistics transit buffer,Vendor reported short-term freight dispatch delay.,Supplier offered expedited freight.,Accepted with Warning,Delivered in 16 days.,393.69,synthetic_demo,True
PO-00101,MetalWorks,Structural Steel,2023-11-11,2023-11-22,Delivered,1009,178.4,162.35,6,Compliant,11.0,,0.0059,16.05,16194.45,,MetalWorks completed fulfillment according to primary SLA.,Standard receipt.,Standard Approval,Flawless fulfillment; zero defect threshold maintained.,0.0,synthetic_demo,True
PO-00102,MetalWorks,Structural Steel,2024-05-27,2024-06-08,Delivered,1274,29.17,27.33,7,Compliant,12.0,,0.0055,1.84,2344.16,,MetalWorks completed fulfillment according to primary SLA.,Standard receipt.,Standard Approval,Flawless fulfillment; zero defect threshold maintained.,0.0,synthetic_demo,True
PO-00103,MetalWorks,Structural Steel,2024-09-10,2024-09-21,Delivered,518,241.24,216.25,1,Compliant,11.0,,0.0019,24.99,12944.82,,MetalWorks completed fulfillment according to primary SLA.,Standard receipt.,Standard Approval,Flawless fulfillment; zero defect threshold maintained.,0.0,synthetic_demo,True
PO-00104,MetalWorks,Structural Steel,2024-11-19,2024-11-30,Delivered,1612,193.94,180.94,11,Compliant,11.0,,0.0068,13.0,20956.0,,MetalWorks completed fulfillment according to primary SLA.,Standard receipt.,Standard Approval,Flawless fulfillment; zero defect threshold maintained.,0.0,synthetic_demo,True
PO-00105,MetalWorks,Structural Steel,2023-10-12,2023-10-22,Delivered,942,166.0,154.52,9,Compliant,10.0,,0.0096,11.48,10814.16,,MetalWorks completed fulfillment according to primary SLA.,Standard receipt.,Standard Approval,Flawless fulfillment; zero defect threshold maintained.,0.0,synthetic_demo,True
PO-00106,MetalWorks,Structural Steel,2024-04-26,2024-05-07,Delivered,707,174.13,155.71,4,Compliant,11.0,,0.0057,18.42,13022.94,,MetalWorks completed fulfillment according to primary SLA.,Standard receipt.,Standard Approval,Flawless fulfillment; zero defect threshold maintained.,0.0,synthetic_demo,True
PO-00107,MetalWorks,Structural Steel,2024-02-26,2024-03-09,Delivered,1985,112.1,101.33,9,Compliant,12.0,,0.0045,10.77,21378.45,,MetalWorks completed fulfillment according to primary SLA.,Standard receipt.,Standard Approval,Flawless fulfillment; zero defect threshold maintained.,0.0,synthetic_demo,True
PO-00108,MetalWorks,Structural Steel,2024-04-10,2024-04-19,Delivered,712,46.66,42.12,3,Compliant,9.0,,0.0042,4.54,3232.48,,MetalWorks completed fulfillment according to primary SLA.,Standard receipt.,Standard Approval,Flawless fulfillment; zero defect threshold maintained.,0.0,synthetic_demo,True
PO-00109,MetalWorks,Structural Steel,2023-01-02,2023-01-14,Delivered,434,139.24,127.79,2,Compliant,12.0,,0.0046,11.45,4969.3,,MetalWorks completed fulfillment according to primary SLA.,Standard receipt.,Standard Approval,Flawless fulfillment; zero defect threshold maintained.,0.0,synthetic_demo,True
PO-00110,MetalWorks,Structural Steel,2024-10-02,2024-10-14,Delivered,466,81.42,78.72,4,Compliant,12.0,,0.0086,2.7,1258.2,,MetalWorks completed fulfillment according to primary SLA.,Standard receipt.,Standard Approval,Flawless fulfillment; zero defect threshold maintained.,0.0,synthetic_demo,True
PO-00111,MetalWorks,Structural Steel,2024-03-24,2024-04-05,Delivered,1340,160.04,153.01,4,Compliant,12.0,,0.003,7.03,9420.2,,MetalWorks completed fulfillment according to primary SLA.,Standard receipt.,Standard Approval,Flawless fulfillment; zero defect threshold maintained.,0.0,synthetic_demo,True
PO-00112,MetalWorks,Structural Steel,2023-11-15,2023-11-24,Delivered,240,71.68,64.22,2,Compliant,9.0,,0.0083,7.46,1790.4,,MetalWorks completed fulfillment according to primary SLA.,Standard receipt.,Standard Approval,Flawless fulfillment; zero defect threshold maintained.,0.0,synthetic_demo,True
PO-00113,MetalWorks,Structural Steel,2024-04-17,2024-04-26,Delivered,365,134.63,122.29,3,Compliant,9.0,,0.0082,12.34,4504.1,,MetalWorks completed fulfillment according to primary SLA.,Standard receipt.,Standard Approval,Flawless fulfillment; zero defect threshold maintained.,0.0,synthetic_demo,True
PO-00114,MetalWorks,Structural Steel,2023-10-07,2023-10-19,Delivered,1017,76.06,70.35,9,Compliant,12.0,,0.0088,5.71,5807.07,,MetalWorks completed fulfillment according to primary SLA.,Standard receipt.,Standard Approval,Flawless fulfillment; zero defect threshold maintained.,0.0,synthetic_demo,True
PO-00115,MetalWorks,Structural Steel,2023-07-15,2023-07-25,Delivered,615,197.72,176.87,5,Compliant,10.0,,0.0081,20.85,12822.75,,MetalWorks completed fulfillment according to primary SLA.,Standard receipt.,Standard Approval,Flawless fulfillment; zero defect threshold maintained.,0.0,synthetic_demo,True
PO-00116,MetalWorks,Structural Steel,2024-06-03,2024-06-14,Delivered,629,186.99,167.59,5,Compliant,11.0,,0.0079,19.4,12202.6,,MetalWorks completed fulfillment according to primary SLA.,Standard receipt.,Standard Approval,Flawless fulfillment; zero defect threshold maintained.,0.0,synthetic_demo,True
PO-00117,MetalWorks,Structural Steel,2023-06-02,2023-06-14,Delivered,756,96.46,87.17,5,Compliant,12.0,,0.0066,9.29,7023.24,,MetalWorks completed fulfillment according to primary SLA.,Standard receipt.,Standard Approval,Flawless fulfillment; zero defect threshold maintained.,0.0,synthetic_demo,True
PO-00118,MetalWorks,Structural Steel,2024-04-11,2024-04-22,Delivered,1478,74.93,70.56,13,Compliant,11.0,,0.0088,4.37,6458.86,,MetalWorks completed fulfillment according to primary SLA.,Standard receipt.,Standard Approval,Flawless fulfillment; zero defect threshold maintained.,0.0,synthetic_demo,True
PO-00119,MetalWorks,Structural Steel,2023-02-14,2023-02-25,Delivered,1494,230.09,216.72,12,Compliant,11.0,,0.008,13.37,19974.78,,MetalWorks completed fulfillment according to primary SLA.,Standard receipt.,Standard Approval,Flawless fulfillment; zero defect threshold maintained.,0.0,synthetic_demo,True
PO-00120,MetalWorks,Structural Steel,2024-05-22,2024-05-31,Delivered,1258,96.36,93.47,4,Compliant,9.0,,0.0032,2.89,3635.62,,MetalWorks completed fulfillment according to primary SLA.,Standard receipt.,Standard Approval,Flawless fulfillment; zero defect threshold maintained.,0.0,synthetic_demo,True
PO-00121,MetalWorks,Structural Steel,2023-04-13,2023-04-25,Delivered,345,114.3,104.53,1,Compliant,12.0,,0.0029,9.77,3370.65,,MetalWorks completed fulfillment according to primary SLA.,Standard receipt.,Standard Approval,Flawless fulfillment; zero defect threshold maintained.,0.0,synthetic_demo,True
PO-00122,MetalWorks,Structural Steel,2023-03-18,2023-03-30,Delivered,592,97.87,89.13,5,Compliant,12.0,,0.0084,8.74,5174.08,,MetalWorks completed fulfillment according to primary SLA.,Standard receipt.,Standard Approval,Flawless fulfillment; zero defect threshold maintained.,0.0,synthetic_demo,True
PO-00123,MetalWorks,Structural Steel,2023-12-03,2023-12-15,Delivered,1333,185.31,167.53,13,Compliant,12.0,,0.0098,17.78,23700.74,,MetalWorks completed fulfillment according to primary SLA.,Standard receipt.,Standard Approval,Flawless fulfillment; zero defect threshold maintained.,0.0,synthetic_demo,True
PO-00124,MetalWorks,Structural Steel,2023-02-06,2023-02-15,Delivered,1451,231.81,204.05,6,Compliant,9.0,,0.0041,27.76,40279.76,,MetalWorks completed fulfillment according to primary SLA.,Standard receipt.,Standard Approval,Flawless fulfillment; zero defect threshold maintained.,0.0,synthetic_demo,True
PO-00125,MetalWorks,Structural Steel,2024-03-20,2024-03-29,Delivered,1491,220.69,206.48,12,Compliant,9.0,,0.008,14.21,21187.11,,MetalWorks completed fulfillment according to primary SLA.,Standard receipt.,Standard Approval,Flawless fulfillment; zero defect threshold maintained.,0.0,synthetic_demo,True
PO-00126,MetalWorks,Structural Steel,2023-01-30,2023-02-08,Delivered,164,87.47,82.44,1,Compliant,9.0,,0.0061,5.03,824.92,,MetalWorks completed fulfillment according to primary SLA.,Standard receipt.,Standard Approval,Flawless fulfillment; zero defect threshold maintained.,0.0,synthetic_demo,True
PO-00127,MetalWorks,Structural Steel,2023-09-08,2023-09-20,Delivered,1673,61.41,59.11,11,Compliant,12.0,,0.0066,2.3,3847.9,,MetalWorks completed fulfillment according to primary SLA.,Standard receipt.,Standard Approval,Flawless fulfillment; zero defect threshold maintained.,0.0,synthetic_demo,True
PO-00128,MetalWorks,Structural Steel,2024-09-26,2024-10-06,Delivered,1244,52.92,49.42,7,Compliant,10.0,,0.0056,3.5,4354.0,,MetalWorks completed fulfillment according to primary SLA.,Standard receipt.,Standard Approval,Flawless fulfillment; zero defect threshold maintained.,0.0,synthetic_demo,True
PO-00129,MetalWorks,Structural Steel,2024-04-15,2024-04-26,Delivered,1890,205.07,182.49,14,Compliant,11.0,,0.0074,22.58,42676.2,,MetalWorks completed fulfillment according to primary SLA.,Standard receipt.,Standard Approval,Flawless fulfillment; zero defect threshold maintained.,0.0,synthetic_demo,True
PO-00130,MetalWorks,Structural Steel,2023-06-11,2023-06-20,Delivered,757,247.16,234.82,4,Compliant,9.0,,0.0053,12.34,9341.38,,MetalWorks completed fulfillment according to primary SLA.,Standard receipt.,Standard Approval,Flawless fulfillment; zero defect threshold maintained.,0.0,synthetic_demo,True
PO-00131,MetalWorks,Structural Steel,2024-12-07,2024-12-18,Delivered,668,65.82,61.97,4,Compliant,11.0,,0.006,3.85,2571.8,,MetalWorks completed fulfillment according to primary SLA.,Standard receipt.,Standard Approval,Flawless fulfillment; zero defect threshold maintained.,0.0,synthetic_demo,True
PO-00132,MetalWorks,Structural Steel,2023-04-20,2023-04-30,Delivered,785,152.21,134.06,4,Compliant,10.0,,0.0051,18.15,14247.75,,MetalWorks completed fulfillment according to primary SLA.,Standard receipt.,Standard Approval,Flawless fulfillment; zero defect threshold maintained.,0.0,synthetic_demo,True
PO-00133,MetalWorks,Structural Steel,2023-01-23,2023-02-04,Delivered,1209,218.97,197.55,5,Compliant,12.0,,0.0041,21.42,25896.78,,MetalWorks completed fulfillment according to primary SLA.,Standard receipt.,Standard Approval,Flawless fulfillment; zero defect threshold maintained.,0.0,synthetic_demo,True
PO-00134,MetalWorks,Structural Steel,2024-09-12,2024-09-24,Delivered,1899,85.82,77.25,16,Compliant,12.0,,0.0084,8.57,16274.43,,MetalWorks completed fulfillment according to primary SLA.,Standard receipt.,Standard Approval,Flawless fulfillment; zero defect threshold maintained.,0.0,synthetic_demo,True
PO-00135,MetalWorks,Structural Steel,2023-08-13,2023-08-23,Delivered,1438,193.78,175.03,10,Compliant,10.0,,0.007,18.75,26962.5,,MetalWorks completed fulfillment according to primary SLA.,Standard receipt.,Standard Approval,Flawless fulfillment; zero defect threshold maintained.,0.0,synthetic_demo,True
PO-00136,MetalWorks,Structural Steel,2024-10-05,2024-10-14,Delivered,1373,29.07,26.2,13,Compliant,9.0,,0.0095,2.87,3940.51,,MetalWorks completed fulfillment according to primary SLA.,Standard receipt.,Standard Approval,Flawless fulfillment; zero defect threshold maintained.,0.0,synthetic_demo,True
PO-00137,MetalWorks,Structural Steel,2024-08-16,2024-08-27,Delivered,234,229.21,217.14,2,Compliant,11.0,,0.0085,12.07,2824.38,,MetalWorks completed fulfillment according to primary SLA.,Standard receipt.,Standard Approval,Flawless fulfillment; zero defect threshold maintained.,0.0,synthetic_demo,True
PO-00138,MetalWorks,Structural Steel,2023-06-29,2023-07-09,Delivered,1154,221.59,209.05,4,Compliant,10.0,,0.0035,12.54,14471.16,,MetalWorks completed fulfillment according to primary SLA.,Standard receipt.,Standard Approval,Flawless fulfillment; zero defect threshold maintained.,0.0,synthetic_demo,True
PO-00139,MetalWorks,Structural Steel,2023-10-07,2023-10-17,Delivered,1738,237.16,209.47,7,Compliant,10.0,,0.004,27.69,48125.22,,MetalWorks completed fulfillment according to primary SLA.,Standard receipt.,Standard Approval,Flawless fulfillment; zero defect threshold maintained.,0.0,synthetic_demo,True
PO-00140,MetalWorks,Structural Steel,2023-12-13,2023-12-22,Delivered,204,52.37,46.26,1,Compliant,9.0,,0.0049,6.11,1246.44,,MetalWorks completed fulfillment according to primary SLA.,Standard receipt.,Standard Approval,Flawless fulfillment; zero defect threshold maintained.,0.0,synthetic_demo,True
PO-00141,MetalWorks,Structural Steel,2024-07-24,2024-08-04,Delivered,858,23.2,21.49,2,Compliant,11.0,,0.0023,1.71,1467.18,,MetalWorks completed fulfillment according to primary SLA.,Standard receipt.,Standard Approval,Flawless fulfillment; zero defect threshold maintained.,0.0,synthetic_demo,True
PO-00142,MetalWorks,Structural Steel,2024-01-13,2024-01-24,Delivered,1734,166.87,157.33,12,Compliant,11.0,,0.0069,9.54,16542.36,,MetalWorks completed fulfillment according to primary SLA.,Standard receipt.,Standard Approval,Flawless fulfillment; zero defect threshold maintained.,0.0,synthetic_demo,True
PO-00143,MetalWorks,Structural Steel,2024-04-27,2024-05-06,Delivered,1981,149.12,132.49,14,Compliant,9.0,,0.0071,16.63,32944.03,,MetalWorks completed fulfillment according to primary SLA.,Standard receipt.,Standard Approval,Flawless fulfillment; zero defect threshold maintained.,0.0,synthetic_demo,True
PO-00144,MetalWorks,Structural Steel,2024-10-25,2024-11-03,Delivered,1000,229.16,217.65,7,Compliant,9.0,,0.007,11.51,11510.0,,MetalWorks completed fulfillment according to primary SLA.,Standard receipt.,Standard Approval,Flawless fulfillment; zero defect threshold maintained.,0.0,synthetic_demo,True
PO-00145,MetalWorks,Structural Steel,2023-04-30,2023-05-10,Delivered,126,90.0,83.77,0,Compliant,10.0,,0.0,6.23,784.98,,MetalWorks completed fulfillment according to primary SLA.,Standard receipt.,Standard Approval,Flawless fulfillment; zero defect threshold maintained.,0.0,synthetic_demo,True
PO-00146,MetalWorks,Structural Steel,2023-08-29,2023-09-08,Delivered,809,174.21,157.78,4,Compliant,10.0,,0.0049,16.43,13291.87,,MetalWorks completed fulfillment according to primary SLA.,Standard receipt.,Standard Approval,Flawless fulfillment; zero defect threshold maintained.,0.0,synthetic_demo,True
PO-00147,MetalWorks,Structural Steel,2024-03-05,2024-03-15,Delivered,1391,42.77,39.82,13,Compliant,10.0,,0.0093,2.95,4103.45,,MetalWorks completed fulfillment according to primary SLA.,Standard receipt.,Standard Approval,Flawless fulfillment; zero defect threshold maintained.,0.0,synthetic_demo,True
PO-00148,MetalWorks,Structural Steel,2023-10-14,2023-10-23,Delivered,494,121.98,107.95,4,Compliant,9.0,,0.0081,14.03,6930.82,,MetalWorks completed fulfillment according to primary SLA.,Standard receipt.,Standard Approval,Flawless fulfillment; zero defect threshold maintained.,0.0,synthetic_demo,True
PO-00149,MetalWorks,Structural Steel,2023-04-12,2023-04-23,Delivered,1370,102.49,96.36,9,Compliant,11.0,,0.0066,6.13,8398.1,,MetalWorks completed fulfillment according to primary SLA.,Standard receipt.,Standard Approval,Flawless fulfillment; zero defect threshold maintained.,0.0,synthetic_demo,True
PO-00150,MetalWorks,Structural Steel,2023-05-06,2023-05-18,Delivered,484,167.59,154.23,1,Compliant,12.0,,0.0021,13.36,6466.24,,MetalWorks completed fulfillment according to primary SLA.,Standard receipt.,Standard Approval,Flawless fulfillment; zero defect threshold maintained.,0.0,synthetic_demo,True
PO-00151,MetalWorks,Structural Steel,2023-02-21,2023-03-04,Delivered,307,201.0,192.86,1,Compliant,11.0,,0.0033,8.14,2498.98,,MetalWorks completed fulfillment according to primary SLA.,Standard receipt.,Standard Approval,Flawless fulfillment; zero defect threshold maintained.,0.0,synthetic_demo,True
PO-00152,MetalWorks,Structural Steel,2023-08-01,2023-08-11,Delivered,527,95.57,92.25,4,Compliant,10.0,,0.0076,3.32,1749.64,,MetalWorks completed fulfillment according to primary SLA.,Standard receipt.,Standard Approval,Flawless fulfillment; zero defect threshold maintained.,0.0,synthetic_demo,True
PO-00153,MetalWorks,Structural Steel,2023-10-11,2023-10-21,Delivered,1156,77.65,74.74,11,Compliant,10.0,,0.0095,2.91,3363.96,,MetalWorks completed fulfillment according to primary SLA.,Standard receipt.,Standard Approval,Flawless fulfillment; zero defect threshold maintained.,0.0,synthetic_demo,True
PO-00154,MetalWorks,Structural Steel,2023-05-15,2023-05-24,Delivered,1664,74.72,70.81,8,Compliant,9.0,,0.0048,3.91,6506.24,,MetalWorks completed fulfillment according to primary SLA.,Standard receipt.,Standard Approval,Flawless fulfillment; zero defect threshold maintained.,0.0,synthetic_demo,True
PO-00155,MetalWorks,Structural Steel,2023-09-29,2023-10-08,Delivered,912,141.0,127.67,3,Compliant,9.0,,0.0033,13.33,12156.96,,MetalWorks completed fulfillment according to primary SLA.,Standard receipt.,Standard Approval,Flawless fulfillment; zero defect threshold maintained.,0.0,synthetic_demo,True
PO-00156,MetalWorks,Structural Steel,2024-04-04,2024-04-15,Delivered,273,123.96,118.73,2,Compliant,11.0,,0.0073,5.23,1427.79,,MetalWorks completed fulfillment according to primary SLA.,Standard receipt.,Standard Approval,Flawless fulfillment; zero defect threshold maintained.,0.0,synthetic_demo,True
PO-00157,MetalWorks,Structural Steel,2024-11-05,2024-11-16,Delivered,113,33.99,31.68,1,Compliant,11.0,,0.0088,2.31,261.03,,MetalWorks completed fulfillment according to primary SLA.,Standard receipt.,Standard Approval,Flawless fulfillment; zero defect threshold maintained.,0.0,synthetic_demo,True
PO-00158,MetalWorks,Structural Steel,2024-03-12,2024-03-21,Delivered,1913,122.02,108.61,11,Compliant,9.0,,0.0058,13.41,25653.33,,MetalWorks completed fulfillment according to primary SLA.,Standard receipt.,Standard Approval,Flawless fulfillment; zero defect threshold maintained.,0.0,synthetic_demo,True
PO-00159,MetalWorks,Structural Steel,2024-09-14,2024-09-24,Delivered,613,163.59,150.74,2,Compliant,10.0,,0.0033,12.85,7877.05,,MetalWorks completed fulfillment according to primary SLA.,Standard receipt.,Standard Approval,Flawless fulfillment; zero defect threshold maintained.,0.0,synthetic_demo,True
PO-00160,MetalWorks,Structural Steel,2024-01-26,2024-02-06,Delivered,1289,118.95,107.14,7,Compliant,11.0,,0.0054,11.81,15223.09,,MetalWorks completed fulfillment according to primary SLA.,Standard receipt.,Standard Approval,Flawless fulfillment; zero defect threshold maintained.,0.0,synthetic_demo,True
PO-00161,MetalWorks,Structural Steel,2024-11-01,2024-11-11,Delivered,1868,72.55,68.64,10,Compliant,10.0,,0.0054,3.91,7303.88,,MetalWorks completed fulfillment according to primary SLA.,Standard receipt.,Standard Approval,Flawless fulfillment; zero defect threshold maintained.,0.0,synthetic_demo,True
PO-00162,MetalWorks,Structural Steel,2024-02-13,2024-02-25,Delivered,690,118.16,107.94,5,Compliant,12.0,,0.0072,10.22,7051.8,,MetalWorks completed fulfillment according to primary SLA.,Standard receipt.,Standard Approval,Flawless fulfillment; zero defect threshold maintained.,0.0,synthetic_demo,True
PO-00163,MetalWorks,Structural Steel,2023-06-06,2023-06-18,Delivered,1753,39.63,37.13,4,Compliant,12.0,,0.0023,2.5,4382.5,,MetalWorks completed fulfillment according to primary SLA.,Standard receipt.,Standard Approval,Flawless fulfillment; zero defect threshold maintained.,0.0,synthetic_demo,True
PO-00164,MetalWorks,Structural Steel,2023-05-14,2023-05-23,Delivered,1200,149.19,136.21,8,Compliant,9.0,,0.0067,12.98,15576.0,,MetalWorks completed fulfillment according to primary SLA.,Standard receipt.,Standard Approval,Flawless fulfillment; zero defect threshold maintained.,0.0,synthetic_demo,True
PO-00165,MetalWorks,Structural Steel,2023-12-29,2024-01-10,Delivered,1526,31.83,30.28,14,Compliant,12.0,,0.0092,1.55,2365.3,,MetalWorks completed fulfillment according to primary SLA.,Standard receipt.,Standard Approval,Flawless fulfillment; zero defect threshold maintained.,0.0,synthetic_demo,True
PO-00166,MetalWorks,Structural Steel,2023-12-27,2024-01-05,Delivered,485,55.59,51.8,3,Compliant,9.0,,0.0062,3.79,1838.15,,MetalWorks completed fulfillment according to primary SLA.,Standard receipt.,Standard Approval,Flawless fulfillment; zero defect threshold maintained.,0.0,synthetic_demo,True
PO-00167,MetalWorks,Structural Steel,2023-12-25,2024-01-05,Delivered,620,152.04,136.73,2,Compliant,11.0,,0.0032,15.31,9492.2,,MetalWorks completed fulfillment according to primary SLA.,Standard receipt.,Standard Approval,Flawless fulfillment; zero defect threshold maintained.,0.0,synthetic_demo,True
PO-00168,MetalWorks,Structural Steel,2024-09-28,2024-10-07,Delivered,1397,210.78,200.93,10,Compliant,9.0,,0.0072,9.85,13760.45,,MetalWorks completed fulfillment according to primary SLA.,Standard receipt.,Standard Approval,Flawless fulfillment; zero defect threshold maintained.,0.0,synthetic_demo,True
PO-00169,MetalWorks,Structural Steel,2023-10-07,2023-10-18,Delivered,768,21.4,19.11,7,Compliant,11.0,,0.0091,2.29,1758.72,,MetalWorks completed fulfillment according to primary SLA.,Standard receipt.,Standard Approval,Flawless fulfillment; zero defect threshold maintained.,0.0,synthetic_demo,True
PO-00170,MetalWorks,Structural Steel,2023-03-13,2023-03-23,Delivered,112,41.1,38.1,1,Compliant,10.0,,0.0089,3.0,336.0,,MetalWorks completed fulfillment according to primary SLA.,Standard receipt.,Standard Approval,Flawless fulfillment; zero defect threshold maintained.,0.0,synthetic_demo,True
PO-00171,MetalWorks,Structural Steel,2024-03-05,2024-03-17,Delivered,807,91.68,86.87,4,Compliant,12.0,,0.005,4.81,3881.67,,MetalWorks completed fulfillment according to primary SLA.,Standard receipt.,Standard Approval,Flawless fulfillment; zero defect threshold maintained.,0.0,synthetic_demo,True
PO-00172,MetalWorks,Structural Steel,2023-02-23,2023-03-05,Delivered,1315,31.45,30.56,4,Compliant,10.0,,0.003,0.89,1170.35,,MetalWorks completed fulfillment according to primary SLA.,Standard receipt.,Standard Approval,Flawless fulfillment; zero defect threshold maintained.,0.0,synthetic_demo,True
PO-00173,MetalWorks,Structural Steel,2024-11-08,2024-11-20,Delivered,955,115.26,110.47,6,Compliant,12.0,,0.0063,4.79,4574.45,,MetalWorks completed fulfillment according to primary SLA.,Standard receipt.,Standard Approval,Flawless fulfillment; zero defect threshold maintained.,0.0,synthetic_demo,True
PO-00174,MetalWorks,Structural Steel,2023-04-27,2023-05-08,Delivered,630,175.99,162.03,3,Compliant,11.0,,0.0048,13.96,8794.8,,MetalWorks completed fulfillment according to primary SLA.,Standard receipt.,Standard Approval,Flawless fulfillment; zero defect threshold maintained.,0.0,synthetic_demo,True
PO-00175,MetalWorks,Structural Steel,2024-11-14,2024-11-25,Delivered,859,246.42,240.14,2,Compliant,11.0,,0.0023,6.28,5394.52,,MetalWorks completed fulfillment according to primary SLA.,Standard receipt.,Standard Approval,Flawless fulfillment; zero defect threshold maintained.,0.0,synthetic_demo,True
PO-00176,MetalWorks,Structural Steel,2023-11-05,2023-11-15,Delivered,1615,78.77,74.61,13,Compliant,10.0,,0.008,4.16,6718.4,,MetalWorks completed fulfillment according to primary SLA.,Standard receipt.,Standard Approval,Flawless fulfillment; zero defect threshold maintained.,0.0,synthetic_demo,True
PO-00177,MetalWorks,Structural Steel,2024-05-24,2024-06-05,Delivered,828,142.49,136.36,3,Compliant,12.0,,0.0036,6.13,5075.64,,MetalWorks completed fulfillment according to primary SLA.,Standard receipt.,Standard Approval,Flawless fulfillment; zero defect threshold maintained.,0.0,synthetic_demo,True
PO-00178,MetalWorks,Structural Steel,2024-11-15,2024-11-26,Delivered,1814,190.67,178.54,5,Compliant,11.0,,0.0028,12.13,22003.82,,MetalWorks completed fulfillment according to primary SLA.,Standard receipt.,Standard Approval,Flawless fulfillment; zero defect threshold maintained.,0.0,synthetic_demo,True
PO-00179,MetalWorks,Structural Steel,2023-03-21,2023-04-01,Delivered,1224,113.02,103.52,8,Compliant,11.0,,0.0065,9.5,11628.0,,MetalWorks completed fulfillment according to primary SLA.,Standard receipt.,Standard Approval,Flawless fulfillment; zero defect threshold maintained.,0.0,synthetic_demo,True
PO-00180,MetalWorks,Structural Steel,2023-04-28,2023-05-10,Delivered,715,59.53,52.7,2,Compliant,12.0,,0.0028,6.83,4883.45,,MetalWorks completed fulfillment according to primary SLA.,Standard receipt.,Standard Approval,Flawless fulfillment; zero defect threshold maintained.,0.0,synthetic_demo,True
PO-00181,PrimeSteel,Structural Steel,2024-12-07,2024-12-20,Delivered,266,75.96,69.97,8,Compliant,13.0,,0.0301,5.99,1593.34,Standard transit schedule,PrimeSteel fulfilled order with minor lead time variance.,Standard inspection and receipt.,Standard Approval,Delivered in 13 days with minor defect rate.,0.0,synthetic_demo,True
PO-00182,PrimeSteel,Structural Steel,2023-03-22,,Cancelled,1832,91.36,86.43,0,Non-Compliant,,,0.0,4.93,9031.76,Raw ingot supply exhaustion,PrimeSteel confirmed inability to secure raw materials within required window.,Order terminated; alternative supplier sourced.,Order Cancelled,Order cancelled due to supplier fulfillment incapacity.,2500.0,synthetic_demo,True
PO-00183,PrimeSteel,Structural Steel,2023-06-22,2023-07-09,Delivered,1136,137.29,122.11,41,Compliant,17.0,,0.0361,15.18,17244.48,Standard transit schedule,PrimeSteel fulfilled order with minor lead time variance.,Standard inspection and receipt.,Standard Approval,Delivered in 17 days with minor defect rate.,0.0,synthetic_demo,True
PO-00184,PrimeSteel,Structural Steel,2023-12-26,2024-01-09,Delivered,574,65.37,60.12,13,Compliant,14.0,,0.0226,5.25,3013.5,Standard transit schedule,PrimeSteel fulfilled order with minor lead time variance.,Standard inspection and receipt.,Standard Approval,Delivered in 14 days with minor defect rate.,0.0,synthetic_demo,True
PO-00185,PrimeSteel,Structural Steel,2023-07-01,,Cancelled,1000,193.52,174.94,0,Non-Compliant,,,0.0,18.58,18580.0,Raw ingot supply exhaustion,PrimeSteel confirmed inability to secure raw materials within required window.,Order terminated; alternative supplier sourced.,Order Cancelled,Order cancelled due to supplier fulfillment incapacity.,2500.0,synthetic_demo,True
PO-00186,PrimeSteel,Structural Steel,2024-11-28,2024-12-13,Delivered,189,127.85,117.22,4,Compliant,15.0,,0.0212,10.63,2009.07,Standard transit schedule,PrimeSteel fulfilled order with minor lead time variance.,Standard inspection and receipt.,Standard Approval,Delivered in 15 days with minor defect rate.,0.0,synthetic_demo,True
PO-00187,PrimeSteel,Structural Steel,2024-08-28,2024-09-12,Delivered,685,126.2,123.2,22,Compliant,15.0,,0.0321,3.0,2055.0,Standard transit schedule,PrimeSteel fulfilled order with minor lead time variance.,Standard inspection and receipt.,Standard Approval,Delivered in 15 days with minor defect rate.,0.0,synthetic_demo,True
PO-00188,PrimeSteel,Structural Steel,2023-10-21,2023-11-03,Delivered,1088,108.43,99.97,38,Compliant,13.0,,0.0349,8.46,9204.48,Standard transit schedule,PrimeSteel fulfilled order with minor lead time variance.,Standard inspection and receipt.,Standard Approval,Delivered in 13 days with minor defect rate.,0.0,synthetic_demo,True
PO-00189,PrimeSteel,Structural Steel,2024-04-05,2024-04-20,Delivered,1076,54.7,53.27,38,Compliant,15.0,,0.0353,1.43,1538.68,Standard transit schedule,PrimeSteel fulfilled order with minor lead time variance.,Standard inspection and receipt.,Standard Approval,Delivered in 15 days with minor defect rate.,0.0,synthetic_demo,True
PO-00190,PrimeSteel,Structural Steel,2023-12-18,2024-01-04,Delivered,130,76.98,72.07,5,Compliant,17.0,,0.0385,4.91,638.3,Standard transit schedule,PrimeSteel fulfilled order with minor lead time variance.,Standard inspection and receipt.,Standard Approval,Delivered in 17 days with minor defect rate.,0.0,synthetic_demo,True
PO-00191,PrimeSteel,Structural Steel,2024-06-20,2024-07-05,Delivered,629,109.11,98.48,18,Compliant,15.0,,0.0286,10.63,6686.27,Standard transit schedule,PrimeSteel fulfilled order with minor lead time variance.,Standard inspection and receipt.,Standard Approval,Delivered in 15 days with minor defect rate.,0.0,synthetic_demo,True
PO-00192,PrimeSteel,Structural Steel,2024-10-08,2024-10-21,Delivered,1192,176.03,167.51,34,Compliant,13.0,,0.0285,8.52,10155.84,Standard transit schedule,PrimeSteel fulfilled order with minor lead time variance.,Standard inspection and receipt.,Standard Approval,Delivered in 13 days with minor defect rate.,0.0,synthetic_demo,True
PO-00193,PrimeSteel,Structural Steel,2023-12-08,2023-12-25,Delivered,1927,100.46,88.73,71,Compliant,17.0,,0.0368,11.73,22603.71,Standard transit schedule,PrimeSteel fulfilled order with minor lead time variance.,Standard inspection and receipt.,Standard Approval,Delivered in 17 days with minor defect rate.,0.0,synthetic_demo,True
PO-00194,PrimeSteel,Structural Steel,2023-05-13,2023-05-28,Delivered,1367,202.08,181.61,46,Compliant,15.0,,0.0337,20.47,27982.49,Standard transit schedule,PrimeSteel fulfilled order with minor lead time variance.,Standard inspection and receipt.,Standard Approval,Delivered in 15 days with minor defect rate.,0.0,synthetic_demo,True
PO-00195,PrimeSteel,Structural Steel,2023-04-06,,Cancelled,1091,103.22,97.41,0,Non-Compliant,,,0.0,5.81,6338.71,Raw ingot supply exhaustion,PrimeSteel confirmed inability to secure raw materials within required window.,Order terminated; alternative supplier sourced.,Order Cancelled,Order cancelled due to supplier fulfillment incapacity.,2500.0,synthetic_demo,True
PO-00196,PrimeSteel,Structural Steel,2023-08-08,2023-08-24,Delivered,331,55.64,52.88,8,Compliant,16.0,,0.0242,2.76,913.56,Standard transit schedule,PrimeSteel fulfilled order with minor lead time variance.,Standard inspection and receipt.,Standard Approval,Delivered in 16 days with minor defect rate.,0.0,synthetic_demo,True
PO-00197,PrimeSteel,Structural Steel,2024-06-03,2024-06-18,Delivered,1315,50.14,47.25,55,Compliant,15.0,,0.0418,2.89,3800.35,Standard transit schedule,PrimeSteel fulfilled order with minor lead time variance.,Standard inspection and receipt.,Standard Approval,Delivered in 15 days with minor defect rate.,0.0,synthetic_demo,True
PO-00198,PrimeSteel,Structural Steel,2023-07-05,2023-07-21,Delivered,796,175.56,167.88,17,Compliant,16.0,,0.0214,7.68,6113.28,Standard transit schedule,PrimeSteel fulfilled order with minor lead time variance.,Standard inspection and receipt.,Standard Approval,Delivered in 16 days with minor defect rate.,0.0,synthetic_demo,True
PO-00199,PrimeSteel,Structural Steel,2024-09-17,2024-10-03,Delivered,539,91.18,81.98,14,Compliant,16.0,,0.026,9.2,4958.8,Standard transit schedule,PrimeSteel fulfilled order with minor lead time variance.,Standard inspection and receipt.,Standard Approval,Delivered in 16 days with minor defect rate.,0.0,synthetic_demo,True
PO-00200,PrimeSteel,Structural Steel,2023-07-18,2023-08-04,Delivered,995,196.97,177.7,44,Compliant,17.0,,0.0442,19.27,19173.65,Standard transit schedule,PrimeSteel fulfilled order with minor lead time variance.,Standard inspection and receipt.,Standard Approval,Delivered in 17 days with minor defect rate.,0.0,synthetic_demo,True
PO-00201,PrimeSteel,Structural Steel,2024-06-24,,Cancelled,381,207.88,187.07,0,Non-Compliant,,,0.0,20.81,7928.61,Raw ingot supply exhaustion,PrimeSteel confirmed inability to secure raw materials within required window.,Order terminated; alternative supplier sourced.,Order Cancelled,Order cancelled due to supplier fulfillment incapacity.,2500.0,synthetic_demo,True
PO-00202,PrimeSteel,Structural Steel,2023-09-14,2023-09-30,Delivered,1185,234.89,213.48,50,Compliant,16.0,,0.0422,21.41,25370.85,Standard transit schedule,PrimeSteel fulfilled order with minor lead time variance.,Standard inspection and receipt.,Standard Approval,Delivered in 16 days with minor defect rate.,0.0,synthetic_demo,True
PO-00203,PrimeSteel,Structural Steel,2023-05-08,2023-05-21,Delivered,608,123.34,114.54,24,Compliant,13.0,,0.0395,8.8,5350.4,Standard transit schedule,PrimeSteel fulfilled order with minor lead time variance.,Standard inspection and receipt.,Standard Approval,Delivered in 13 days with minor defect rate.,0.0,synthetic_demo,True
PO-00204,PrimeSteel,Structural Steel,2023-04-04,2023-04-20,Delivered,1955,26.13,25.47,82,Compliant,16.0,,0.0419,0.66,1290.3,Standard transit schedule,PrimeSteel fulfilled order with minor lead time variance.,Standard inspection and receipt.,Standard Approval,Delivered in 16 days with minor defect rate.,0.0,synthetic_demo,True
PO-00205,PrimeSteel,Structural Steel,2024-01-18,2024-02-03,Delivered,817,71.64,67.92,37,Compliant,16.0,,0.0453,3.72,3039.24,Standard transit schedule,PrimeSteel fulfilled order with minor lead time variance.,Standard inspection and receipt.,Standard Approval,Delivered in 16 days with minor defect rate.,0.0,synthetic_demo,True
PO-00206,PrimeSteel,Structural Steel,2024-10-27,2024-11-10,Delivered,637,231.0,215.47,15,Compliant,14.0,,0.0235,15.53,9892.61,Standard transit schedule,PrimeSteel fulfilled order with minor lead time variance.,Standard inspection and receipt.,Standard Approval,Delivered in 14 days with minor defect rate.,0.0,synthetic_demo,True
PO-00207,PrimeSteel,Structural Steel,2024-04-25,,Cancelled,1310,21.21,20.62,0,Non-Compliant,,,0.0,0.59,772.9,Raw ingot supply exhaustion,PrimeSteel confirmed inability to secure raw materials within required window.,Order terminated; alternative supplier sourced.,Order Cancelled,Order cancelled due to supplier fulfillment incapacity.,2500.0,synthetic_demo,True
PO-00208,PrimeSteel,Structural Steel,2023-08-09,2023-08-26,Delivered,1296,141.39,136.99,56,Compliant,17.0,,0.0432,4.4,5702.4,Standard transit schedule,PrimeSteel fulfilled order with minor lead time variance.,Standard inspection and receipt.,Standard Approval,Delivered in 17 days with minor defect rate.,0.0,synthetic_demo,True
PO-00209,PrimeSteel,Structural Steel,2023-09-01,2023-09-14,Delivered,909,166.96,153.22,19,Compliant,13.0,,0.0209,13.74,12489.66,Standard transit schedule,PrimeSteel fulfilled order with minor lead time variance.,Standard inspection and receipt.,Standard Approval,Delivered in 13 days with minor defect rate.,0.0,synthetic_demo,True
PO-00210,PrimeSteel,Structural Steel,2023-04-24,,Cancelled,1272,143.29,131.37,0,Non-Compliant,,,0.0,11.92,15162.24,Raw ingot supply exhaustion,PrimeSteel confirmed inability to secure raw materials within required window.,Order terminated; alternative supplier sourced.,Order Cancelled,Order cancelled due to supplier fulfillment incapacity.,2500.0,synthetic_demo,True
PO-00211,PrimeSteel,Structural Steel,2023-05-28,2023-06-13,Delivered,772,75.33,70.69,15,Compliant,16.0,,0.0194,4.64,3582.08,Standard transit schedule,PrimeSteel fulfilled order with minor lead time variance.,Standard inspection and receipt.,Standard Approval,Delivered in 16 days with minor defect rate.,0.0,synthetic_demo,True
PO-00212,PrimeSteel,Structural Steel,2024-06-20,2024-07-03,Delivered,1164,136.69,120.45,51,Compliant,13.0,,0.0438,16.24,18903.36,Standard transit schedule,PrimeSteel fulfilled order with minor lead time variance.,Standard inspection and receipt.,Standard Approval,Delivered in 13 days with minor defect rate.,0.0,synthetic_demo,True
PO-00213,PrimeSteel,Structural Steel,2023-01-21,,Cancelled,1838,128.13,117.42,0,Non-Compliant,,,0.0,10.71,19684.98,Raw ingot supply exhaustion,PrimeSteel confirmed inability to secure raw materials within required window.,Order terminated; alternative supplier sourced.,Order Cancelled,Order cancelled due to supplier fulfillment incapacity.,2500.0,synthetic_demo,True
PO-00214,PrimeSteel,Structural Steel,2023-09-17,2023-10-02,Delivered,756,75.46,68.99,30,Compliant,15.0,,0.0397,6.47,4891.32,Standard transit schedule,PrimeSteel fulfilled order with minor lead time variance.,Standard inspection and receipt.,Standard Approval,Delivered in 15 days with minor defect rate.,0.0,synthetic_demo,True
PO-00215,PrimeSteel,Structural Steel,2024-08-18,2024-09-01,Delivered,1168,97.87,89.62,25,Compliant,14.0,,0.0214,8.25,9636.0,Standard transit schedule,PrimeSteel fulfilled order with minor lead time variance.,Standard inspection and receipt.,Standard Approval,Delivered in 14 days with minor defect rate.,0.0,synthetic_demo,True
PO-00216,PrimeSteel,Structural Steel,2024-12-13,,Cancelled,1343,61.92,59.85,0,Non-Compliant,,,0.0,2.07,2780.01,Raw ingot supply exhaustion,PrimeSteel confirmed inability to secure raw materials within required window.,Order terminated; alternative supplier sourced.,Order Cancelled,Order cancelled due to supplier fulfillment incapacity.,2500.0,synthetic_demo,True
PO-00217,PrimeSteel,Structural Steel,2023-02-07,2023-02-21,Delivered,458,223.73,212.19,10,Compliant,14.0,,0.0218,11.54,5285.32,Standard transit schedule,PrimeSteel fulfilled order with minor lead time variance.,Standard inspection and receipt.,Standard Approval,Delivered in 14 days with minor defect rate.,0.0,synthetic_demo,True
PO-00218,PrimeSteel,Structural Steel,2024-06-11,,Cancelled,1719,144.9,138.33,0,Non-Compliant,,,0.0,6.57,11293.83,Raw ingot supply exhaustion,PrimeSteel confirmed inability to secure raw materials within required window.,Order terminated; alternative supplier sourced.,Order Cancelled,Order cancelled due to supplier fulfillment incapacity.,2500.0,synthetic_demo,True
PO-00219,PrimeSteel,Structural Steel,2023-10-20,2023-11-02,Delivered,729,82.84,74.56,30,Compliant,13.0,,0.0412,8.28,6036.12,Standard transit schedule,PrimeSteel fulfilled order with minor lead time variance.,Standard inspection and receipt.,Standard Approval,Delivered in 13 days with minor defect rate.,0.0,synthetic_demo,True
PO-00220,PrimeSteel,Structural Steel,2024-02-14,,Cancelled,1882,239.99,227.05,0,Non-Compliant,,,0.0,12.94,24353.08,Raw ingot supply exhaustion,PrimeSteel confirmed inability to secure raw materials within required window.,Order terminated; alternative supplier sourced.,Order Cancelled,Order cancelled due to supplier fulfillment incapacity.,2500.0,synthetic_demo,True
PO-00221,PrimeSteel,Structural Steel,2024-05-23,,Cancelled,802,232.59,215.86,0,Non-Compliant,,,0.0,16.73,13417.46,Raw ingot supply exhaustion,PrimeSteel confirmed inability to secure raw materials within required window.,Order terminated; alternative supplier sourced.,Order Cancelled,Order cancelled due to supplier fulfillment incapacity.,2500.0,synthetic_demo,True
PO-00222,PrimeSteel,Structural Steel,2024-03-10,2024-03-26,Delivered,1734,61.5,58.46,61,Compliant,16.0,,0.0352,3.04,5271.36,Standard transit schedule,PrimeSteel fulfilled order with minor lead time variance.,Standard inspection and receipt.,Standard Approval,Delivered in 16 days with minor defect rate.,0.0,synthetic_demo,True
PO-00223,PrimeSteel,Structural Steel,2023-03-23,2023-04-07,Delivered,1284,185.06,178.27,36,Compliant,15.0,,0.028,6.79,8718.36,Standard transit schedule,PrimeSteel fulfilled order with minor lead time variance.,Standard inspection and receipt.,Standard Approval,Delivered in 15 days with minor defect rate.,0.0,synthetic_demo,True
PO-00224,PrimeSteel,Structural Steel,2023-12-26,,Cancelled,136,187.17,166.36,0,Non-Compliant,,,0.0,20.81,2830.16,Raw ingot supply exhaustion,PrimeSteel confirmed inability to secure raw materials within required window.,Order terminated; alternative supplier sourced.,Order Cancelled,Order cancelled due to supplier fulfillment incapacity.,2500.0,synthetic_demo,True
PO-00225,PrimeSteel,Structural Steel,2023-10-09,2023-10-22,Delivered,881,103.56,93.19,32,Compliant,13.0,,0.0363,10.37,9135.97,Standard transit schedule,PrimeSteel fulfilled order with minor lead time variance.,Standard inspection and receipt.,Standard Approval,Delivered in 13 days with minor defect rate.,0.0,synthetic_demo,True
PO-00226,PrimeSteel,Structural Steel,2023-02-01,2023-02-18,Delivered,947,28.0,27.25,35,Compliant,17.0,,0.037,0.75,710.25,Standard transit schedule,PrimeSteel fulfilled order with minor lead time variance.,Standard inspection and receipt.,Standard Approval,Delivered in 17 days with minor defect rate.,0.0,synthetic_demo,True
PO-00227,PrimeSteel,Structural Steel,2024-01-06,,Cancelled,1994,150.47,138.36,0,Non-Compliant,,,0.0,12.11,24147.34,Raw ingot supply exhaustion,PrimeSteel confirmed inability to secure raw materials within required window.,Order terminated; alternative supplier sourced.,Order Cancelled,Order cancelled due to supplier fulfillment incapacity.,2500.0,synthetic_demo,True
PO-00228,PrimeSteel,Structural Steel,2024-01-15,2024-01-31,Delivered,1225,51.67,48.74,48,Compliant,16.0,,0.0392,2.93,3589.25,Standard transit schedule,PrimeSteel fulfilled order with minor lead time variance.,Standard inspection and receipt.,Standard Approval,Delivered in 16 days with minor defect rate.,0.0,synthetic_demo,True
PO-00229,PrimeSteel,Structural Steel,2024-10-27,2024-11-10,Delivered,103,189.21,175.98,5,Compliant,14.0,,0.0485,13.23,1362.69,Standard transit schedule,PrimeSteel fulfilled order with minor lead time variance.,Standard inspection and receipt.,Standard Approval,Delivered in 14 days with minor defect rate.,0.0,synthetic_demo,True
PO-00230,PrimeSteel,Structural Steel,2024-07-29,2024-08-13,Delivered,1491,122.64,107.97,59,Compliant,15.0,,0.0396,14.67,21872.97,Standard transit schedule,PrimeSteel fulfilled order with minor lead time variance.,Standard inspection and receipt.,Standard Approval,Delivered in 15 days with minor defect rate.,0.0,synthetic_demo,True
PO-00231,PrimeSteel,Structural Steel,2024-12-11,,Cancelled,459,48.21,43.13,0,Non-Compliant,,,0.0,5.08,2331.72,Raw ingot supply exhaustion,PrimeSteel confirmed inability to secure raw materials within required window.,Order terminated; alternative supplier sourced.,Order Cancelled,Order cancelled due to supplier fulfillment incapacity.,2500.0,synthetic_demo,True
PO-00232,PrimeSteel,Structural Steel,2023-06-26,,Cancelled,229,206.42,182.32,0,Non-Compliant,,,0.0,24.1,5518.9,Raw ingot supply exhaustion,PrimeSteel confirmed inability to secure raw materials within required window.,Order terminated; alternative supplier sourced.,Order Cancelled,Order cancelled due to supplier fulfillment incapacity.,2500.0,synthetic_demo,True
PO-00233,PrimeSteel,Structural Steel,2024-11-14,2024-11-27,Delivered,644,225.01,201.35,22,Compliant,13.0,,0.0342,23.66,15237.04,Standard transit schedule,PrimeSteel fulfilled order with minor lead time variance.,Standard inspection and receipt.,Standard Approval,Delivered in 13 days with minor defect rate.,0.0,synthetic_demo,True
PO-00234,PrimeSteel,Structural Steel,2024-01-06,2024-01-19,Delivered,1672,51.94,46.8,75,Compliant,13.0,,0.0449,5.14,8594.08,Standard transit schedule,PrimeSteel fulfilled order with minor lead time variance.,Standard inspection and receipt.,Standard Approval,Delivered in 13 days with minor defect rate.,0.0,synthetic_demo,True
PO-00235,PrimeSteel,Structural Steel,2024-01-05,2024-01-21,Delivered,1179,49.85,44.45,47,Compliant,16.0,,0.0399,5.4,6366.6,Standard transit schedule,PrimeSteel fulfilled order with minor lead time variance.,Standard inspection and receipt.,Standard Approval,Delivered in 16 days with minor defect rate.,0.0,synthetic_demo,True
PO-00236,PrimeSteel,Structural Steel,2023-11-13,,Cancelled,1518,185.34,171.89,0,Non-Compliant,,,0.0,13.45,20417.1,Raw ingot supply exhaustion,PrimeSteel confirmed inability to secure raw materials within required window.,Order terminated; alternative supplier sourced.,Order Cancelled,Order cancelled due to supplier fulfillment incapacity.,2500.0,synthetic_demo,True
PO-00237,PrimeSteel,Structural Steel,2024-08-11,2024-08-25,Delivered,1365,37.06,34.59,60,Compliant,14.0,,0.044,2.47,3371.55,Standard transit schedule,PrimeSteel fulfilled order with minor lead time variance.,Standard inspection and receipt.,Standard Approval,Delivered in 14 days with minor defect rate.,0.0,synthetic_demo,True
PO-00238,PrimeSteel,Structural Steel,2023-12-19,2024-01-05,Delivered,422,196.59,190.12,15,Compliant,17.0,,0.0355,6.47,2730.34,Standard transit schedule,PrimeSteel fulfilled order with minor lead time variance.,Standard inspection and receipt.,Standard Approval,Delivered in 17 days with minor defect rate.,0.0,synthetic_demo,True
PO-00239,PrimeSteel,Structural Steel,2023-02-26,2023-03-15,Delivered,387,57.25,50.75,9,Compliant,17.0,,0.0233,6.5,2515.5,Standard transit schedule,PrimeSteel fulfilled order with minor lead time variance.,Standard inspection and receipt.,Standard Approval,Delivered in 17 days with minor defect rate.,0.0,synthetic_demo,True
PO-00240,PrimeSteel,Structural Steel,2023-12-21,2024-01-03,Delivered,1350,239.96,228.58,35,Compliant,13.0,,0.0259,11.38,15363.0,Standard transit schedule,PrimeSteel fulfilled order with minor lead time variance.,Standard inspection and receipt.,Standard Approval,Delivered in 13 days with minor defect rate.,0.0,synthetic_demo,True
PO-00241,PrimeSteel,Structural Steel,2024-09-21,2024-10-08,Delivered,1262,236.57,228.19,45,Compliant,17.0,,0.0357,8.38,10575.56,Standard transit schedule,PrimeSteel fulfilled order with minor lead time variance.,Standard inspection and receipt.,Standard Approval,Delivered in 17 days with minor defect rate.,0.0,synthetic_demo,True
PO-00242,PrimeSteel,Structural Steel,2024-07-31,2024-08-13,Delivered,1992,167.53,154.52,44,Compliant,13.0,,0.0221,13.01,25915.92,Standard transit schedule,PrimeSteel fulfilled order with minor lead time variance.,Standard inspection and receipt.,Standard Approval,Delivered in 13 days with minor defect rate.,0.0,synthetic_demo,True
PO-00243,PrimeSteel,Structural Steel,2024-08-08,,Cancelled,1315,166.97,155.31,0,Non-Compliant,,,0.0,11.66,15332.9,Raw ingot supply exhaustion,PrimeSteel confirmed inability to secure raw materials within required window.,Order terminated; alternative supplier sourced.,Order Cancelled,Order cancelled due to supplier fulfillment incapacity.,2500.0,synthetic_demo,True
PO-00244,PrimeSteel,Structural Steel,2023-10-24,2023-11-09,Delivered,1703,177.55,168.72,44,Compliant,16.0,,0.0258,8.83,15037.49,Standard transit schedule,PrimeSteel fulfilled order with minor lead time variance.,Standard inspection and receipt.,Standard Approval,Delivered in 16 days with minor defect rate.,0.0,synthetic_demo,True
PO-00245,PrimeSteel,Structural Steel,2024-12-06,2024-12-20,Delivered,1041,126.82,119.97,32,Compliant,14.0,,0.0307,6.85,7130.85,Standard transit schedule,PrimeSteel fulfilled order with minor lead time variance.,Standard inspection and receipt.,Standard Approval,Delivered in 14 days with minor defect rate.,0.0,synthetic_demo,True
PO-00246,PrimeSteel,Structural Steel,2023-11-17,2023-12-02,Delivered,317,194.95,181.01,14,Compliant,15.0,,0.0442,13.94,4418.98,Standard transit schedule,PrimeSteel fulfilled order with minor lead time variance.,Standard inspection and receipt.,Standard Approval,Delivered in 15 days with minor defect rate.,0.0,synthetic_demo,True
PO-00247,PrimeSteel,Structural Steel,2023-11-23,2023-12-09,Delivered,970,77.02,74.73,22,Compliant,16.0,,0.0227,2.29,2221.3,Standard transit schedule,PrimeSteel fulfilled order with minor lead time variance.,Standard inspection and receipt.,Standard Approval,Delivered in 16 days with minor defect rate.,0.0,synthetic_demo,True
PO-00248,PrimeSteel,Structural Steel,2024-01-29,,Cancelled,558,241.42,214.81,0,Non-Compliant,,,0.0,26.61,14848.38,Raw ingot supply exhaustion,PrimeSteel confirmed inability to secure raw materials within required window.,Order terminated; alternative supplier sourced.,Order Cancelled,Order cancelled due to supplier fulfillment incapacity.,2500.0,synthetic_demo,True
PO-00249,PrimeSteel,Structural Steel,2024-08-14,2024-08-28,Delivered,1070,249.07,232.46,42,Compliant,14.0,,0.0393,16.61,17772.7,Standard transit schedule,PrimeSteel fulfilled order with minor lead time variance.,Standard inspection and receipt.,Standard Approval,Delivered in 14 days with minor defect rate.,0.0,synthetic_demo,True
PO-00250,PrimeSteel,Structural Steel,2024-05-24,2024-06-06,Delivered,1085,125.16,119.64,47,Compliant,13.0,,0.0433,5.52,5989.2,Standard transit schedule,PrimeSteel fulfilled order with minor lead time variance.,Standard inspection and receipt.,Standard Approval,Delivered in 13 days with minor defect rate.,0.0,synthetic_demo,True
PO-00251,Acme Industrial Supplies,Raw Metals,2023-02-19,2023-03-03,Delivered,1013,85.72,83.94,45,Non-Compliant,12.0,,0.0444,1.78,1803.14,Logistics transit buffer,Vendor reported short-term freight dispatch delay.,Supplier offered expedited freight.,Accepted with Warning,Delivered in 12 days.,1050.54,synthetic_demo,True
PO-00252,Acme Industrial Supplies,Raw Metals,2024-03-17,2024-03-29,Delivered,870,31.77,29.35,33,Non-Compliant,12.0,,0.0379,2.42,2105.4,Logistics transit buffer,Vendor reported short-term freight dispatch delay.,Supplier offered expedited freight.,Accepted with Warning,Delivered in 12 days.,675.72,synthetic_demo,True
PO-00253,Acme Industrial Supplies,Raw Metals,2024-07-20,2024-07-29,Delivered,1740,247.49,225.7,39,Compliant,9.0,,0.0224,21.79,37914.6,Logistics transit buffer,Vendor reported short-term freight dispatch delay.,Supplier offered expedited freight.,Accepted with Warning,Delivered in 9 days.,914.81,synthetic_demo,True
PO-00254,Acme Industrial Supplies,Raw Metals,2023-05-12,2023-05-26,Delivered,798,193.64,185.91,39,Non-Compliant,14.0,,0.0489,7.73,6168.54,Logistics transit buffer,Vendor reported short-term freight dispatch delay.,Supplier offered expedited freight.,Accepted with Warning,Delivered in 14 days.,925.18,synthetic_demo,True
PO-00255,Acme Industrial Supplies,Raw Metals,2024-02-16,2024-02-24,Partially Delivered,330,184.13,165.64,0,Compliant,8.0,,0.0,18.49,6101.7,,Fulfillment completed within standard operational window.,Standard warehouse acceptance.,Standard Approval,Successful procurement outcome.,0.0,synthetic_demo,True
PO-00256,Acme Industrial Supplies,Raw Metals,2024-04-12,2024-04-29,Delivered,702,57.38,50.55,5,Compliant,17.0,,0.0071,6.83,4794.66,Logistics transit buffer,Vendor reported short-term freight dispatch delay.,Supplier offered expedited freight.,Accepted with Warning,Delivered in 17 days.,1410.78,synthetic_demo,True
PO-00257,Acme Industrial Supplies,Raw Metals,2024-08-30,2024-09-15,Delivered,663,129.23,126.43,18,Compliant,16.0,,0.0271,2.8,1856.4,Logistics transit buffer,Vendor reported short-term freight dispatch delay.,Supplier offered expedited freight.,Accepted with Warning,Delivered in 16 days.,1121.36,synthetic_demo,True
PO-00258,Acme Industrial Supplies,Raw Metals,2024-11-20,2024-12-04,Delivered,1459,164.73,151.6,58,Non-Compliant,14.0,,0.0398,13.13,19156.67,Logistics transit buffer,Vendor reported short-term freight dispatch delay.,Supplier offered expedited freight.,Accepted with Warning,Delivered in 14 days.,1142.92,synthetic_demo,True
PO-00259,Acme Industrial Supplies,Raw Metals,2024-11-02,2024-11-19,Partially Delivered,1033,59.22,54.31,0,Compliant,17.0,,0.0,4.91,5072.03,Logistics transit buffer,Vendor reported short-term freight dispatch delay.,Supplier offered expedited freight.,Accepted with Warning,Delivered in 17 days.,266.76,synthetic_demo,True
PO-00260,Acme Industrial Supplies,Raw Metals,2023-06-01,,Cancelled,546,27.26,24.13,0,Non-Compliant,,,0.0,3.13,1708.98,Order cancellation due to stock shortage,Vendor confirmed temporary inventory exhaustion.,Purchase order terminated.,Order Cancelled,Order cancelled.,1000.0,synthetic_demo,True
PO-00261,Acme Industrial Supplies,Raw Metals,2023-07-15,2023-07-30,Delivered,1464,66.9,62.2,11,Compliant,15.0,,0.0075,4.7,6880.8,,Fulfillment completed within standard operational window.,Standard warehouse acceptance.,Standard Approval,Successful procurement outcome.,0.0,synthetic_demo,True
PO-00262,Acme Industrial Supplies,Raw Metals,2023-03-05,,Cancelled,332,139.3,128.7,0,Non-Compliant,,,0.0,10.6,3519.2,Order cancellation due to stock shortage,Vendor confirmed temporary inventory exhaustion.,Purchase order terminated.,Order Cancelled,Order cancelled.,1000.0,synthetic_demo,True
PO-00263,Acme Industrial Supplies,Raw Metals,2024-06-22,2024-07-05,Delivered,1168,101.49,91.63,27,Compliant,13.0,,0.0231,9.86,11516.48,Logistics transit buffer,Vendor reported short-term freight dispatch delay.,Supplier offered expedited freight.,Accepted with Warning,Delivered in 13 days.,893.07,synthetic_demo,True
PO-00264,Acme Industrial Supplies,Raw Metals,2024-09-16,2024-09-27,Delivered,661,71.72,63.31,9,Compliant,11.0,,0.0136,8.41,5559.01,,Fulfillment completed within standard operational window.,Standard warehouse acceptance.,Standard Approval,Successful procurement outcome.,0.0,synthetic_demo,True
PO-00265,Acme Industrial Supplies,Raw Metals,2023-10-23,,Cancelled,474,178.76,166.44,0,Non-Compliant,,,0.0,12.32,5839.68,Order cancellation due to stock shortage,Vendor confirmed temporary inventory exhaustion.,Purchase order terminated.,Order Cancelled,Order cancelled.,1000.0,synthetic_demo,True
PO-00266,Acme Industrial Supplies,Raw Metals,2023-12-24,2024-01-13,Partially Delivered,1162,107.33,94.66,17,Compliant,20.0,,0.0146,12.67,14722.54,Logistics transit buffer,Vendor reported short-term freight dispatch delay.,Supplier offered expedited freight.,Accepted with Warning,Delivered in 20 days.,945.52,synthetic_demo,True
PO-00267,Acme Industrial Supplies,Raw Metals,2023-05-30,2023-06-07,Delivered,1512,38.18,33.89,0,Compliant,8.0,,0.0,4.29,6486.48,,Fulfillment completed within standard operational window.,Standard warehouse acceptance.,Standard Approval,Successful procurement outcome.,0.0,synthetic_demo,True
PO-00268,Acme Industrial Supplies,Raw Metals,2024-05-05,2024-05-16,Delivered,1201,180.12,174.05,16,Compliant,11.0,,0.0133,6.07,7290.07,,Fulfillment completed within standard operational window.,Standard warehouse acceptance.,Standard Approval,Successful procurement outcome.,0.0,synthetic_demo,True
PO-00269,Acme Industrial Supplies,Raw Metals,2023-09-06,2023-09-24,Delivered,255,115.06,104.5,3,Compliant,18.0,,0.0118,10.56,2692.8,Logistics transit buffer,Vendor reported short-term freight dispatch delay.,Supplier offered expedited freight.,Accepted with Warning,Delivered in 18 days.,502.69,synthetic_demo,True
PO-00270,Acme Industrial Supplies,Raw Metals,2024-11-28,2024-12-06,Delivered,1387,235.06,209.71,68,Non-Compliant,8.0,,0.049,25.35,35160.45,Logistics transit buffer,Vendor reported short-term freight dispatch delay.,Supplier offered expedited freight.,Accepted with Warning,Delivered in 8 days.,405.32,synthetic_demo,True
PO-00271,Acme Industrial Supplies,Raw Metals,2024-10-28,2024-11-17,Delivered,1909,196.81,180.04,31,Compliant,20.0,,0.0162,16.77,32013.93,Logistics transit buffer,Vendor reported short-term freight dispatch delay.,Supplier offered expedited freight.,Accepted with Warning,Delivered in 20 days.,1039.67,synthetic_demo,True
PO-00272,Acme Industrial Supplies,Raw Metals,2024-07-01,,Cancelled,1530,215.58,210.46,0,Non-Compliant,,,0.0,5.12,7833.6,Order cancellation due to stock shortage,Vendor confirmed temporary inventory exhaustion.,Purchase order terminated.,Order Cancelled,Order cancelled.,1000.0,synthetic_demo,True
PO-00273,Acme Industrial Supplies,Raw Metals,2024-03-03,2024-03-11,Delivered,1064,62.85,56.89,21,Compliant,8.0,,0.0197,5.96,6341.44,,Fulfillment completed within standard operational window.,Standard warehouse acceptance.,Standard Approval,Successful procurement outcome.,0.0,synthetic_demo,True
PO-00274,Acme Industrial Supplies,Raw Metals,2023-02-08,2023-02-20,Delivered,736,85.45,75.29,4,Compliant,12.0,,0.0054,10.16,7477.76,,Fulfillment completed within standard operational window.,Standard warehouse acceptance.,Standard Approval,Successful procurement outcome.,0.0,synthetic_demo,True
PO-00275,Acme Industrial Supplies,Raw Metals,2024-06-20,2024-06-30,Delivered,280,96.06,87.12,7,Compliant,10.0,,0.025,8.94,2503.2,Logistics transit buffer,Vendor reported short-term freight dispatch delay.,Supplier offered expedited freight.,Accepted with Warning,Delivered in 10 days.,450.65,synthetic_demo,True
PO-00276,Acme Industrial Supplies,Raw Metals,2023-07-10,2023-07-29,Delivered,445,60.36,53.99,7,Compliant,19.0,,0.0157,6.37,2834.65,Logistics transit buffer,Vendor reported short-term freight dispatch delay.,Supplier offered expedited freight.,Accepted with Warning,Delivered in 19 days.,1076.72,synthetic_demo,True
PO-00277,Acme Industrial Supplies,Raw Metals,2024-03-13,2024-03-26,Partially Delivered,1420,41.94,36.98,0,Compliant,13.0,,0.0,4.96,7043.2,,Fulfillment completed within standard operational window.,Standard warehouse acceptance.,Standard Approval,Successful procurement outcome.,0.0,synthetic_demo,True
PO-00278,Acme Industrial Supplies,Raw Metals,2023-11-28,2023-12-06,Delivered,532,122.75,117.02,0,Compliant,8.0,,0.0,5.73,3048.36,,Fulfillment completed within standard operational window.,Standard warehouse acceptance.,Standard Approval,Successful procurement outcome.,0.0,synthetic_demo,True
PO-00279,Acme Industrial Supplies,Raw Metals,2023-11-06,2023-11-25,Partially Delivered,533,34.29,33.2,7,Compliant,19.0,,0.0131,1.09,580.97,Logistics transit buffer,Vendor reported short-term freight dispatch delay.,Supplier offered expedited freight.,Accepted with Warning,Delivered in 19 days.,667.42,synthetic_demo,True
PO-00280,Acme Industrial Supplies,Raw Metals,2023-06-13,2023-07-01,Delivered,686,178.77,163.78,31,Non-Compliant,18.0,,0.0452,14.99,10283.14,Logistics transit buffer,Vendor reported short-term freight dispatch delay.,Supplier offered expedited freight.,Accepted with Warning,Delivered in 18 days.,1114.62,synthetic_demo,True
PO-00281,Acme Industrial Supplies,Raw Metals,2024-01-12,2024-01-23,Partially Delivered,323,129.98,121.47,0,Compliant,11.0,,0.0,8.51,2748.73,,Fulfillment completed within standard operational window.,Standard warehouse acceptance.,Standard Approval,Successful procurement outcome.,0.0,synthetic_demo,True
PO-00282,Acme Industrial Supplies,Raw Metals,2024-03-01,,Cancelled,1174,229.94,207.93,0,Non-Compliant,,,0.0,22.01,25839.74,Order cancellation due to stock shortage,Vendor confirmed temporary inventory exhaustion.,Purchase order terminated.,Order Cancelled,Order cancelled.,1000.0,synthetic_demo,True
PO-00283,Acme Industrial Supplies,Raw Metals,2023-09-11,,Cancelled,1595,157.04,141.53,0,Non-Compliant,,,0.0,15.51,24738.45,Order cancellation due to stock shortage,Vendor confirmed temporary inventory exhaustion.,Purchase order terminated.,Order Cancelled,Order cancelled.,1000.0,synthetic_demo,True
PO-00284,Acme Industrial Supplies,Raw Metals,2024-04-02,2024-04-21,Partially Delivered,1747,145.96,135.66,80,Non-Compliant,19.0,,0.0458,10.3,17994.1,Logistics transit buffer,Vendor reported short-term freight dispatch delay.,Supplier offered expedited freight.,Accepted with Warning,Delivered in 19 days.,345.87,synthetic_demo,True
PO-00285,Acme Industrial Supplies,Raw Metals,2023-06-03,2023-06-16,Delivered,1518,154.12,149.64,34,Compliant,13.0,,0.0224,4.48,6800.64,Logistics transit buffer,Vendor reported short-term freight dispatch delay.,Supplier offered expedited freight.,Accepted with Warning,Delivered in 13 days.,1084.38,synthetic_demo,True
PO-00286,Acme Industrial Supplies,Raw Metals,2024-04-01,2024-04-16,Delivered,900,125.06,121.84,0,Compliant,15.0,,0.0,3.22,2898.0,,Fulfillment completed within standard operational window.,Standard warehouse acceptance.,Standard Approval,Successful procurement outcome.,0.0,synthetic_demo,True
PO-00287,Acme Industrial Supplies,Raw Metals,2024-11-19,2024-12-08,Delivered,56,191.54,176.63,0,Compliant,19.0,,0.0,14.91,834.96,Logistics transit buffer,Vendor reported short-term freight dispatch delay.,Supplier offered expedited freight.,Accepted with Warning,Delivered in 19 days.,530.79,synthetic_demo,True
PO-00288,Acme Industrial Supplies,Raw Metals,2024-03-09,2024-03-28,Delivered,1964,225.67,198.9,0,Compliant,19.0,,0.0,26.77,52576.28,Logistics transit buffer,Vendor reported short-term freight dispatch delay.,Supplier offered expedited freight.,Accepted with Warning,Delivered in 19 days.,1492.36,synthetic_demo,True
PO-00289,Acme Industrial Supplies,Raw Metals,2023-02-02,2023-02-16,Delivered,327,196.14,173.03,0,Compliant,14.0,,0.0,23.11,7556.97,,Fulfillment completed within standard operational window.,Standard warehouse acceptance.,Standard Approval,Successful procurement outcome.,0.0,synthetic_demo,True
PO-00290,Acme Industrial Supplies,Raw Metals,2024-01-19,2024-02-03,Delivered,1448,241.75,215.77,66,Non-Compliant,15.0,,0.0456,25.98,37619.04,Logistics transit buffer,Vendor reported short-term freight dispatch delay.,Supplier offered expedited freight.,Accepted with Warning,Delivered in 15 days.,688.34,synthetic_demo,True
PO-00291,Acme Industrial Supplies,Raw Metals,2024-10-31,2024-11-09,Delivered,1150,110.4,106.79,0,Compliant,9.0,,0.0,3.61,4151.5,,Fulfillment completed within standard operational window.,Standard warehouse acceptance.,Standard Approval,Successful procurement outcome.,0.0,synthetic_demo,True
PO-00292,Acme Industrial Supplies,Raw Metals,2023-01-04,2023-01-16,Delivered,826,209.37,200.0,30,Non-Compliant,12.0,,0.0363,9.37,7739.62,Logistics transit buffer,Vendor reported short-term freight dispatch delay.,Supplier offered expedited freight.,Accepted with Warning,Delivered in 12 days.,751.37,synthetic_demo,True
PO-00293,Acme Industrial Supplies,Raw Metals,2023-06-08,2023-06-19,Delivered,1707,171.85,157.85,62,Non-Compliant,11.0,,0.0363,14.0,23898.0,Logistics transit buffer,Vendor reported short-term freight dispatch delay.,Supplier offered expedited freight.,Accepted with Warning,Delivered in 11 days.,346.7,synthetic_demo,True
PO-00294,Acme Industrial Supplies,Raw Metals,2023-09-04,2023-09-13,Delivered,118,122.68,111.98,0,Compliant,9.0,,0.0,10.7,1262.6,,Fulfillment completed within standard operational window.,Standard warehouse acceptance.,Standard Approval,Successful procurement outcome.,0.0,synthetic_demo,True
PO-00295,Acme Industrial Supplies,Raw Metals,2023-09-08,,Cancelled,140,112.52,107.63,0,Non-Compliant,,,0.0,4.89,684.6,Order cancellation due to stock shortage,Vendor confirmed temporary inventory exhaustion.,Purchase order terminated.,Order Cancelled,Order cancelled.,1000.0,synthetic_demo,True
PO-00296,Acme Industrial Supplies,Raw Metals,2023-02-27,2023-03-15,Delivered,1229,93.35,85.9,14,Compliant,16.0,,0.0114,7.45,9156.05,Logistics transit buffer,Vendor reported short-term freight dispatch delay.,Supplier offered expedited freight.,Accepted with Warning,Delivered in 16 days.,1391.32,synthetic_demo,True
PO-00297,Acme Industrial Supplies,Raw Metals,2023-08-31,2023-09-10,Delivered,613,34.02,30.11,16,Compliant,10.0,,0.0261,3.91,2396.83,Logistics transit buffer,Vendor reported short-term freight dispatch delay.,Supplier offered expedited freight.,Accepted with Warning,Delivered in 10 days.,737.63,synthetic_demo,True
PO-00298,Acme Industrial Supplies,Raw Metals,2024-10-03,,Cancelled,924,147.85,144.2,0,Non-Compliant,,,0.0,3.65,3372.6,Order cancellation due to stock shortage,Vendor confirmed temporary inventory exhaustion.,Purchase order terminated.,Order Cancelled,Order cancelled.,1000.0,synthetic_demo,True
PO-00299,Acme Industrial Supplies,Raw Metals,2024-10-20,,Cancelled,830,200.74,190.33,0,Non-Compliant,,,0.0,10.41,8640.3,Order cancellation due to stock shortage,Vendor confirmed temporary inventory exhaustion.,Purchase order terminated.,Order Cancelled,Order cancelled.,1000.0,synthetic_demo,True
PO-00300,Acme Industrial Supplies,Raw Metals,2024-02-23,2024-03-06,Delivered,1789,71.83,64.23,67,Non-Compliant,12.0,,0.0375,7.6,13596.4,Logistics transit buffer,Vendor reported short-term freight dispatch delay.,Supplier offered expedited freight.,Accepted with Warning,Delivered in 12 days.,815.57,synthetic_demo,True
PO-00301,Acme Industrial Supplies,Raw Metals,2024-04-19,2024-05-05,Delivered,845,75.86,72.8,18,Compliant,16.0,,0.0213,3.06,2585.7,Logistics transit buffer,Vendor reported short-term freight dispatch delay.,Supplier offered expedited freight.,Accepted with Warning,Delivered in 16 days.,888.99,synthetic_demo,True
PO-00302,Acme Industrial Supplies,Raw Metals,2024-04-05,2024-04-14,Delivered,822,174.94,160.89,34,Non-Compliant,9.0,,0.0414,14.05,11549.1,Logistics transit buffer,Vendor reported short-term freight dispatch delay.,Supplier offered expedited freight.,Accepted with Warning,Delivered in 9 days.,267.0,synthetic_demo,True
PO-00303,Acme Industrial Supplies,Raw Metals,2023-07-12,2023-07-31,Partially Delivered,1907,96.58,85.41,21,Compliant,19.0,,0.011,11.17,21301.19,Logistics transit buffer,Vendor reported short-term freight dispatch delay.,Supplier offered expedited freight.,Accepted with Warning,Delivered in 19 days.,471.56,synthetic_demo,True
PO-00304,Acme Industrial Supplies,Raw Metals,2023-08-05,2023-08-24,Delivered,1030,230.32,209.69,0,Compliant,19.0,,0.0,20.63,21248.9,Logistics transit buffer,Vendor reported short-term freight dispatch delay.,Supplier offered expedited freight.,Accepted with Warning,Delivered in 19 days.,1499.44,synthetic_demo,True
PO-00305,Acme Industrial Supplies,Raw Metals,2024-02-11,2024-02-27,Delivered,1378,102.63,97.89,20,Compliant,16.0,,0.0145,4.74,6531.72,Logistics transit buffer,Vendor reported short-term freight dispatch delay.,Supplier offered expedited freight.,Accepted with Warning,Delivered in 16 days.,806.13,synthetic_demo,True
PO-00306,Acme Industrial Supplies,Raw Metals,2024-05-24,2024-06-02,Delivered,705,230.3,217.16,25,Non-Compliant,9.0,,0.0355,13.14,9263.7,Logistics transit buffer,Vendor reported short-term freight dispatch delay.,Supplier offered expedited freight.,Accepted with Warning,Delivered in 9 days.,1190.12,synthetic_demo,True
PO-00307,Acme Industrial Supplies,Raw Metals,2023-02-16,2023-02-27,Partially Delivered,1183,234.99,216.68,1,Compliant,11.0,,0.0008,18.31,21660.73,,Fulfillment completed within standard operational window.,Standard warehouse acceptance.,Standard Approval,Successful procurement outcome.,0.0,synthetic_demo,True
PO-00308,Acme Industrial Supplies,Raw Metals,2023-10-30,2023-11-10,Delivered,1756,76.52,70.78,33,Compliant,11.0,,0.0188,5.74,10079.44,,Fulfillment completed within standard operational window.,Standard warehouse acceptance.,Standard Approval,Successful procurement outcome.,0.0,synthetic_demo,True
PO-00309,Acme Industrial Supplies,Raw Metals,2023-09-21,2023-10-10,Delivered,1678,101.0,97.57,41,Compliant,19.0,,0.0244,3.43,5755.54,Logistics transit buffer,Vendor reported short-term freight dispatch delay.,Supplier offered expedited freight.,Accepted with Warning,Delivered in 19 days.,418.7,synthetic_demo,True
PO-00310,Acme Industrial Supplies,Raw Metals,2024-05-15,2024-05-31,Delivered,1768,214.74,190.15,85,Non-Compliant,16.0,,0.0481,24.59,43475.12,Logistics transit buffer,Vendor reported short-term freight dispatch delay.,Supplier offered expedited freight.,Accepted with Warning,Delivered in 16 days.,881.13,synthetic_demo,True
PO-00311,Acme Industrial Supplies,Raw Metals,2023-01-07,2023-01-17,Delivered,1498,54.74,52.45,17,Compliant,10.0,,0.0113,2.29,3430.42,,Fulfillment completed within standard operational window.,Standard warehouse acceptance.,Standard Approval,Successful procurement outcome.,0.0,synthetic_demo,True
PO-00312,Acme Industrial Supplies,Raw Metals,2024-01-18,2024-02-04,Delivered,1400,132.21,129.48,65,Non-Compliant,17.0,,0.0464,2.73,3822.0,Logistics transit buffer,Vendor reported short-term freight dispatch delay.,Supplier offered expedited freight.,Accepted with Warning,Delivered in 17 days.,1386.58,synthetic_demo,True
PO-00313,Acme Industrial Supplies,Raw Metals,2024-02-26,2024-03-05,Delivered,637,23.94,21.51,9,Compliant,8.0,,0.0141,2.43,1547.91,,Fulfillment completed within standard operational window.,Standard warehouse acceptance.,Standard Approval,Successful procurement outcome.,0.0,synthetic_demo,True
PO-00314,Acme Industrial Supplies,Raw Metals,2023-07-03,2023-07-12,Delivered,1319,141.08,126.76,16,Compliant,9.0,,0.0121,14.32,18888.08,,Fulfillment completed within standard operational window.,Standard warehouse acceptance.,Standard Approval,Successful procurement outcome.,0.0,synthetic_demo,True
PO-00315,Acme Industrial Supplies,Raw Metals,2024-02-11,2024-02-24,Delivered,1477,71.95,65.59,34,Compliant,13.0,,0.023,6.36,9393.72,Logistics transit buffer,Vendor reported short-term freight dispatch delay.,Supplier offered expedited freight.,Accepted with Warning,Delivered in 13 days.,516.17,synthetic_demo,True
PO-00316,Acme Industrial Supplies,Raw Metals,2024-10-31,,Cancelled,1605,27.29,25.64,0,Non-Compliant,,,0.0,1.65,2648.25,Order cancellation due to stock shortage,Vendor confirmed temporary inventory exhaustion.,Purchase order terminated.,Order Cancelled,Order cancelled.,1000.0,synthetic_demo,True
PO-00317,Acme Industrial Supplies,Raw Metals,2024-07-19,2024-07-27,Delivered,1781,119.8,108.01,63,Non-Compliant,8.0,,0.0354,11.79,20997.99,Logistics transit buffer,Vendor reported short-term freight dispatch delay.,Supplier offered expedited freight.,Accepted with Warning,Delivered in 8 days.,307.49,synthetic_demo,True
PO-00318,Acme Industrial Supplies,Raw Metals,2024-06-24,2024-07-05,Delivered,1827,179.23,165.49,0,Compliant,11.0,,0.0,13.74,25102.98,,Fulfillment completed within standard operational window.,Standard warehouse acceptance.,Standard Approval,Successful procurement outcome.,0.0,synthetic_demo,True
PO-00319,Acme Industrial Supplies,Raw Metals,2023-02-17,2023-03-07,Delivered,117,61.25,54.82,5,Non-Compliant,18.0,,0.0427,6.43,752.31,Logistics transit buffer,Vendor reported short-term freight dispatch delay.,Supplier offered expedited freight.,Accepted with Warning,Delivered in 18 days.,932.56,synthetic_demo,True
PO-00320,Acme Industrial Supplies,Raw Metals,2023-08-01,2023-08-11,Partially Delivered,207,88.83,82.04,7,Non-Compliant,10.0,,0.0338,6.79,1405.53,Logistics transit buffer,Vendor reported short-term freight dispatch delay.,Supplier offered expedited freight.,Accepted with Warning,Delivered in 10 days.,717.78,synthetic_demo,True
PO-00321,Global Tech Corp,Electronics,2024-11-24,2024-12-07,Partially Delivered,1461,186.56,173.49,54,Non-Compliant,13.0,,0.037,13.07,19095.27,Logistics transit buffer,Vendor reported short-term freight dispatch delay.,Supplier offered expedited freight.,Accepted with Warning,Delivered in 13 days.,1227.65,synthetic_demo,True
PO-00322,Global Tech Corp,Electronics,2023-02-24,2023-03-10,Delivered,205,98.34,88.81,0,Compliant,14.0,,0.0,9.53,1953.65,,Fulfillment completed within standard operational window.,Standard warehouse acceptance.,Standard Approval,Successful procurement outcome.,0.0,synthetic_demo,True
PO-00323,Global Tech Corp,Electronics,2023-12-01,2023-12-19,Delivered,1054,72.47,67.01,0,Compliant,18.0,,0.0,5.46,5754.84,Logistics transit buffer,Vendor reported short-term freight dispatch delay.,Supplier offered expedited freight.,Accepted with Warning,Delivered in 18 days.,1490.36,synthetic_demo,True
PO-00324,Global Tech Corp,Electronics,2024-03-18,2024-04-05,Delivered,654,203.55,184.96,12,Compliant,18.0,,0.0183,18.59,12157.86,Logistics transit buffer,Vendor reported short-term freight dispatch delay.,Supplier offered expedited freight.,Accepted with Warning,Delivered in 18 days.,1203.82,synthetic_demo,True
PO-00325,Global Tech Corp,Electronics,2023-10-02,2023-10-16,Delivered,698,102.96,99.96,22,Non-Compliant,14.0,,0.0315,3.0,2094.0,Logistics transit buffer,Vendor reported short-term freight dispatch delay.,Supplier offered expedited freight.,Accepted with Warning,Delivered in 14 days.,1161.55,synthetic_demo,True
PO-00326,Global Tech Corp,Electronics,2024-03-31,2024-04-20,Delivered,433,119.13,110.11,0,Compliant,20.0,,0.0,9.02,3905.66,Logistics transit buffer,Vendor reported short-term freight dispatch delay.,Supplier offered expedited freight.,Accepted with Warning,Delivered in 20 days.,372.26,synthetic_demo,True
PO-00327,Global Tech Corp,Electronics,2024-02-22,2024-03-01,Delivered,1185,41.4,38.1,0,Compliant,8.0,,0.0,3.3,3910.5,,Fulfillment completed within standard operational window.,Standard warehouse acceptance.,Standard Approval,Successful procurement outcome.,0.0,synthetic_demo,True
PO-00328,Global Tech Corp,Electronics,2024-01-30,2024-02-11,Delivered,1195,228.2,201.31,47,Non-Compliant,12.0,,0.0393,26.89,32133.55,Logistics transit buffer,Vendor reported short-term freight dispatch delay.,Supplier offered expedited freight.,Accepted with Warning,Delivered in 12 days.,1142.3,synthetic_demo,True
PO-00329,Global Tech Corp,Electronics,2023-06-23,,Cancelled,829,58.99,56.22,0,Non-Compliant,,,0.0,2.77,2296.33,Order cancellation due to stock shortage,Vendor confirmed temporary inventory exhaustion.,Purchase order terminated.,Order Cancelled,Order cancelled.,1000.0,synthetic_demo,True
PO-00330,Global Tech Corp,Electronics,2024-05-19,2024-05-28,Delivered,615,116.85,108.85,0,Compliant,9.0,,0.0,8.0,4920.0,,Fulfillment completed within standard operational window.,Standard warehouse acceptance.,Standard Approval,Successful procurement outcome.,0.0,synthetic_demo,True
PO-00331,Global Tech Corp,Electronics,2024-01-05,2024-01-16,Delivered,987,44.6,42.35,24,Compliant,11.0,,0.0243,2.25,2220.75,Logistics transit buffer,Vendor reported short-term freight dispatch delay.,Supplier offered expedited freight.,Accepted with Warning,Delivered in 11 days.,1001.67,synthetic_demo,True
PO-00332,Global Tech Corp,Electronics,2023-12-07,2023-12-21,Partially Delivered,735,119.04,106.86,12,Compliant,14.0,,0.0163,12.18,8952.3,,Fulfillment completed within standard operational window.,Standard warehouse acceptance.,Standard Approval,Successful procurement outcome.,0.0,synthetic_demo,True
PO-00333,Global Tech Corp,Electronics,2023-11-04,2023-11-21,Delivered,865,242.81,230.88,9,Compliant,17.0,,0.0104,11.93,10319.45,Logistics transit buffer,Vendor reported short-term freight dispatch delay.,Supplier offered expedited freight.,Accepted with Warning,Delivered in 17 days.,608.44,synthetic_demo,True
PO-00334,Global Tech Corp,Electronics,2024-08-12,2024-08-25,Delivered,283,234.38,225.01,12,Non-Compliant,13.0,,0.0424,9.37,2651.71,Logistics transit buffer,Vendor reported short-term freight dispatch delay.,Supplier offered expedited freight.,Accepted with Warning,Delivered in 13 days.,710.82,synthetic_demo,True
PO-00335,Global Tech Corp,Electronics,2023-07-04,,Cancelled,1622,146.52,129.63,0,Non-Compliant,,,0.0,16.89,27395.58,Order cancellation due to stock shortage,Vendor confirmed temporary inventory exhaustion.,Purchase order terminated.,Order Cancelled,Order cancelled.,1000.0,synthetic_demo,True
PO-00336,Global Tech Corp,Electronics,2023-08-03,2023-08-23,Delivered,1727,214.99,193.6,0,Compliant,20.0,,0.0,21.39,36940.53,Logistics transit buffer,Vendor reported short-term freight dispatch delay.,Supplier offered expedited freight.,Accepted with Warning,Delivered in 20 days.,1100.69,synthetic_demo,True
PO-00337,Global Tech Corp,Electronics,2023-05-23,,Cancelled,670,75.66,69.16,0,Non-Compliant,,,0.0,6.5,4355.0,Order cancellation due to stock shortage,Vendor confirmed temporary inventory exhaustion.,Purchase order terminated.,Order Cancelled,Order cancelled.,1000.0,synthetic_demo,True
PO-00338,Global Tech Corp,Electronics,2024-01-22,2024-02-06,Delivered,1087,232.4,207.54,26,Compliant,15.0,,0.0239,24.86,27022.82,Logistics transit buffer,Vendor reported short-term freight dispatch delay.,Supplier offered expedited freight.,Accepted with Warning,Delivered in 15 days.,721.05,synthetic_demo,True
PO-00339,Global Tech Corp,Electronics,2024-07-10,2024-07-30,Delivered,1266,166.78,162.03,44,Non-Compliant,20.0,,0.0348,4.75,6013.5,Logistics transit buffer,Vendor reported short-term freight dispatch delay.,Supplier offered expedited freight.,Accepted with Warning,Delivered in 20 days.,1255.99,synthetic_demo,True
PO-00340,Global Tech Corp,Electronics,2024-11-04,,Cancelled,777,58.26,53.53,0,Non-Compliant,,,0.0,4.73,3675.21,Order cancellation due to stock shortage,Vendor confirmed temporary inventory exhaustion.,Purchase order terminated.,Order Cancelled,Order cancelled.,1000.0,synthetic_demo,True
PO-00341,Global Tech Corp,Electronics,2023-12-06,2023-12-15,Delivered,579,71.06,64.33,0,Compliant,9.0,,0.0,6.73,3896.67,,Fulfillment completed within standard operational window.,Standard warehouse acceptance.,Standard Approval,Successful procurement outcome.,0.0,synthetic_demo,True
PO-00342,Global Tech Corp,Electronics,2024-08-17,,Cancelled,1228,70.84,66.77,0,Non-Compliant,,,0.0,4.07,4997.96,Order cancellation due to stock shortage,Vendor confirmed temporary inventory exhaustion.,Purchase order terminated.,Order Cancelled,Order cancelled.,1000.0,synthetic_demo,True
PO-00343,Global Tech Corp,Electronics,2024-11-26,2024-12-15,Partially Delivered,264,87.95,78.09,5,Compliant,19.0,,0.0189,9.86,2603.04,Logistics transit buffer,Vendor reported short-term freight dispatch delay.,Supplier offered expedited freight.,Accepted with Warning,Delivered in 19 days.,231.93,synthetic_demo,True
PO-00344,Global Tech Corp,Electronics,2023-04-29,,Cancelled,340,100.12,94.68,0,Non-Compliant,,,0.0,5.44,1849.6,Order cancellation due to stock shortage,Vendor confirmed temporary inventory exhaustion.,Purchase order terminated.,Order Cancelled,Order cancelled.,1000.0,synthetic_demo,True
PO-00345,Global Tech Corp,Electronics,2024-06-17,2024-06-30,Delivered,703,35.45,34.58,15,Compliant,13.0,,0.0213,0.87,611.61,Logistics transit buffer,Vendor reported short-term freight dispatch delay.,Supplier offered expedited freight.,Accepted with Warning,Delivered in 13 days.,1105.79,synthetic_demo,True
PO-00346,Global Tech Corp,Electronics,2023-01-24,2023-02-11,Delivered,1954,246.3,235.37,0,Compliant,18.0,,0.0,10.93,21357.22,Logistics transit buffer,Vendor reported short-term freight dispatch delay.,Supplier offered expedited freight.,Accepted with Warning,Delivered in 18 days.,1240.07,synthetic_demo,True
PO-00347,Global Tech Corp,Electronics,2024-07-19,2024-08-01,Delivered,879,164.84,158.47,42,Non-Compliant,13.0,,0.0478,6.37,5599.23,Logistics transit buffer,Vendor reported short-term freight dispatch delay.,Supplier offered expedited freight.,Accepted with Warning,Delivered in 13 days.,501.41,synthetic_demo,True
PO-00348,Global Tech Corp,Electronics,2024-02-10,2024-02-29,Delivered,846,21.02,20.15,8,Compliant,19.0,,0.0095,0.87,736.02,Logistics transit buffer,Vendor reported short-term freight dispatch delay.,Supplier offered expedited freight.,Accepted with Warning,Delivered in 19 days.,969.86,synthetic_demo,True
PO-00349,Global Tech Corp,Electronics,2024-12-21,2025-01-07,Delivered,432,104.13,100.0,0,Compliant,17.0,,0.0,4.13,1784.16,Logistics transit buffer,Vendor reported short-term freight dispatch delay.,Supplier offered expedited freight.,Accepted with Warning,Delivered in 17 days.,1333.57,synthetic_demo,True
PO-00350,Global Tech Corp,Electronics,2023-09-26,,Cancelled,1816,132.58,117.12,0,Non-Compliant,,,0.0,15.46,28075.36,Order cancellation due to stock shortage,Vendor confirmed temporary inventory exhaustion.,Purchase order terminated.,Order Cancelled,Order cancelled.,1000.0,synthetic_demo,True
PO-00351,Global Tech Corp,Electronics,2024-09-03,2024-09-20,Delivered,987,161.99,145.57,6,Compliant,17.0,,0.0061,16.42,16206.54,Logistics transit buffer,Vendor reported short-term freight dispatch delay.,Supplier offered expedited freight.,Accepted with Warning,Delivered in 17 days.,657.58,synthetic_demo,True
PO-00352,Global Tech Corp,Electronics,2024-09-21,2024-09-30,Partially Delivered,538,90.24,86.78,8,Compliant,9.0,,0.0149,3.46,1861.48,,Fulfillment completed within standard operational window.,Standard warehouse acceptance.,Standard Approval,Successful procurement outcome.,0.0,synthetic_demo,True
PO-00353,Global Tech Corp,Electronics,2024-06-07,2024-06-21,Delivered,1046,166.17,151.32,30,Compliant,14.0,,0.0287,14.85,15533.1,Logistics transit buffer,Vendor reported short-term freight dispatch delay.,Supplier offered expedited freight.,Accepted with Warning,Delivered in 14 days.,749.95,synthetic_demo,True
PO-00354,Global Tech Corp,Electronics,2024-07-22,2024-08-06,Delivered,433,92.35,86.34,0,Compliant,15.0,,0.0,6.01,2602.33,,Fulfillment completed within standard operational window.,Standard warehouse acceptance.,Standard Approval,Successful procurement outcome.,0.0,synthetic_demo,True
PO-00355,Global Tech Corp,Electronics,2024-01-03,2024-01-18,Delivered,1719,108.31,100.06,0,Compliant,15.0,,0.0,8.25,14181.75,,Fulfillment completed within standard operational window.,Standard warehouse acceptance.,Standard Approval,Successful procurement outcome.,0.0,synthetic_demo,True
PO-00356,Global Tech Corp,Electronics,2024-02-23,,Cancelled,1057,115.6,103.58,0,Non-Compliant,,,0.0,12.02,12705.14,Order cancellation due to stock shortage,Vendor confirmed temporary inventory exhaustion.,Purchase order terminated.,Order Cancelled,Order cancelled.,1000.0,synthetic_demo,True
PO-00357,Global Tech Corp,Electronics,2023-06-21,2023-07-08,Delivered,648,27.52,26.35,0,Compliant,17.0,,0.0,1.17,758.16,Logistics transit buffer,Vendor reported short-term freight dispatch delay.,Supplier offered expedited freight.,Accepted with Warning,Delivered in 17 days.,1189.37,synthetic_demo,True
PO-00358,Global Tech Corp,Electronics,2023-06-22,2023-07-09,Delivered,281,151.72,144.62,11,Non-Compliant,17.0,,0.0391,7.1,1995.1,Logistics transit buffer,Vendor reported short-term freight dispatch delay.,Supplier offered expedited freight.,Accepted with Warning,Delivered in 17 days.,914.64,synthetic_demo,True
PO-00359,Global Tech Corp,Electronics,2024-01-11,2024-01-31,Partially Delivered,1168,70.26,65.87,0,Compliant,20.0,,0.0,4.39,5127.52,Logistics transit buffer,Vendor reported short-term freight dispatch delay.,Supplier offered expedited freight.,Accepted with Warning,Delivered in 20 days.,1134.67,synthetic_demo,True
PO-00360,Global Tech Corp,Electronics,2023-11-01,2023-11-16,Delivered,1815,207.85,194.57,0,Compliant,15.0,,0.0,13.28,24103.2,,Fulfillment completed within standard operational window.,Standard warehouse acceptance.,Standard Approval,Successful procurement outcome.,0.0,synthetic_demo,True
PO-00361,Global Tech Corp,Electronics,2023-08-31,2023-09-20,Delivered,1299,165.54,159.48,45,Non-Compliant,20.0,,0.0346,6.06,7871.94,Logistics transit buffer,Vendor reported short-term freight dispatch delay.,Supplier offered expedited freight.,Accepted with Warning,Delivered in 20 days.,1319.36,synthetic_demo,True
PO-00362,Global Tech Corp,Electronics,2023-07-31,2023-08-20,Delivered,625,157.28,151.49,0,Compliant,20.0,,0.0,5.79,3618.75,Logistics transit buffer,Vendor reported short-term freight dispatch delay.,Supplier offered expedited freight.,Accepted with Warning,Delivered in 20 days.,656.06,synthetic_demo,True
PO-00363,Global Tech Corp,Electronics,2023-10-24,2023-11-05,Partially Delivered,1719,41.9,37.03,44,Compliant,12.0,,0.0256,4.87,8371.53,Logistics transit buffer,Vendor reported short-term freight dispatch delay.,Supplier offered expedited freight.,Accepted with Warning,Delivered in 12 days.,1370.2,synthetic_demo,True
PO-00364,Global Tech Corp,Electronics,2023-03-02,2023-03-20,Delivered,561,53.64,50.84,0,Compliant,18.0,,0.0,2.8,1570.8,Logistics transit buffer,Vendor reported short-term freight dispatch delay.,Supplier offered expedited freight.,Accepted with Warning,Delivered in 18 days.,1325.9,synthetic_demo,True
PO-00365,Global Tech Corp,Electronics,2024-11-23,2024-12-08,Delivered,1345,81.8,76.78,0,Compliant,15.0,,0.0,5.02,6751.9,,Fulfillment completed within standard operational window.,Standard warehouse acceptance.,Standard Approval,Successful procurement outcome.,0.0,synthetic_demo,True
PO-00366,Global Tech Corp,Electronics,2023-03-19,,Cancelled,1677,222.43,215.91,0,Non-Compliant,,,0.0,6.52,10934.04,Order cancellation due to stock shortage,Vendor confirmed temporary inventory exhaustion.,Purchase order terminated.,Order Cancelled,Order cancelled.,1000.0,synthetic_demo,True
PO-00367,Global Tech Corp,Electronics,2023-10-12,,Cancelled,1967,221.78,207.26,0,Non-Compliant,,,0.0,14.52,28560.84,Order cancellation due to stock shortage,Vendor confirmed temporary inventory exhaustion.,Purchase order terminated.,Order Cancelled,Order cancelled.,1000.0,synthetic_demo,True
PO-00368,Global Tech Corp,Electronics,2023-12-02,2023-12-10,Partially Delivered,988,166.01,151.11,42,Non-Compliant,8.0,,0.0425,14.9,14721.2,Logistics transit buffer,Vendor reported short-term freight dispatch delay.,Supplier offered expedited freight.,Accepted with Warning,Delivered in 8 days.,321.08,synthetic_demo,True
PO-00369,Global Tech Corp,Electronics,2024-07-01,2024-07-12,Delivered,711,210.52,199.2,29,Non-Compliant,11.0,,0.0408,11.32,8048.52,Logistics transit buffer,Vendor reported short-term freight dispatch delay.,Supplier offered expedited freight.,Accepted with Warning,Delivered in 11 days.,843.13,synthetic_demo,True
PO-00370,Global Tech Corp,Electronics,2024-08-02,2024-08-22,Delivered,253,164.02,147.02,9,Non-Compliant,20.0,,0.0356,17.0,4301.0,Logistics transit buffer,Vendor reported short-term freight dispatch delay.,Supplier offered expedited freight.,Accepted with Warning,Delivered in 20 days.,262.93,synthetic_demo,True
PO-00371,Global Tech Corp,Electronics,2023-05-08,2023-05-23,Delivered,1460,229.16,204.36,72,Non-Compliant,15.0,,0.0493,24.8,36208.0,Logistics transit buffer,Vendor reported short-term freight dispatch delay.,Supplier offered expedited freight.,Accepted with Warning,Delivered in 15 days.,756.14,synthetic_demo,True
PO-00372,Global Tech Corp,Electronics,2023-06-12,2023-06-21,Delivered,811,172.84,158.17,10,Compliant,9.0,,0.0123,14.67,11897.37,,Fulfillment completed within standard operational window.,Standard warehouse acceptance.,Standard Approval,Successful procurement outcome.,0.0,synthetic_demo,True
PO-00373,Global Tech Corp,Electronics,2024-02-10,,Cancelled,675,186.98,169.12,0,Non-Compliant,,,0.0,17.86,12055.5,Order cancellation due to stock shortage,Vendor confirmed temporary inventory exhaustion.,Purchase order terminated.,Order Cancelled,Order cancelled.,1000.0,synthetic_demo,True
PO-00374,Global Tech Corp,Electronics,2024-11-02,2024-11-21,Delivered,209,50.52,48.37,0,Compliant,19.0,,0.0,2.15,449.35,Logistics transit buffer,Vendor reported short-term freight dispatch delay.,Supplier offered expedited freight.,Accepted with Warning,Delivered in 19 days.,477.45,synthetic_demo,True
PO-00375,Global Tech Corp,Electronics,2023-01-10,2023-01-29,Delivered,1471,50.4,49.04,9,Compliant,19.0,,0.0061,1.36,2000.56,Logistics transit buffer,Vendor reported short-term freight dispatch delay.,Supplier offered expedited freight.,Accepted with Warning,Delivered in 19 days.,1318.44,synthetic_demo,True
PO-00376,Global Tech Corp,Electronics,2023-04-02,,Cancelled,1700,43.56,41.32,0,Non-Compliant,,,0.0,2.24,3808.0,Order cancellation due to stock shortage,Vendor confirmed temporary inventory exhaustion.,Purchase order terminated.,Order Cancelled,Order cancelled.,1000.0,synthetic_demo,True
PO-00377,Global Tech Corp,Electronics,2023-05-21,2023-06-10,Delivered,1436,52.86,49.0,63,Non-Compliant,20.0,,0.0439,3.86,5542.96,Logistics transit buffer,Vendor reported short-term freight dispatch delay.,Supplier offered expedited freight.,Accepted with Warning,Delivered in 20 days.,1034.05,synthetic_demo,True
PO-00378,Global Tech Corp,Electronics,2024-09-16,,Cancelled,386,121.22,110.04,0,Non-Compliant,,,0.0,11.18,4315.48,Order cancellation due to stock shortage,Vendor confirmed temporary inventory exhaustion.,Purchase order terminated.,Order Cancelled,Order cancelled.,1000.0,synthetic_demo,True
PO-00379,Global Tech Corp,Electronics,2024-02-26,2024-03-15,Partially Delivered,336,193.06,177.82,4,Compliant,18.0,,0.0119,15.24,5120.64,Logistics transit buffer,Vendor reported short-term freight dispatch delay.,Supplier offered expedited freight.,Accepted with Warning,Delivered in 18 days.,1365.57,synthetic_demo,True
PO-00380,Global Tech Corp,Electronics,2023-12-26,2024-01-08,Delivered,1370,39.38,36.41,17,Compliant,13.0,,0.0124,2.97,4068.9,,Fulfillment completed within standard operational window.,Standard warehouse acceptance.,Standard Approval,Successful procurement outcome.,0.0,synthetic_demo,True
PO-00381,Global Tech Corp,Electronics,2024-12-08,2024-12-26,Delivered,436,192.0,182.49,4,Compliant,18.0,,0.0092,9.51,4146.36,Logistics transit buffer,Vendor reported short-term freight dispatch delay.,Supplier offered expedited freight.,Accepted with Warning,Delivered in 18 days.,989.0,synthetic_demo,True
PO-00382,Global Tech Corp,Electronics,2023-09-03,2023-09-17,Delivered,1073,166.76,162.24,0,Compliant,14.0,,0.0,4.52,4849.96,,Fulfillment completed within standard operational window.,Standard warehouse acceptance.,Standard Approval,Successful procurement outcome.,0.0,synthetic_demo,True
PO-00383,Global Tech Corp,Electronics,2024-01-05,2024-01-15,Delivered,1168,177.08,160.03,49,Non-Compliant,10.0,,0.042,17.05,19914.4,Logistics transit buffer,Vendor reported short-term freight dispatch delay.,Supplier offered expedited freight.,Accepted with Warning,Delivered in 10 days.,747.12,synthetic_demo,True
PO-00384,Global Tech Corp,Electronics,2023-01-18,2023-01-27,Partially Delivered,491,29.16,28.4,0,Compliant,9.0,,0.0,0.76,373.16,,Fulfillment completed within standard operational window.,Standard warehouse acceptance.,Standard Approval,Successful procurement outcome.,0.0,synthetic_demo,True
PO-00385,Global Tech Corp,Electronics,2024-06-02,2024-06-20,Delivered,873,38.96,36.09,33,Non-Compliant,18.0,,0.0378,2.87,2505.51,Logistics transit buffer,Vendor reported short-term freight dispatch delay.,Supplier offered expedited freight.,Accepted with Warning,Delivered in 18 days.,750.65,synthetic_demo,True
PO-00386,Global Tech Corp,Electronics,2023-10-12,2023-10-24,Delivered,1936,66.74,60.01,0,Compliant,12.0,,0.0,6.73,13029.28,,Fulfillment completed within standard operational window.,Standard warehouse acceptance.,Standard Approval,Successful procurement outcome.,0.0,synthetic_demo,True
PO-00387,Global Tech Corp,Electronics,2023-12-01,2023-12-18,Delivered,185,91.34,85.52,8,Non-Compliant,17.0,,0.0432,5.82,1076.7,Logistics transit buffer,Vendor reported short-term freight dispatch delay.,Supplier offered expedited freight.,Accepted with Warning,Delivered in 17 days.,1085.37,synthetic_demo,True
PO-00388,Global Tech Corp,Electronics,2023-03-01,2023-03-10,Delivered,1303,160.03,151.88,8,Compliant,9.0,,0.0061,8.15,10619.45,,Fulfillment completed within standard operational window.,Standard warehouse acceptance.,Standard Approval,Successful procurement outcome.,0.0,synthetic_demo,True
PO-00389,Global Tech Corp,Electronics,2023-05-03,2023-05-22,Delivered,1066,239.19,221.9,0,Compliant,19.0,,0.0,17.29,18431.14,Logistics transit buffer,Vendor reported short-term freight dispatch delay.,Supplier offered expedited freight.,Accepted with Warning,Delivered in 19 days.,214.76,synthetic_demo,True
PO-00390,Global Tech Corp,Electronics,2023-06-20,2023-06-30,Delivered,291,197.43,192.9,13,Non-Compliant,10.0,,0.0447,4.53,1318.23,Logistics transit buffer,Vendor reported short-term freight dispatch delay.,Supplier offered expedited freight.,Accepted with Warning,Delivered in 10 days.,1152.82,synthetic_demo,True
PO-00391,Pinnacle Materials,Structural Steel,2024-06-20,2024-07-02,Delivered,982,137.48,133.97,28,Compliant,12.0,,0.0285,3.51,3446.82,Logistics transit buffer,Vendor reported short-term freight dispatch delay.,Supplier offered expedited freight.,Accepted with Warning,Delivered in 12 days.,300.19,synthetic_demo,True
PO-00392,Titan Metals,Raw Metals,2023-06-11,2023-07-01,Delivered,1530,46.53,42.15,0,Compliant,20.0,,0.0,4.38,6701.4,Logistics transit buffer,Vendor reported short-term freight dispatch delay.,Supplier offered expedited freight.,Accepted with Warning,Delivered in 20 days.,946.09,synthetic_demo,True
PO-00393,SteelCore,Structural Steel,2023-01-13,2023-01-21,Delivered,357,61.16,54.06,7,Compliant,8.0,,0.0196,7.1,2534.7,,Fulfillment completed within standard operational window.,Standard warehouse acceptance.,Standard Approval,Successful procurement outcome.,0.0,synthetic_demo,True
PO-00394,MetalWorks,Structural Steel,2024-11-02,2024-11-14,Delivered,558,115.74,105.09,2,Compliant,12.0,,0.0036,10.65,5942.7,,MetalWorks completed fulfillment according to primary SLA.,Standard receipt.,Standard Approval,Flawless fulfillment; zero defect threshold maintained.,0.0,synthetic_demo,True
PO-00395,Polymer Tech,Plastics,2024-08-08,2024-08-17,Delivered,1697,138.63,135.22,77,Non-Compliant,9.0,,0.0454,3.41,5786.77,Logistics transit buffer,Vendor reported short-term freight dispatch delay.,Supplier offered expedited freight.,Accepted with Warning,Delivered in 9 days.,433.15,synthetic_demo,True
PO-00396,Sovereign Packaging,Packaging,2024-04-21,2024-05-11,Delivered,66,104.85,99.7,1,Compliant,20.0,,0.0152,5.15,339.9,Logistics transit buffer,Vendor reported short-term freight dispatch delay.,Supplier offered expedited freight.,Accepted with Warning,Delivered in 20 days.,919.02,synthetic_demo,True
PO-00397,Omni Logistics,Logistics Equipment,2024-04-20,2024-05-07,Delivered,1550,227.1,205.29,77,Non-Compliant,17.0,,0.0497,21.81,33805.5,Logistics transit buffer,Vendor reported short-term freight dispatch delay.,Supplier offered expedited freight.,Accepted with Warning,Delivered in 17 days.,1208.65,synthetic_demo,True
PO-00398,Apex Components,Machinery Parts,2023-01-07,2023-01-15,Delivered,759,166.27,151.41,0,Compliant,8.0,,0.0,14.86,11278.74,,Fulfillment completed within standard operational window.,Standard warehouse acceptance.,Standard Approval,Successful procurement outcome.,0.0,synthetic_demo,True
PO-00399,SteelCore,Structural Steel,2023-01-02,,Cancelled,820,215.27,195.31,0,Non-Compliant,,,0.0,19.96,16367.2,Order cancellation due to stock shortage,Vendor confirmed temporary inventory exhaustion.,Purchase order terminated.,Order Cancelled,Order cancelled.,1000.0,synthetic_demo,True
PO-00400,Acme Industrial Supplies,Raw Metals,2024-06-26,2024-07-10,Delivered,341,183.68,178.3,1,Compliant,14.0,,0.0029,5.38,1834.58,,Fulfillment completed within standard operational window.,Standard warehouse acceptance.,Standard Approval,Successful procurement outcome.,0.0,synthetic_demo,True
PO-00401,Apex Components,Machinery Parts,2024-02-27,,Cancelled,1884,105.67,93.26,0,Non-Compliant,,,0.0,12.41,23380.44,Order cancellation due to stock shortage,Vendor confirmed temporary inventory exhaustion.,Purchase order terminated.,Order Cancelled,Order cancelled.,1000.0,synthetic_demo,True
PO-00402,PrimeSteel,Structural Steel,2024-06-01,2024-06-17,Delivered,1212,34.33,31.37,27,Compliant,16.0,,0.0223,2.96,3587.52,Standard transit schedule,PrimeSteel fulfilled order with minor lead time variance.,Standard inspection and receipt.,Standard Approval,Delivered in 16 days with minor defect rate.,0.0,synthetic_demo,True
PO-00403,Global Tech Corp,Electronics,2023-10-26,2023-11-08,Delivered,1753,189.13,179.33,34,Compliant,13.0,,0.0194,9.8,17179.4,,Fulfillment completed within standard operational window.,Standard warehouse acceptance.,Standard Approval,Successful procurement outcome.,0.0,synthetic_demo,True
PO-00404,Polymer Tech,Plastics,2023-03-18,2023-03-28,Delivered,386,123.4,117.06,11,Compliant,10.0,,0.0285,6.34,2447.24,Logistics transit buffer,Vendor reported short-term freight dispatch delay.,Supplier offered expedited freight.,Accepted with Warning,Delivered in 10 days.,402.03,synthetic_demo,True
PO-00405,Acme Industrial Supplies,Raw Metals,2024-01-02,2024-01-17,Delivered,295,40.8,36.69,4,Compliant,15.0,,0.0136,4.11,1212.45,,Fulfillment completed within standard operational window.,Standard warehouse acceptance.,Standard Approval,Successful procurement outcome.,0.0,synthetic_demo,True
PO-00406,Omni Logistics,Logistics Equipment,2023-08-09,2023-08-19,Delivered,558,242.73,228.26,0,Compliant,10.0,,0.0,14.47,8074.26,,Fulfillment completed within standard operational window.,Standard warehouse acceptance.,Standard Approval,Successful procurement outcome.,0.0,synthetic_demo,True
PO-00407,MetalWorks,Structural Steel,2023-09-24,2023-10-04,Delivered,878,216.56,200.19,2,Compliant,10.0,,0.0023,16.37,14372.86,,MetalWorks completed fulfillment according to primary SLA.,Standard receipt.,Standard Approval,Flawless fulfillment; zero defect threshold maintained.,0.0,synthetic_demo,True
PO-00408,Horizon Freight,Logistics Equipment,2023-04-07,2023-04-16,Delivered,74,34.18,30.83,1,Compliant,9.0,,0.0135,3.35,247.9,,Fulfillment completed within standard operational window.,Standard warehouse acceptance.,Standard Approval,Successful procurement outcome.,0.0,synthetic_demo,True
PO-00409,Apex Components,Machinery Parts,2023-07-22,2023-08-04,Delivered,1250,79.53,71.48,59,Non-Compliant,13.0,,0.0472,8.05,10062.5,Logistics transit buffer,Vendor reported short-term freight dispatch delay.,Supplier offered expedited freight.,Accepted with Warning,Delivered in 13 days.,309.25,synthetic_demo,True
PO-00410,SteelCore,Structural Steel,2023-07-22,2023-08-16,Partially Delivered,1706,96.26,93.92,219,Non-Compliant,25.0,,0.1284,2.34,3992.04,Summer seasonal port customs backlog and factory heat-treatment calibration delay,SteelCore reported sub-tier furnace maintenance and regional port congestion.,Batch quarantined; supplier dispatched technical team and offered 5% credit.,Conditional Approval with Penalty,Delivered after 25 days with 12.9% defect rate.,7583.65,synthetic_demo,True
PO-00411,Matrix Supplies,Machinery Parts,2023-06-22,2023-07-06,Partially Delivered,110,108.03,101.26,2,Compliant,14.0,,0.0182,6.77,744.7,,Fulfillment completed within standard operational window.,Standard warehouse acceptance.,Standard Approval,Successful procurement outcome.,0.0,synthetic_demo,True
PO-00412,Vanguard Chemicals,Chemicals,2023-07-11,2023-07-23,Delivered,1307,162.41,155.17,10,Compliant,12.0,,0.0077,7.24,9462.68,,Fulfillment completed within standard operational window.,Standard warehouse acceptance.,Standard Approval,Successful procurement outcome.,0.0,synthetic_demo,True
PO-00413,Omni Logistics,Logistics Equipment,2024-02-26,2024-03-12,Partially Delivered,622,108.09,101.4,0,Compliant,15.0,,0.0,6.69,4161.18,,Fulfillment completed within standard operational window.,Standard warehouse acceptance.,Standard Approval,Successful procurement outcome.,0.0,synthetic_demo,True
PO-00414,Zenith Global,Fasteners,2024-10-07,2024-10-27,Partially Delivered,1510,102.6,94.96,0,Compliant,20.0,,0.0,7.64,11536.4,Logistics transit buffer,Vendor reported short-term freight dispatch delay.,Supplier offered expedited freight.,Accepted with Warning,Delivered in 20 days.,697.25,synthetic_demo,True
PO-00415,Alpha Industrial,Raw Metals,2024-08-02,2024-08-15,Partially Delivered,703,157.34,153.73,6,Compliant,13.0,,0.0085,3.61,2537.83,,Fulfillment completed within standard operational window.,Standard warehouse acceptance.,Standard Approval,Successful procurement outcome.,0.0,synthetic_demo,True
PO-00416,Polymer Tech,Plastics,2024-04-28,2024-05-11,Partially Delivered,255,77.01,73.61,13,Non-Compliant,13.0,,0.051,3.4,867.0,Logistics transit buffer,Vendor reported short-term freight dispatch delay.,Supplier offered expedited freight.,Accepted with Warning,Delivered in 13 days.,1466.17,synthetic_demo,True
PO-00417,Horizon Freight,Logistics Equipment,2023-08-13,2023-09-02,Partially Delivered,405,60.5,55.71,19,Non-Compliant,20.0,,0.0469,4.79,1939.95,Logistics transit buffer,Vendor reported short-term freight dispatch delay.,Supplier offered expedited freight.,Accepted with Warning,Delivered in 20 days.,1489.0,synthetic_demo,True
PO-00418,Vanguard Chemicals,Chemicals,2024-12-21,,Cancelled,770,237.94,219.77,0,Non-Compliant,,,0.0,18.17,13990.9,Order cancellation due to stock shortage,Vendor confirmed temporary inventory exhaustion.,Purchase order terminated.,Order Cancelled,Order cancelled.,1000.0,synthetic_demo,True
PO-00419,Precision Fasteners,Fasteners,2024-07-09,2024-07-19,Delivered,526,158.38,154.9,2,Compliant,10.0,,0.0038,3.48,1830.48,,Fulfillment completed within standard operational window.,Standard warehouse acceptance.,Standard Approval,Successful procurement outcome.,0.0,synthetic_demo,True
PO-00420,Alpha Industrial,Raw Metals,2023-12-06,2023-12-17,Partially Delivered,413,231.32,207.16,7,Compliant,11.0,,0.0169,24.16,9978.08,,Fulfillment completed within standard operational window.,Standard warehouse acceptance.,Standard Approval,Successful procurement outcome.,0.0,synthetic_demo,True
PO-00421,Quantum Electronics,Electronics,2023-01-23,2023-02-09,Delivered,1127,217.95,192.66,8,Compliant,17.0,,0.0071,25.29,28501.83,Logistics transit buffer,Vendor reported short-term freight dispatch delay.,Supplier offered expedited freight.,Accepted with Warning,Delivered in 17 days.,344.2,synthetic_demo,True
PO-00422,Vanguard Chemicals,Chemicals,2024-08-23,2024-09-05,Delivered,372,188.44,176.44,3,Compliant,13.0,,0.0081,12.0,4464.0,,Fulfillment completed within standard operational window.,Standard warehouse acceptance.,Standard Approval,Successful procurement outcome.,0.0,synthetic_demo,True
PO-00423,Alpha Industrial,Raw Metals,2023-06-28,,Cancelled,1200,179.52,159.25,0,Non-Compliant,,,0.0,20.27,24324.0,Order cancellation due to stock shortage,Vendor confirmed temporary inventory exhaustion.,Purchase order terminated.,Order Cancelled,Order cancelled.,1000.0,synthetic_demo,True
PO-00424,Vanguard Chemicals,Chemicals,2024-11-12,2024-11-22,Partially Delivered,413,187.63,166.08,15,Non-Compliant,10.0,,0.0363,21.55,8900.15,Logistics transit buffer,Vendor reported short-term freight dispatch delay.,Supplier offered expedited freight.,Accepted with Warning,Delivered in 10 days.,582.87,synthetic_demo,True
PO-00425,Sovereign Packaging,Packaging,2023-07-06,2023-07-19,Partially Delivered,1208,43.95,40.89,58,Non-Compliant,13.0,,0.048,3.06,3696.48,Logistics transit buffer,Vendor reported short-term freight dispatch delay.,Supplier offered expedited freight.,Accepted with Warning,Delivered in 13 days.,487.16,synthetic_demo,True
PO-00426,Quantum Electronics,Electronics,2023-09-01,2023-09-14,Delivered,1863,241.51,216.84,0,Compliant,13.0,,0.0,24.67,45960.21,,Fulfillment completed within standard operational window.,Standard warehouse acceptance.,Standard Approval,Successful procurement outcome.,0.0,synthetic_demo,True
PO-00427,Quantum Electronics,Electronics,2023-01-12,2023-01-23,Delivered,188,100.61,90.68,0,Compliant,11.0,,0.0,9.93,1866.84,,Fulfillment completed within standard operational window.,Standard warehouse acceptance.,Standard Approval,Successful procurement outcome.,0.0,synthetic_demo,True
PO-00428,SteelCore,Structural Steel,2024-01-31,2024-02-19,Delivered,1855,107.1,99.11,15,Compliant,19.0,,0.0081,7.99,14821.45,Logistics transit buffer,Vendor reported short-term freight dispatch delay.,Supplier offered expedited freight.,Accepted with Warning,Delivered in 19 days.,738.22,synthetic_demo,True
PO-00429,Acme Industrial Supplies,Raw Metals,2024-08-14,,Cancelled,1602,178.05,171.59,0,Non-Compliant,,,0.0,6.46,10348.92,Order cancellation due to stock shortage,Vendor confirmed temporary inventory exhaustion.,Purchase order terminated.,Order Cancelled,Order cancelled.,1000.0,synthetic_demo,True
PO-00430,PrimeSteel,Structural Steel,2023-10-29,2023-11-13,Delivered,264,37.07,35.7,7,Compliant,15.0,,0.0265,1.37,361.68,Standard transit schedule,PrimeSteel fulfilled order with minor lead time variance.,Standard inspection and receipt.,Standard Approval,Delivered in 15 days with minor defect rate.,0.0,synthetic_demo,True
PO-00431,Sovereign Packaging,Packaging,2023-03-18,2023-03-27,Partially Delivered,1492,27.13,24.03,74,Non-Compliant,9.0,,0.0496,3.1,4625.2,Logistics transit buffer,Vendor reported short-term freight dispatch delay.,Supplier offered expedited freight.,Accepted with Warning,Delivered in 9 days.,1361.19,synthetic_demo,True
PO-00432,Titan Metals,Raw Metals,2023-06-10,2023-06-19,Delivered,1184,186.07,168.77,58,Non-Compliant,9.0,,0.049,17.3,20483.2,Logistics transit buffer,Vendor reported short-term freight dispatch delay.,Supplier offered expedited freight.,Accepted with Warning,Delivered in 9 days.,732.06,synthetic_demo,True
PO-00433,Polymer Tech,Plastics,2023-11-01,2023-11-10,Delivered,1220,146.42,136.3,0,Compliant,9.0,,0.0,10.12,12346.4,,Fulfillment completed within standard operational window.,Standard warehouse acceptance.,Standard Approval,Successful procurement outcome.,0.0,synthetic_demo,True
PO-00434,MetalWorks,Structural Steel,2023-01-04,2023-01-16,Delivered,1737,172.26,158.48,5,Compliant,12.0,,0.0029,13.78,23935.86,,MetalWorks completed fulfillment according to primary SLA.,Standard receipt.,Standard Approval,Flawless fulfillment; zero defect threshold maintained.,0.0,synthetic_demo,True
PO-00435,Precision Fasteners,Fasteners,2023-01-27,2023-02-06,Delivered,286,90.92,85.49,14,Non-Compliant,10.0,,0.049,5.43,1552.98,Logistics transit buffer,Vendor reported short-term freight dispatch delay.,Supplier offered expedited freight.,Accepted with Warning,Delivered in 10 days.,815.64,synthetic_demo,True
PO-00436,Alpha Industrial,Raw Metals,2023-04-04,,Cancelled,1164,109.13,102.9,0,Non-Compliant,,,0.0,6.23,7251.72,Order cancellation due to stock shortage,Vendor confirmed temporary inventory exhaustion.,Purchase order terminated.,Order Cancelled,Order cancelled.,1000.0,synthetic_demo,True
PO-00437,Sovereign Packaging,Packaging,2023-07-11,2023-07-19,Delivered,1002,80.58,72.22,0,Compliant,8.0,,0.0,8.36,8376.72,,Fulfillment completed within standard operational window.,Standard warehouse acceptance.,Standard Approval,Successful procurement outcome.,0.0,synthetic_demo,True
PO-00438,MetalWorks,Structural Steel,2024-12-14,2024-12-23,Delivered,754,205.88,193.24,2,Compliant,9.0,,0.0027,12.64,9530.56,,MetalWorks completed fulfillment according to primary SLA.,Standard receipt.,Standard Approval,Flawless fulfillment; zero defect threshold maintained.,0.0,synthetic_demo,True
PO-00439,Apex Components,Machinery Parts,2023-03-04,2023-03-20,Delivered,1022,151.72,145.11,27,Compliant,16.0,,0.0264,6.61,6755.42,Logistics transit buffer,Vendor reported short-term freight dispatch delay.,Supplier offered expedited freight.,Accepted with Warning,Delivered in 16 days.,1326.96,synthetic_demo,True
PO-00440,Omni Logistics,Logistics Equipment,2024-02-09,,Cancelled,121,135.48,120.57,0,Non-Compliant,,,0.0,14.91,1804.11,Order cancellation due to stock shortage,Vendor confirmed temporary inventory exhaustion.,Purchase order terminated.,Order Cancelled,Order cancelled.,1000.0,synthetic_demo,True
PO-00441,Global Tech Corp,Electronics,2024-04-04,2024-04-14,Delivered,917,38.02,34.66,37,Non-Compliant,10.0,,0.0403,3.36,3081.12,Logistics transit buffer,Vendor reported short-term freight dispatch delay.,Supplier offered expedited freight.,Accepted with Warning,Delivered in 10 days.,364.04,synthetic_demo,True
PO-00442,Precision Fasteners,Fasteners,2024-09-01,2024-09-14,Delivered,844,147.96,136.83,39,Non-Compliant,13.0,,0.0462,11.13,9393.72,Logistics transit buffer,Vendor reported short-term freight dispatch delay.,Supplier offered expedited freight.,Accepted with Warning,Delivered in 13 days.,287.12,synthetic_demo,True
PO-00443,Polymer Tech,Plastics,2024-04-14,2024-05-04,Delivered,280,115.32,111.3,8,Compliant,20.0,,0.0286,4.02,1125.6,Logistics transit buffer,Vendor reported short-term freight dispatch delay.,Supplier offered expedited freight.,Accepted with Warning,Delivered in 20 days.,1216.19,synthetic_demo,True
PO-00444,Acme Industrial Supplies,Raw Metals,2024-07-30,2024-08-19,Delivered,754,221.92,211.62,0,Compliant,20.0,,0.0,10.3,7766.2,Logistics transit buffer,Vendor reported short-term freight dispatch delay.,Supplier offered expedited freight.,Accepted with Warning,Delivered in 20 days.,896.32,synthetic_demo,True
PO-00445,Alpha Industrial,Raw Metals,2023-02-08,2023-02-20,Delivered,872,28.92,25.77,27,Non-Compliant,12.0,,0.031,3.15,2746.8,Logistics transit buffer,Vendor reported short-term freight dispatch delay.,Supplier offered expedited freight.,Accepted with Warning,Delivered in 12 days.,1085.06,synthetic_demo,True
PO-00446,Quantum Electronics,Electronics,2023-02-20,,Cancelled,1023,231.79,206.36,0,Non-Compliant,,,0.0,25.43,26014.89,Order cancellation due to stock shortage,Vendor confirmed temporary inventory exhaustion.,Purchase order terminated.,Order Cancelled,Order cancelled.,1000.0,synthetic_demo,True
PO-00447,SteelCore,Structural Steel,2023-11-07,2023-11-19,Delivered,1056,217.39,198.15,16,Compliant,12.0,,0.0152,19.24,20317.44,,SteelCore fulfilled order within target timeline following tooling upgrade.,Standard warehouse receipt and quality sign-off.,Standard Approval,Successful fulfillment; delivered on-time in 12 days.,0.0,synthetic_demo,True
PO-00448,Apex Components,Machinery Parts,2023-11-04,,Cancelled,957,198.03,187.72,0,Non-Compliant,,,0.0,10.31,9866.67,Order cancellation due to stock shortage,Vendor confirmed temporary inventory exhaustion.,Purchase order terminated.,Order Cancelled,Order cancelled.,1000.0,synthetic_demo,True
PO-00449,Pinnacle Materials,Structural Steel,2023-07-12,2023-07-23,Delivered,1107,219.45,197.04,23,Compliant,11.0,,0.0208,22.41,24807.87,Logistics transit buffer,Vendor reported short-term freight dispatch delay.,Supplier offered expedited freight.,Accepted with Warning,Delivered in 11 days.,829.8,synthetic_demo,True
PO-00450,Zenith Global,Fasteners,2023-03-09,2023-03-28,Delivered,1850,150.79,145.15,13,Compliant,19.0,,0.007,5.64,10434.0,Logistics transit buffer,Vendor reported short-term freight dispatch delay.,Supplier offered expedited freight.,Accepted with Warning,Delivered in 19 days.,1306.68,synthetic_demo,True
PO-00451,Precision Fasteners,Fasteners,2023-09-13,2023-09-28,Delivered,788,182.07,173.44,0,Compliant,15.0,,0.0,8.63,6800.44,,Fulfillment completed within standard operational window.,Standard warehouse acceptance.,Standard Approval,Successful procurement outcome.,0.0,synthetic_demo,True
PO-00452,Matrix Supplies,Machinery Parts,2024-02-11,,Cancelled,1940,48.49,47.37,0,Non-Compliant,,,0.0,1.12,2172.8,Order cancellation due to stock shortage,Vendor confirmed temporary inventory exhaustion.,Purchase order terminated.,Order Cancelled,Order cancelled.,1000.0,synthetic_demo,True
PO-00453,Vanguard Chemicals,Chemicals,2024-08-31,2024-09-10,Delivered,755,57.61,51.3,18,Compliant,10.0,,0.0238,6.31,4764.05,Logistics transit buffer,Vendor reported short-term freight dispatch delay.,Supplier offered expedited freight.,Accepted with Warning,Delivered in 10 days.,916.73,synthetic_demo,True
PO-00454,PrimeSteel,Structural Steel,2023-01-29,,Cancelled,151,57.47,53.03,0,Non-Compliant,,,0.0,4.44,670.44,Raw ingot supply exhaustion,PrimeSteel confirmed inability to secure raw materials within required window.,Order terminated; alternative supplier sourced.,Order Cancelled,Order cancelled due to supplier fulfillment incapacity.,2500.0,synthetic_demo,True
PO-00455,Precision Fasteners,Fasteners,2024-10-24,2024-11-11,Delivered,1101,24.61,22.2,0,Compliant,18.0,,0.0,2.41,2653.41,Logistics transit buffer,Vendor reported short-term freight dispatch delay.,Supplier offered expedited freight.,Accepted with Warning,Delivered in 18 days.,1047.06,synthetic_demo,True
PO-00456,SteelCore,Structural Steel,2023-05-16,,Cancelled,404,158.26,154.96,0,Non-Compliant,,,0.0,3.3,1333.2,Order cancellation due to stock shortage,Vendor confirmed temporary inventory exhaustion.,Purchase order terminated.,Order Cancelled,Order cancelled.,1000.0,synthetic_demo,True
PO-00457,Polymer Tech,Plastics,2024-10-20,2024-11-03,Delivered,496,127.34,116.17,21,Non-Compliant,14.0,,0.0423,11.17,5540.32,Logistics transit buffer,Vendor reported short-term freight dispatch delay.,Supplier offered expedited freight.,Accepted with Warning,Delivered in 14 days.,796.7,synthetic_demo,True
PO-00458,Sovereign Packaging,Packaging,2023-01-08,2023-01-26,Partially Delivered,1266,160.08,152.1,53,Non-Compliant,18.0,,0.0419,7.98,10102.68,Logistics transit buffer,Vendor reported short-term freight dispatch delay.,Supplier offered expedited freight.,Accepted with Warning,Delivered in 18 days.,929.89,synthetic_demo,True
PO-00459,Acme Industrial Supplies,Raw Metals,2023-03-07,2023-03-19,Delivered,1506,239.0,218.65,65,Non-Compliant,12.0,,0.0432,20.35,30647.1,Logistics transit buffer,Vendor reported short-term freight dispatch delay.,Supplier offered expedited freight.,Accepted with Warning,Delivered in 12 days.,539.49,synthetic_demo,True
PO-00460,Precision Fasteners,Fasteners,2024-06-13,2024-06-21,Delivered,1402,93.5,90.32,56,Non-Compliant,8.0,,0.0399,3.18,4458.36,Logistics transit buffer,Vendor reported short-term freight dispatch delay.,Supplier offered expedited freight.,Accepted with Warning,Delivered in 8 days.,980.04,synthetic_demo,True
PO-00461,SteelCore,Structural Steel,2023-10-30,2023-11-11,Delivered,878,109.3,106.73,25,Compliant,12.0,,0.0285,2.57,2256.46,,SteelCore fulfilled order within target timeline following tooling upgrade.,Standard warehouse receipt and quality sign-off.,Standard Approval,Successful fulfillment; delivered on-time in 12 days.,0.0,synthetic_demo,True
PO-00462,Precision Fasteners,Fasteners,2023-08-16,,Cancelled,1144,166.81,155.54,0,Non-Compliant,,,0.0,11.27,12892.88,Order cancellation due to stock shortage,Vendor confirmed temporary inventory exhaustion.,Purchase order terminated.,Order Cancelled,Order cancelled.,1000.0,synthetic_demo,True
PO-00463,Vanguard Chemicals,Chemicals,2023-11-04,2023-11-22,Delivered,312,190.41,172.79,3,Compliant,18.0,,0.0096,17.62,5497.44,Logistics transit buffer,Vendor reported short-term freight dispatch delay.,Supplier offered expedited freight.,Accepted with Warning,Delivered in 18 days.,326.88,synthetic_demo,True
PO-00464,Horizon Freight,Logistics Equipment,2024-11-27,2024-12-15,Delivered,1574,220.43,206.75,0,Compliant,18.0,,0.0,13.68,21532.32,Logistics transit buffer,Vendor reported short-term freight dispatch delay.,Supplier offered expedited freight.,Accepted with Warning,Delivered in 18 days.,661.87,synthetic_demo,True
PO-00465,Quantum Electronics,Electronics,2023-09-24,2023-10-06,Partially Delivered,159,219.27,202.09,1,Compliant,12.0,,0.0063,17.18,2731.62,,Fulfillment completed within standard operational window.,Standard warehouse acceptance.,Standard Approval,Successful procurement outcome.,0.0,synthetic_demo,True
PO-00466,PrimeSteel,Structural Steel,2023-07-19,2023-08-04,Delivered,896,32.43,29.01,30,Compliant,16.0,,0.0335,3.42,3064.32,Standard transit schedule,PrimeSteel fulfilled order with minor lead time variance.,Standard inspection and receipt.,Standard Approval,Delivered in 16 days with minor defect rate.,0.0,synthetic_demo,True
PO-00467,Global Tech Corp,Electronics,2023-12-17,2024-01-03,Delivered,1816,184.6,166.53,90,Non-Compliant,17.0,,0.0496,18.07,32815.12,Logistics transit buffer,Vendor reported short-term freight dispatch delay.,Supplier offered expedited freight.,Accepted with Warning,Delivered in 17 days.,386.19,synthetic_demo,True
PO-00468,Alpha Industrial,Raw Metals,2024-10-08,2024-10-21,Delivered,610,68.16,61.52,0,Compliant,13.0,,0.0,6.64,4050.4,,Fulfillment completed within standard operational window.,Standard warehouse acceptance.,Standard Approval,Successful procurement outcome.,0.0,synthetic_demo,True
PO-00469,Titan Metals,Raw Metals,2023-04-01,2023-04-18,Delivered,1027,108.16,105.59,22,Compliant,17.0,,0.0214,2.57,2639.39,Logistics transit buffer,Vendor reported short-term freight dispatch delay.,Supplier offered expedited freight.,Accepted with Warning,Delivered in 17 days.,757.73,synthetic_demo,True
PO-00470,Precision Fasteners,Fasteners,2023-01-15,2023-02-04,Delivered,1333,188.73,180.69,13,Compliant,20.0,,0.0098,8.04,10717.32,Logistics transit buffer,Vendor reported short-term freight dispatch delay.,Supplier offered expedited freight.,Accepted with Warning,Delivered in 20 days.,1079.77,synthetic_demo,True
PO-00471,Vanguard Chemicals,Chemicals,2023-05-13,2023-05-27,Delivered,183,209.48,199.04,3,Compliant,14.0,,0.0164,10.44,1910.52,,Fulfillment completed within standard operational window.,Standard warehouse acceptance.,Standard Approval,Successful procurement outcome.,0.0,synthetic_demo,True
PO-00472,Omni Logistics,Logistics Equipment,2024-06-16,2024-07-02,Partially Delivered,751,249.11,231.92,33,Non-Compliant,16.0,,0.0439,17.19,12909.69,Logistics transit buffer,Vendor reported short-term freight dispatch delay.,Supplier offered expedited freight.,Accepted with Warning,Delivered in 16 days.,1494.11,synthetic_demo,True
PO-00473,Precision Fasteners,Fasteners,2024-02-18,2024-02-29,Delivered,318,68.57,67.05,0,Compliant,11.0,,0.0,1.52,483.36,,Fulfillment completed within standard operational window.,Standard warehouse acceptance.,Standard Approval,Successful procurement outcome.,0.0,synthetic_demo,True
PO-00474,Zenith Global,Fasteners,2023-05-07,2023-05-26,Delivered,573,197.39,181.14,1,Compliant,19.0,,0.0017,16.25,9311.25,Logistics transit buffer,Vendor reported short-term freight dispatch delay.,Supplier offered expedited freight.,Accepted with Warning,Delivered in 19 days.,1339.51,synthetic_demo,True
PO-00475,MetalWorks,Structural Steel,2024-10-31,2024-11-09,Delivered,287,115.86,109.14,1,Compliant,9.0,,0.0035,6.72,1928.64,,MetalWorks completed fulfillment according to primary SLA.,Standard receipt.,Standard Approval,Flawless fulfillment; zero defect threshold maintained.,0.0,synthetic_demo,True
PO-00476,Horizon Freight,Logistics Equipment,2024-04-30,,Cancelled,363,67.26,61.3,0,Non-Compliant,,,0.0,5.96,2163.48,Order cancellation due to stock shortage,Vendor confirmed temporary inventory exhaustion.,Purchase order terminated.,Order Cancelled,Order cancelled.,1000.0,synthetic_demo,True
PO-00477,SteelCore,Structural Steel,2024-03-06,,Cancelled,256,172.37,164.27,0,Non-Compliant,,,0.0,8.1,2073.6,Order cancellation due to stock shortage,Vendor confirmed temporary inventory exhaustion.,Purchase order terminated.,Order Cancelled,Order cancelled.,1000.0,synthetic_demo,True
PO-00478,Global Tech Corp,Electronics,2023-04-18,2023-05-07,Partially Delivered,1069,65.69,63.06,15,Compliant,19.0,,0.014,2.63,2811.47,Logistics transit buffer,Vendor reported short-term freight dispatch delay.,Supplier offered expedited freight.,Accepted with Warning,Delivered in 19 days.,1220.19,synthetic_demo,True
PO-00479,Polymer Tech,Plastics,2023-07-26,2023-08-14,Delivered,1914,67.77,60.09,15,Compliant,19.0,,0.0078,7.68,14699.52,Logistics transit buffer,Vendor reported short-term freight dispatch delay.,Supplier offered expedited freight.,Accepted with Warning,Delivered in 19 days.,912.58,synthetic_demo,True
PO-00480,Quantum Electronics,Electronics,2023-01-03,2023-01-21,Delivered,1225,173.88,167.81,0,Compliant,18.0,,0.0,6.07,7435.75,Logistics transit buffer,Vendor reported short-term freight dispatch delay.,Supplier offered expedited freight.,Accepted with Warning,Delivered in 18 days.,343.56,synthetic_demo,True
PO-00481,PrimeSteel,Structural Steel,2023-03-18,2023-04-02,Delivered,985,247.39,235.12,36,Compliant,15.0,,0.0365,12.27,12085.95,Standard transit schedule,PrimeSteel fulfilled order with minor lead time variance.,Standard inspection and receipt.,Standard Approval,Delivered in 15 days with minor defect rate.,0.0,synthetic_demo,True
PO-00482,Matrix Supplies,Machinery Parts,2023-04-13,2023-04-21,Delivered,1436,91.92,83.29,26,Compliant,8.0,,0.0181,8.63,12392.68,,Fulfillment completed within standard operational window.,Standard warehouse acceptance.,Standard Approval,Successful procurement outcome.,0.0,synthetic_demo,True
PO-00483,Acme Industrial Supplies,Raw Metals,2023-01-10,2023-01-28,Delivered,1323,81.71,74.09,22,Compliant,18.0,,0.0166,7.62,10081.26,Logistics transit buffer,Vendor reported short-term freight dispatch delay.,Supplier offered expedited freight.,Accepted with Warning,Delivered in 18 days.,1362.89,synthetic_demo,True
PO-00484,Vanguard Chemicals,Chemicals,2023-07-07,2023-07-21,Delivered,1462,215.65,194.09,33,Compliant,14.0,,0.0226,21.56,31520.72,Logistics transit buffer,Vendor reported short-term freight dispatch delay.,Supplier offered expedited freight.,Accepted with Warning,Delivered in 14 days.,1286.42,synthetic_demo,True
PO-00485,Titan Metals,Raw Metals,2023-05-16,,Cancelled,1537,33.49,29.66,0,Non-Compliant,,,0.0,3.83,5886.71,Order cancellation due to stock shortage,Vendor confirmed temporary inventory exhaustion.,Purchase order terminated.,Order Cancelled,Order cancelled.,1000.0,synthetic_demo,True
PO-00486,Titan Metals,Raw Metals,2024-03-02,2024-03-17,Partially Delivered,827,199.21,183.05,28,Non-Compliant,15.0,,0.0339,16.16,13364.32,Logistics transit buffer,Vendor reported short-term freight dispatch delay.,Supplier offered expedited freight.,Accepted with Warning,Delivered in 15 days.,435.64,synthetic_demo,True
PO-00487,Global Tech Corp,Electronics,2024-05-14,2024-05-28,Delivered,1391,92.27,83.92,4,Compliant,14.0,,0.0029,8.35,11614.85,,Fulfillment completed within standard operational window.,Standard warehouse acceptance.,Standard Approval,Successful procurement outcome.,0.0,synthetic_demo,True
PO-00488,Zenith Global,Fasteners,2024-11-16,2024-12-02,Delivered,1405,187.13,174.37,49,Non-Compliant,16.0,,0.0349,12.76,17927.8,Logistics transit buffer,Vendor reported short-term freight dispatch delay.,Supplier offered expedited freight.,Accepted with Warning,Delivered in 16 days.,323.81,synthetic_demo,True
PO-00489,Sovereign Packaging,Packaging,2024-07-25,2024-08-02,Partially Delivered,1963,56.09,50.21,0,Compliant,8.0,,0.0,5.88,11542.44,,Fulfillment completed within standard operational window.,Standard warehouse acceptance.,Standard Approval,Successful procurement outcome.,0.0,synthetic_demo,True
PO-00490,Alpha Industrial,Raw Metals,2023-03-18,2023-03-31,Delivered,619,31.58,30.25,0,Compliant,13.0,,0.0,1.33,823.27,,Fulfillment completed within standard operational window.,Standard warehouse acceptance.,Standard Approval,Successful procurement outcome.,0.0,synthetic_demo,True
PO-00491,Sovereign Packaging,Packaging,2023-08-29,2023-09-13,Delivered,1070,122.83,118.92,31,Compliant,15.0,,0.029,3.91,4183.7,Logistics transit buffer,Vendor reported short-term freight dispatch delay.,Supplier offered expedited freight.,Accepted with Warning,Delivered in 15 days.,314.43,synthetic_demo,True
PO-00492,Alpha Industrial,Raw Metals,2023-04-16,2023-04-30,Delivered,1174,20.04,19.46,0,Compliant,14.0,,0.0,0.58,680.92,,Fulfillment completed within standard operational window.,Standard warehouse acceptance.,Standard Approval,Successful procurement outcome.,0.0,synthetic_demo,True
PO-00493,Omni Logistics,Logistics Equipment,2024-07-29,2024-08-16,Delivered,161,207.82,186.12,8,Non-Compliant,18.0,,0.0497,21.7,3493.7,Logistics transit buffer,Vendor reported short-term freight dispatch delay.,Supplier offered expedited freight.,Accepted with Warning,Delivered in 18 days.,672.35,synthetic_demo,True
PO-00494,Quantum Electronics,Electronics,2024-09-26,2024-10-11,Partially Delivered,976,46.23,41.8,18,Compliant,15.0,,0.0184,4.43,4323.68,,Fulfillment completed within standard operational window.,Standard warehouse acceptance.,Standard Approval,Successful procurement outcome.,0.0,synthetic_demo,True
PO-00495,Apex Components,Machinery Parts,2023-12-16,2024-01-03,Delivered,1487,44.45,39.57,22,Compliant,18.0,,0.0148,4.88,7256.56,Logistics transit buffer,Vendor reported short-term freight dispatch delay.,Supplier offered expedited freight.,Accepted with Warning,Delivered in 18 days.,878.58,synthetic_demo,True
PO-00496,Alpha Industrial,Raw Metals,2024-02-24,2024-03-07,Delivered,1955,216.0,207.02,18,Compliant,12.0,,0.0092,8.98,17555.9,,Fulfillment completed within standard operational window.,Standard warehouse acceptance.,Standard Approval,Successful procurement outcome.,0.0,synthetic_demo,True
PO-00497,Precision Fasteners,Fasteners,2023-04-21,2023-04-29,Delivered,1631,225.1,210.3,68,Non-Compliant,8.0,,0.0417,14.8,24138.8,Logistics transit buffer,Vendor reported short-term freight dispatch delay.,Supplier offered expedited freight.,Accepted with Warning,Delivered in 8 days.,965.45,synthetic_demo,True
PO-00498,Zenith Global,Fasteners,2024-05-25,2024-06-10,Delivered,1248,131.07,121.79,35,Compliant,16.0,,0.028,9.28,11581.44,Logistics transit buffer,Vendor reported short-term freight dispatch delay.,Supplier offered expedited freight.,Accepted with Warning,Delivered in 16 days.,762.65,synthetic_demo,True
PO-00499,Titan Metals,Raw Metals,2023-05-12,2023-05-26,Delivered,1855,108.47,95.68,56,Non-Compliant,14.0,,0.0302,12.79,23725.45,Logistics transit buffer,Vendor reported short-term freight dispatch delay.,Supplier offered expedited freight.,Accepted with Warning,Delivered in 14 days.,618.4,synthetic_demo,True
PO-00500,Apex Components,Machinery Parts,2024-02-12,2024-02-24,Delivered,895,158.58,141.35,6,Compliant,12.0,,0.0067,17.23,15420.85,,Fulfillment completed within standard operational window.,Standard warehouse acceptance.,Standard Approval,Successful procurement outcome.,0.0,synthetic_demo,True
PO-00501,Zenith Global,Fasteners,2024-12-19,2025-01-01,Partially Delivered,461,68.23,61.99,22,Non-Compliant,13.0,,0.0477,6.24,2876.64,Logistics transit buffer,Vendor reported short-term freight dispatch delay.,Supplier offered expedited freight.,Accepted with Warning,Delivered in 13 days.,1022.36,synthetic_demo,True
PO-00502,Vanguard Chemicals,Chemicals,2024-10-27,2024-11-12,Delivered,1608,101.01,94.14,51,Non-Compliant,16.0,,0.0317,6.87,11046.96,Logistics transit buffer,Vendor reported short-term freight dispatch delay.,Supplier offered expedited freight.,Accepted with Warning,Delivered in 16 days.,1123.46,synthetic_demo,True
PO-00503,Pinnacle Materials,Structural Steel,2023-10-20,2023-11-09,Delivered,830,53.43,48.78,0,Compliant,20.0,,0.0,4.65,3859.5,Logistics transit buffer,Vendor reported short-term freight dispatch delay.,Supplier offered expedited freight.,Accepted with Warning,Delivered in 20 days.,338.41,synthetic_demo,True
PO-00504,Precision Fasteners,Fasteners,2023-06-14,2023-07-02,Delivered,1464,200.4,192.3,0,Compliant,18.0,,0.0,8.1,11858.4,Logistics transit buffer,Vendor reported short-term freight dispatch delay.,Supplier offered expedited freight.,Accepted with Warning,Delivered in 18 days.,1291.2,synthetic_demo,True
PO-00505,Horizon Freight,Logistics Equipment,2024-01-03,2024-01-12,Delivered,509,190.75,176.23,17,Non-Compliant,9.0,,0.0334,14.52,7390.68,Logistics transit buffer,Vendor reported short-term freight dispatch delay.,Supplier offered expedited freight.,Accepted with Warning,Delivered in 9 days.,930.45,synthetic_demo,True
PO-00506,Apex Components,Machinery Parts,2024-12-13,2025-01-01,Delivered,1664,244.44,231.91,77,Non-Compliant,19.0,,0.0463,12.53,20849.92,Logistics transit buffer,Vendor reported short-term freight dispatch delay.,Supplier offered expedited freight.,Accepted with Warning,Delivered in 19 days.,703.82,synthetic_demo,True
PO-00507,Horizon Freight,Logistics Equipment,2023-01-14,,Cancelled,564,66.71,59.58,0,Non-Compliant,,,0.0,7.13,4021.32,Order cancellation due to stock shortage,Vendor confirmed temporary inventory exhaustion.,Purchase order terminated.,Order Cancelled,Order cancelled.,1000.0,synthetic_demo,True
PO-00508,Matrix Supplies,Machinery Parts,2024-10-10,,Cancelled,1503,168.96,152.82,0,Non-Compliant,,,0.0,16.14,24258.42,Order cancellation due to stock shortage,Vendor confirmed temporary inventory exhaustion.,Purchase order terminated.,Order Cancelled,Order cancelled.,1000.0,synthetic_demo,True
PO-00509,Horizon Freight,Logistics Equipment,2023-07-18,2023-08-02,Delivered,1448,37.13,32.81,0,Compliant,15.0,,0.0,4.32,6255.36,,Fulfillment completed within standard operational window.,Standard warehouse acceptance.,Standard Approval,Successful procurement outcome.,0.0,synthetic_demo,True
PO-00510,Zenith Global,Fasteners,2024-01-22,2024-02-05,Delivered,591,49.92,46.01,0,Compliant,14.0,,0.0,3.91,2310.81,,Fulfillment completed within standard operational window.,Standard warehouse acceptance.,Standard Approval,Successful procurement outcome.,0.0,synthetic_demo,True
PO-00511,Polymer Tech,Plastics,2023-12-05,2023-12-24,Delivered,1272,31.7,28.11,3,Compliant,19.0,,0.0024,3.59,4566.48,Logistics transit buffer,Vendor reported short-term freight dispatch delay.,Supplier offered expedited freight.,Accepted with Warning,Delivered in 19 days.,1407.22,synthetic_demo,True
PO-00512,Omni Logistics,Logistics Equipment,2024-08-09,2024-08-22,Partially Delivered,1499,93.11,89.2,0,Compliant,13.0,,0.0,3.91,5861.09,,Fulfillment completed within standard operational window.,Standard warehouse acceptance.,Standard Approval,Successful procurement outcome.,0.0,synthetic_demo,True
PO-00513,Titan Metals,Raw Metals,2023-03-11,2023-03-21,Partially Delivered,503,223.18,203.91,14,Compliant,10.0,,0.0278,19.27,9692.81,Logistics transit buffer,Vendor reported short-term freight dispatch delay.,Supplier offered expedited freight.,Accepted with Warning,Delivered in 10 days.,319.53,synthetic_demo,True
PO-00514,Quantum Electronics,Electronics,2023-10-28,2023-11-17,Delivered,1590,245.66,240.53,38,Compliant,20.0,,0.0239,5.13,8156.7,Logistics transit buffer,Vendor reported short-term freight dispatch delay.,Supplier offered expedited freight.,Accepted with Warning,Delivered in 20 days.,929.74,synthetic_demo,True
PO-00515,Vanguard Chemicals,Chemicals,2023-09-04,,Cancelled,1306,231.28,221.02,0,Non-Compliant,,,0.0,10.26,13399.56,Order cancellation due to stock shortage,Vendor confirmed temporary inventory exhaustion.,Purchase order terminated.,Order Cancelled,Order cancelled.,1000.0,synthetic_demo,True
PO-00516,MetalWorks,Structural Steel,2024-01-26,2024-02-04,Delivered,1156,186.51,182.32,6,Compliant,9.0,,0.0052,4.19,4843.64,,MetalWorks completed fulfillment according to primary SLA.,Standard receipt.,Standard Approval,Flawless fulfillment; zero defect threshold maintained.,0.0,synthetic_demo,True
PO-00517,Zenith Global,Fasteners,2024-06-10,2024-06-25,Partially Delivered,1384,64.28,59.69,21,Compliant,15.0,,0.0152,4.59,6352.56,,Fulfillment completed within standard operational window.,Standard warehouse acceptance.,Standard Approval,Successful procurement outcome.,0.0,synthetic_demo,True
PO-00518,Acme Industrial Supplies,Raw Metals,2024-07-04,2024-07-12,Partially Delivered,1339,197.92,176.84,14,Compliant,8.0,,0.0105,21.08,28226.12,,Fulfillment completed within standard operational window.,Standard warehouse acceptance.,Standard Approval,Successful procurement outcome.,0.0,synthetic_demo,True
PO-00519,Pinnacle Materials,Structural Steel,2023-07-30,2023-08-18,Partially Delivered,1722,236.14,213.78,64,Non-Compliant,19.0,,0.0372,22.36,38503.92,Logistics transit buffer,Vendor reported short-term freight dispatch delay.,Supplier offered expedited freight.,Accepted with Warning,Delivered in 19 days.,765.81,synthetic_demo,True
PO-00520,Global Tech Corp,Electronics,2024-04-15,,Cancelled,729,28.71,27.93,0,Non-Compliant,,,0.0,0.78,568.62,Order cancellation due to stock shortage,Vendor confirmed temporary inventory exhaustion.,Purchase order terminated.,Order Cancelled,Order cancelled.,1000.0,synthetic_demo,True
PO-00521,Titan Metals,Raw Metals,2024-07-25,2024-08-11,Delivered,973,164.95,154.51,44,Non-Compliant,17.0,,0.0452,10.44,10158.12,Logistics transit buffer,Vendor reported short-term freight dispatch delay.,Supplier offered expedited freight.,Accepted with Warning,Delivered in 17 days.,729.92,synthetic_demo,True
PO-00522,SteelCore,Structural Steel,2024-11-20,2024-11-30,Delivered,1363,185.67,180.78,28,Compliant,10.0,,0.0205,4.89,6665.07,,SteelCore fulfilled order within target timeline following tooling upgrade.,Standard warehouse receipt and quality sign-off.,Standard Approval,Successful fulfillment; delivered on-time in 10 days.,0.0,synthetic_demo,True
PO-00523,MetalWorks,Structural Steel,2024-01-02,2024-01-11,Delivered,1454,89.31,86.75,6,Compliant,9.0,,0.0041,2.56,3722.24,,MetalWorks completed fulfillment according to primary SLA.,Standard receipt.,Standard Approval,Flawless fulfillment; zero defect threshold maintained.,0.0,synthetic_demo,True
PO-00524,Matrix Supplies,Machinery Parts,2024-02-09,,Cancelled,113,129.02,119.56,0,Non-Compliant,,,0.0,9.46,1068.98,Order cancellation due to stock shortage,Vendor confirmed temporary inventory exhaustion.,Purchase order terminated.,Order Cancelled,Order cancelled.,1000.0,synthetic_demo,True
PO-00525,Global Tech Corp,Electronics,2024-07-12,2024-07-30,Delivered,1922,242.03,216.2,0,Compliant,18.0,,0.0,25.83,49645.26,Logistics transit buffer,Vendor reported short-term freight dispatch delay.,Supplier offered expedited freight.,Accepted with Warning,Delivered in 18 days.,1080.48,synthetic_demo,True
PO-00526,Vanguard Chemicals,Chemicals,2024-07-20,2024-07-30,Partially Delivered,60,151.73,142.72,0,Compliant,10.0,,0.0,9.01,540.6,,Fulfillment completed within standard operational window.,Standard warehouse acceptance.,Standard Approval,Successful procurement outcome.,0.0,synthetic_demo,True
PO-00527,Horizon Freight,Logistics Equipment,2023-11-09,2023-11-28,Delivered,1904,168.56,156.55,69,Non-Compliant,19.0,,0.0362,12.01,22867.04,Logistics transit buffer,Vendor reported short-term freight dispatch delay.,Supplier offered expedited freight.,Accepted with Warning,Delivered in 19 days.,475.26,synthetic_demo,True
PO-00528,Titan Metals,Raw Metals,2023-08-15,2023-08-27,Partially Delivered,421,174.32,160.94,0,Compliant,12.0,,0.0,13.38,5632.98,,Fulfillment completed within standard operational window.,Standard warehouse acceptance.,Standard Approval,Successful procurement outcome.,0.0,synthetic_demo,True
PO-00529,MetalWorks,Structural Steel,2024-04-17,2024-04-26,Delivered,187,77.66,74.57,1,Compliant,9.0,,0.0053,3.09,577.83,,MetalWorks completed fulfillment according to primary SLA.,Standard receipt.,Standard Approval,Flawless fulfillment; zero defect threshold maintained.,0.0,synthetic_demo,True
PO-00530,Alpha Industrial,Raw Metals,2024-01-01,2024-01-19,Delivered,1893,64.5,60.08,9,Compliant,18.0,,0.0048,4.42,8367.06,Logistics transit buffer,Vendor reported short-term freight dispatch delay.,Supplier offered expedited freight.,Accepted with Warning,Delivered in 18 days.,1005.37,synthetic_demo,True
PO-00531,Quantum Electronics,Electronics,2024-12-11,2024-12-21,Partially Delivered,697,240.49,231.62,13,Compliant,10.0,,0.0187,8.87,6182.39,,Fulfillment completed within standard operational window.,Standard warehouse acceptance.,Standard Approval,Successful procurement outcome.,0.0,synthetic_demo,True
PO-00532,Quantum Electronics,Electronics,2023-08-15,,Cancelled,1565,167.39,159.41,0,Non-Compliant,,,0.0,7.98,12488.7,Order cancellation due to stock shortage,Vendor confirmed temporary inventory exhaustion.,Purchase order terminated.,Order Cancelled,Order cancelled.,1000.0,synthetic_demo,True
PO-00533,Vanguard Chemicals,Chemicals,2024-11-26,,Cancelled,729,221.91,207.2,0,Non-Compliant,,,0.0,14.71,10723.59,Order cancellation due to stock shortage,Vendor confirmed temporary inventory exhaustion.,Purchase order terminated.,Order Cancelled,Order cancelled.,1000.0,synthetic_demo,True
PO-00534,Vanguard Chemicals,Chemicals,2024-05-13,2024-05-22,Partially Delivered,1292,38.85,36.98,0,Compliant,9.0,,0.0,1.87,2416.04,,Fulfillment completed within standard operational window.,Standard warehouse acceptance.,Standard Approval,Successful procurement outcome.,0.0,synthetic_demo,True
PO-00535,Global Tech Corp,Electronics,2023-07-21,2023-08-09,Delivered,88,215.41,197.5,0,Compliant,19.0,,0.0,17.91,1576.08,Logistics transit buffer,Vendor reported short-term freight dispatch delay.,Supplier offered expedited freight.,Accepted with Warning,Delivered in 19 days.,298.02,synthetic_demo,True
PO-00536,Sovereign Packaging,Packaging,2023-02-07,2023-02-19,Partially Delivered,1637,54.19,50.98,82,Non-Compliant,12.0,,0.0501,3.21,5254.77,Logistics transit buffer,Vendor reported short-term freight dispatch delay.,Supplier offered expedited freight.,Accepted with Warning,Delivered in 12 days.,813.74,synthetic_demo,True
PO-00537,Omni Logistics,Logistics Equipment,2024-04-20,2024-05-06,Partially Delivered,71,172.42,154.35,0,Compliant,16.0,,0.0,18.07,1282.97,Logistics transit buffer,Vendor reported short-term freight dispatch delay.,Supplier offered expedited freight.,Accepted with Warning,Delivered in 16 days.,673.03,synthetic_demo,True
PO-00538,Titan Metals,Raw Metals,2023-05-24,2023-06-03,Delivered,1992,150.14,134.04,0,Compliant,10.0,,0.0,16.1,32071.2,,Fulfillment completed within standard operational window.,Standard warehouse acceptance.,Standard Approval,Successful procurement outcome.,0.0,synthetic_demo,True
PO-00539,Global Tech Corp,Electronics,2024-01-03,2024-01-14,Delivered,591,104.97,102.42,7,Compliant,11.0,,0.0118,2.55,1507.05,,Fulfillment completed within standard operational window.,Standard warehouse acceptance.,Standard Approval,Successful procurement outcome.,0.0,synthetic_demo,True
PO-00540,Precision Fasteners,Fasteners,2024-01-05,2024-01-20,Delivered,1378,94.54,86.0,61,Non-Compliant,15.0,,0.0443,8.54,11768.12,Logistics transit buffer,Vendor reported short-term freight dispatch delay.,Supplier offered expedited freight.,Accepted with Warning,Delivered in 15 days.,251.88,synthetic_demo,True
PO-00541,Zenith Global,Fasteners,2023-09-27,2023-10-13,Partially Delivered,1253,170.27,152.64,24,Compliant,16.0,,0.0192,17.63,22090.39,Logistics transit buffer,Vendor reported short-term freight dispatch delay.,Supplier offered expedited freight.,Accepted with Warning,Delivered in 16 days.,692.07,synthetic_demo,True
PO-00542,Zenith Global,Fasteners,2024-01-21,2024-02-06,Delivered,1673,130.89,120.36,68,Non-Compliant,16.0,,0.0406,10.53,17616.69,Logistics transit buffer,Vendor reported short-term freight dispatch delay.,Supplier offered expedited freight.,Accepted with Warning,Delivered in 16 days.,648.54,synthetic_demo,True
PO-00543,Zenith Global,Fasteners,2024-03-26,2024-04-06,Delivered,1367,84.59,81.63,0,Compliant,11.0,,0.0,2.96,4046.32,,Fulfillment completed within standard operational window.,Standard warehouse acceptance.,Standard Approval,Successful procurement outcome.,0.0,synthetic_demo,True
PO-00544,Titan Metals,Raw Metals,2024-09-08,,Cancelled,1723,47.22,45.19,0,Non-Compliant,,,0.0,2.03,3497.69,Order cancellation due to stock shortage,Vendor confirmed temporary inventory exhaustion.,Purchase order terminated.,Order Cancelled,Order cancelled.,1000.0,synthetic_demo,True
PO-00545,Quantum Electronics,Electronics,2024-05-08,,Cancelled,1030,130.17,119.88,0,Non-Compliant,,,0.0,10.29,10598.7,Order cancellation due to stock shortage,Vendor confirmed temporary inventory exhaustion.,Purchase order terminated.,Order Cancelled,Order cancelled.,1000.0,synthetic_demo,True
PO-00546,Pinnacle Materials,Structural Steel,2023-09-07,2023-09-17,Delivered,1339,137.91,122.87,11,Compliant,10.0,,0.0082,15.04,20138.56,,Fulfillment completed within standard operational window.,Standard warehouse acceptance.,Standard Approval,Successful procurement outcome.,0.0,synthetic_demo,True
PO-00547,Global Tech Corp,Electronics,2023-06-20,2023-06-30,Delivered,1355,24.28,22.05,27,Compliant,10.0,,0.0199,2.23,3021.65,Logistics transit buffer,Vendor reported short-term freight dispatch delay.,Supplier offered expedited freight.,Accepted with Warning,Delivered in 10 days.,1460.02,synthetic_demo,True
PO-00548,Omni Logistics,Logistics Equipment,2023-08-10,2023-08-27,Delivered,1750,114.48,110.56,76,Non-Compliant,17.0,,0.0434,3.92,6860.0,Logistics transit buffer,Vendor reported short-term freight dispatch delay.,Supplier offered expedited freight.,Accepted with Warning,Delivered in 17 days.,421.74,synthetic_demo,True
PO-00549,Titan Metals,Raw Metals,2023-09-28,2023-10-17,Delivered,190,72.86,68.59,9,Non-Compliant,19.0,,0.0474,4.27,811.3,Logistics transit buffer,Vendor reported short-term freight dispatch delay.,Supplier offered expedited freight.,Accepted with Warning,Delivered in 19 days.,975.49,synthetic_demo,True
PO-00550,Acme Industrial Supplies,Raw Metals,2023-07-27,2023-08-12,Partially Delivered,413,129.45,118.9,17,Non-Compliant,16.0,,0.0412,10.55,4357.15,Logistics transit buffer,Vendor reported short-term freight dispatch delay.,Supplier offered expedited freight.,Accepted with Warning,Delivered in 16 days.,987.16,synthetic_demo,True
PO-00551,MetalWorks,Structural Steel,2024-05-30,2024-06-08,Delivered,1400,49.98,45.96,4,Compliant,9.0,,0.0029,4.02,5628.0,,MetalWorks completed fulfillment according to primary SLA.,Standard receipt.,Standard Approval,Flawless fulfillment; zero defect threshold maintained.,0.0,synthetic_demo,True
PO-00552,SteelCore,Structural Steel,2024-06-18,2024-07-01,Delivered,1971,204.53,184.29,69,Non-Compliant,13.0,,0.035,20.24,39893.04,Logistics transit buffer,Vendor reported short-term freight dispatch delay.,Supplier offered expedited freight.,Accepted with Warning,Delivered in 13 days.,757.64,synthetic_demo,True
PO-00553,Sovereign Packaging,Packaging,2024-08-26,,Cancelled,1909,195.15,177.65,0,Non-Compliant,,,0.0,17.5,33407.5,Order cancellation due to stock shortage,Vendor confirmed temporary inventory exhaustion.,Purchase order terminated.,Order Cancelled,Order cancelled.,1000.0,synthetic_demo,True
PO-00554,Acme Industrial Supplies,Raw Metals,2023-05-18,2023-06-02,Delivered,1275,221.66,208.17,58,Non-Compliant,15.0,,0.0455,13.49,17199.75,Logistics transit buffer,Vendor reported short-term freight dispatch delay.,Supplier offered expedited freight.,Accepted with Warning,Delivered in 15 days.,308.96,synthetic_demo,True
PO-00555,Precision Fasteners,Fasteners,2023-01-08,2023-01-24,Partially Delivered,1390,67.25,60.5,0,Compliant,16.0,,0.0,6.75,9382.5,Logistics transit buffer,Vendor reported short-term freight dispatch delay.,Supplier offered expedited freight.,Accepted with Warning,Delivered in 16 days.,209.35,synthetic_demo,True
PO-00556,Pinnacle Materials,Structural Steel,2023-04-20,2023-05-04,Delivered,1800,143.3,132.34,23,Compliant,14.0,,0.0128,10.96,19728.0,,Fulfillment completed within standard operational window.,Standard warehouse acceptance.,Standard Approval,Successful procurement outcome.,0.0,synthetic_demo,True
PO-00557,Polymer Tech,Plastics,2023-07-28,2023-08-13,Delivered,1186,131.26,115.66,29,Compliant,16.0,,0.0245,15.6,18501.6,Logistics transit buffer,Vendor reported short-term freight dispatch delay.,Supplier offered expedited freight.,Accepted with Warning,Delivered in 16 days.,681.28,synthetic_demo,True
PO-00558,Vanguard Chemicals,Chemicals,2023-05-22,,Cancelled,293,192.0,179.59,0,Non-Compliant,,,0.0,12.41,3636.13,Order cancellation due to stock shortage,Vendor confirmed temporary inventory exhaustion.,Purchase order terminated.,Order Cancelled,Order cancelled.,1000.0,synthetic_demo,True
PO-00559,Titan Metals,Raw Metals,2023-08-08,2023-08-22,Partially Delivered,1451,182.56,175.97,58,Non-Compliant,14.0,,0.04,6.59,9562.09,Logistics transit buffer,Vendor reported short-term freight dispatch delay.,Supplier offered expedited freight.,Accepted with Warning,Delivered in 14 days.,998.23,synthetic_demo,True
PO-00560,SteelCore,Structural Steel,2023-05-29,2023-06-15,Delivered,213,160.08,145.28,1,Compliant,17.0,,0.0047,14.8,3152.4,Logistics transit buffer,Vendor reported short-term freight dispatch delay.,Supplier offered expedited freight.,Accepted with Warning,Delivered in 17 days.,488.3,synthetic_demo,True
PO-00561,Sovereign Packaging,Packaging,2023-10-21,,Cancelled,1273,33.22,29.99,0,Non-Compliant,,,0.0,3.23,4111.79,Order cancellation due to stock shortage,Vendor confirmed temporary inventory exhaustion.,Purchase order terminated.,Order Cancelled,Order cancelled.,1000.0,synthetic_demo,True
PO-00562,Titan Metals,Raw Metals,2024-03-25,2024-04-05,Delivered,448,27.73,25.51,21,Non-Compliant,11.0,,0.0469,2.22,994.56,Logistics transit buffer,Vendor reported short-term freight dispatch delay.,Supplier offered expedited freight.,Accepted with Warning,Delivered in 11 days.,873.6,synthetic_demo,True
PO-00563,Zenith Global,Fasteners,2024-09-21,2024-10-09,Delivered,50,244.4,237.39,0,Compliant,18.0,,0.0,7.01,350.5,Logistics transit buffer,Vendor reported short-term freight dispatch delay.,Supplier offered expedited freight.,Accepted with Warning,Delivered in 18 days.,511.03,synthetic_demo,True
PO-00564,Polymer Tech,Plastics,2023-12-28,,Cancelled,859,113.25,108.72,0,Non-Compliant,,,0.0,4.53,3891.27,Order cancellation due to stock shortage,Vendor confirmed temporary inventory exhaustion.,Purchase order terminated.,Order Cancelled,Order cancelled.,1000.0,synthetic_demo,True
PO-00565,SteelCore,Structural Steel,2023-04-03,2023-04-15,Partially Delivered,761,241.56,230.05,21,Compliant,12.0,,0.0276,11.51,8759.11,Logistics transit buffer,Vendor reported short-term freight dispatch delay.,Supplier offered expedited freight.,Accepted with Warning,Delivered in 12 days.,957.81,synthetic_demo,True
PO-00566,Precision Fasteners,Fasteners,2024-02-18,2024-02-26,Partially Delivered,883,136.43,126.08,0,Compliant,8.0,,0.0,10.35,9139.05,,Fulfillment completed within standard operational window.,Standard warehouse acceptance.,Standard Approval,Successful procurement outcome.,0.0,synthetic_demo,True
PO-00567,Zenith Global,Fasteners,2023-12-15,2024-01-04,Delivered,1674,152.23,138.62,22,Compliant,20.0,,0.0131,13.61,22783.14,Logistics transit buffer,Vendor reported short-term freight dispatch delay.,Supplier offered expedited freight.,Accepted with Warning,Delivered in 20 days.,899.27,synthetic_demo,True
PO-00568,Sovereign Packaging,Packaging,2023-09-07,2023-09-27,Delivered,106,130.85,124.86,2,Compliant,20.0,,0.0189,5.99,634.94,Logistics transit buffer,Vendor reported short-term freight dispatch delay.,Supplier offered expedited freight.,Accepted with Warning,Delivered in 20 days.,962.87,synthetic_demo,True
PO-00569,Sovereign Packaging,Packaging,2024-11-24,,Cancelled,520,204.04,191.54,0,Non-Compliant,,,0.0,12.5,6500.0,Order cancellation due to stock shortage,Vendor confirmed temporary inventory exhaustion.,Purchase order terminated.,Order Cancelled,Order cancelled.,1000.0,synthetic_demo,True
PO-00570,Vanguard Chemicals,Chemicals,2024-07-02,2024-07-21,Delivered,1429,192.22,181.8,18,Compliant,19.0,,0.0126,10.42,14890.18,Logistics transit buffer,Vendor reported short-term freight dispatch delay.,Supplier offered expedited freight.,Accepted with Warning,Delivered in 19 days.,320.91,synthetic_demo,True
PO-00571,Horizon Freight,Logistics Equipment,2024-05-02,2024-05-15,Delivered,1224,81.89,72.5,0,Compliant,13.0,,0.0,9.39,11493.36,,Fulfillment completed within standard operational window.,Standard warehouse acceptance.,Standard Approval,Successful procurement outcome.,0.0,synthetic_demo,True
PO-00572,Precision Fasteners,Fasteners,2023-07-24,2023-08-12,Delivered,519,66.64,63.64,0,Compliant,19.0,,0.0,3.0,1557.0,Logistics transit buffer,Vendor reported short-term freight dispatch delay.,Supplier offered expedited freight.,Accepted with Warning,Delivered in 19 days.,545.03,synthetic_demo,True
PO-00573,Vanguard Chemicals,Chemicals,2023-04-20,2023-04-29,Delivered,1615,217.13,191.99,54,Non-Compliant,9.0,,0.0334,25.14,40601.1,Logistics transit buffer,Vendor reported short-term freight dispatch delay.,Supplier offered expedited freight.,Accepted with Warning,Delivered in 9 days.,997.98,synthetic_demo,True
PO-00574,Alpha Industrial,Raw Metals,2024-09-27,2024-10-12,Delivered,612,132.89,117.15,27,Non-Compliant,15.0,,0.0441,15.74,9632.88,Logistics transit buffer,Vendor reported short-term freight dispatch delay.,Supplier offered expedited freight.,Accepted with Warning,Delivered in 15 days.,946.88,synthetic_demo,True
PO-00575,Zenith Global,Fasteners,2024-02-12,2024-03-03,Delivered,1029,236.12,230.63,3,Compliant,20.0,,0.0029,5.49,5649.21,Logistics transit buffer,Vendor reported short-term freight dispatch delay.,Supplier offered expedited freight.,Accepted with Warning,Delivered in 20 days.,1239.05,synthetic_demo,True
PO-00576,Vanguard Chemicals,Chemicals,2024-12-03,2024-12-18,Delivered,1461,21.94,20.02,51,Non-Compliant,15.0,,0.0349,1.92,2805.12,Logistics transit buffer,Vendor reported short-term freight dispatch delay.,Supplier offered expedited freight.,Accepted with Warning,Delivered in 15 days.,798.09,synthetic_demo,True
PO-00577,Sovereign Packaging,Packaging,2023-11-30,2023-12-17,Delivered,601,128.41,117.97,6,Compliant,17.0,,0.01,10.44,6274.44,Logistics transit buffer,Vendor reported short-term freight dispatch delay.,Supplier offered expedited freight.,Accepted with Warning,Delivered in 17 days.,541.7,synthetic_demo,True
PO-00578,Vanguard Chemicals,Chemicals,2024-05-25,2024-06-05,Delivered,870,84.31,81.11,33,Non-Compliant,11.0,,0.0379,3.2,2784.0,Logistics transit buffer,Vendor reported short-term freight dispatch delay.,Supplier offered expedited freight.,Accepted with Warning,Delivered in 11 days.,674.6,synthetic_demo,True
PO-00579,Global Tech Corp,Electronics,2023-04-13,,Cancelled,602,204.94,189.46,0,Non-Compliant,,,0.0,15.48,9318.96,Order cancellation due to stock shortage,Vendor confirmed temporary inventory exhaustion.,Purchase order terminated.,Order Cancelled,Order cancelled.,1000.0,synthetic_demo,True
PO-00580,Sovereign Packaging,Packaging,2023-05-30,,Cancelled,356,128.79,126.09,0,Non-Compliant,,,0.0,2.7,961.2,Order cancellation due to stock shortage,Vendor confirmed temporary inventory exhaustion.,Purchase order terminated.,Order Cancelled,Order cancelled.,1000.0,synthetic_demo,True
PO-00581,Pinnacle Materials,Structural Steel,2023-05-18,,Cancelled,1108,142.82,135.45,0,Non-Compliant,,,0.0,7.37,8165.96,Order cancellation due to stock shortage,Vendor confirmed temporary inventory exhaustion.,Purchase order terminated.,Order Cancelled,Order cancelled.,1000.0,synthetic_demo,True
PO-00582,Alpha Industrial,Raw Metals,2023-09-14,2023-10-01,Partially Delivered,384,33.81,30.38,0,Compliant,17.0,,0.0,3.43,1317.12,Logistics transit buffer,Vendor reported short-term freight dispatch delay.,Supplier offered expedited freight.,Accepted with Warning,Delivered in 17 days.,328.67,synthetic_demo,True
PO-00583,Alpha Industrial,Raw Metals,2024-04-05,,Cancelled,735,79.75,75.28,0,Non-Compliant,,,0.0,4.47,3285.45,Order cancellation due to stock shortage,Vendor confirmed temporary inventory exhaustion.,Purchase order terminated.,Order Cancelled,Order cancelled.,1000.0,synthetic_demo,True
PO-00584,Horizon Freight,Logistics Equipment,2023-12-19,2024-01-02,Delivered,1826,176.3,162.1,0,Compliant,14.0,,0.0,14.2,25929.2,,Fulfillment completed within standard operational window.,Standard warehouse acceptance.,Standard Approval,Successful procurement outcome.,0.0,synthetic_demo,True
PO-00585,Horizon Freight,Logistics Equipment,2023-10-19,2023-11-01,Delivered,1871,38.03,34.94,46,Compliant,13.0,,0.0246,3.09,5781.39,Logistics transit buffer,Vendor reported short-term freight dispatch delay.,Supplier offered expedited freight.,Accepted with Warning,Delivered in 13 days.,1157.48,synthetic_demo,True
PO-00586,Matrix Supplies,Machinery Parts,2023-06-21,,Cancelled,1704,233.57,219.05,0,Non-Compliant,,,0.0,14.52,24742.08,Order cancellation due to stock shortage,Vendor confirmed temporary inventory exhaustion.,Purchase order terminated.,Order Cancelled,Order cancelled.,1000.0,synthetic_demo,True
PO-00587,Sovereign Packaging,Packaging,2023-03-23,2023-04-05,Delivered,698,170.19,154.7,0,Compliant,13.0,,0.0,15.49,10812.02,,Fulfillment completed within standard operational window.,Standard warehouse acceptance.,Standard Approval,Successful procurement outcome.,0.0,synthetic_demo,True
PO-00588,Sovereign Packaging,Packaging,2024-03-31,2024-04-19,Delivered,426,216.47,209.43,21,Non-Compliant,19.0,,0.0493,7.04,2999.04,Logistics transit buffer,Vendor reported short-term freight dispatch delay.,Supplier offered expedited freight.,Accepted with Warning,Delivered in 19 days.,738.19,synthetic_demo,True
PO-00589,Apex Components,Machinery Parts,2024-12-18,,Cancelled,213,68.43,64.34,0,Non-Compliant,,,0.0,4.09,871.17,Order cancellation due to stock shortage,Vendor confirmed temporary inventory exhaustion.,Purchase order terminated.,Order Cancelled,Order cancelled.,1000.0,synthetic_demo,True
PO-00590,Acme Industrial Supplies,Raw Metals,2024-04-29,2024-05-07,Partially Delivered,863,140.52,123.71,0,Compliant,8.0,,0.0,16.81,14507.03,,Fulfillment completed within standard operational window.,Standard warehouse acceptance.,Standard Approval,Successful procurement outcome.,0.0,synthetic_demo,True
PO-00591,Acme Industrial Supplies,Raw Metals,2024-09-24,2024-10-03,Delivered,556,189.65,177.45,25,Non-Compliant,9.0,,0.045,12.2,6783.2,Logistics transit buffer,Vendor reported short-term freight dispatch delay.,Supplier offered expedited freight.,Accepted with Warning,Delivered in 9 days.,602.18,synthetic_demo,True
PO-00592,Global Tech Corp,Electronics,2024-06-23,2024-07-01,Delivered,780,217.88,206.44,0,Compliant,8.0,,0.0,11.44,8923.2,,Fulfillment completed within standard operational window.,Standard warehouse acceptance.,Standard Approval,Successful procurement outcome.,0.0,synthetic_demo,True
PO-00593,Alpha Industrial,Raw Metals,2024-07-07,2024-07-23,Delivered,412,155.89,145.66,20,Non-Compliant,16.0,,0.0485,10.23,4214.76,Logistics transit buffer,Vendor reported short-term freight dispatch delay.,Supplier offered expedited freight.,Accepted with Warning,Delivered in 16 days.,1106.91,synthetic_demo,True
PO-00594,Pinnacle Materials,Structural Steel,2024-10-17,,Cancelled,1143,91.22,86.23,0,Non-Compliant,,,0.0,4.99,5703.57,Order cancellation due to stock shortage,Vendor confirmed temporary inventory exhaustion.,Purchase order terminated.,Order Cancelled,Order cancelled.,1000.0,synthetic_demo,True
PO-00595,Horizon Freight,Logistics Equipment,2023-04-02,2023-04-14,Delivered,671,22.43,20.81,9,Compliant,12.0,,0.0134,1.62,1087.02,,Fulfillment completed within standard operational window.,Standard warehouse acceptance.,Standard Approval,Successful procurement outcome.,0.0,synthetic_demo,True
PO-00596,Global Tech Corp,Electronics,2023-10-21,2023-11-06,Delivered,1989,193.76,184.08,0,Compliant,16.0,,0.0,9.68,19253.52,Logistics transit buffer,Vendor reported short-term freight dispatch delay.,Supplier offered expedited freight.,Accepted with Warning,Delivered in 16 days.,1398.71,synthetic_demo,True
PO-00597,Pinnacle Materials,Structural Steel,2024-09-03,2024-09-23,Delivered,893,222.9,208.7,0,Compliant,20.0,,0.0,14.2,12680.6,Logistics transit buffer,Vendor reported short-term freight dispatch delay.,Supplier offered expedited freight.,Accepted with Warning,Delivered in 20 days.,685.74,synthetic_demo,True
PO-00598,Apex Components,Machinery Parts,2024-10-23,2024-11-06,Delivered,212,117.12,111.97,0,Compliant,14.0,,0.0,5.15,1091.8,,Fulfillment completed within standard operational window.,Standard warehouse acceptance.,Standard Approval,Successful procurement outcome.,0.0,synthetic_demo,True
PO-00599,Polymer Tech,Plastics,2024-10-26,,Cancelled,1139,206.03,193.4,0,Non-Compliant,,,0.0,12.63,14385.57,Order cancellation due to stock shortage,Vendor confirmed temporary inventory exhaustion.,Purchase order terminated.,Order Cancelled,Order cancelled.,1000.0,synthetic_demo,True
PO-00600,PrimeSteel,Structural Steel,2023-05-20,2023-06-02,Delivered,1315,124.14,112.96,47,Compliant,13.0,,0.0357,11.18,14701.7,Standard transit schedule,PrimeSteel fulfilled order with minor lead time variance.,Standard inspection and receipt.,Standard Approval,Delivered in 13 days with minor defect rate.,0.0,synthetic_demo,True
PO-00601,Alpha Industrial,Raw Metals,2023-11-25,2023-12-05,Delivered,1145,25.09,22.15,0,Compliant,10.0,,0.0,2.94,3366.3,,Fulfillment completed within standard operational window.,Standard warehouse acceptance.,Standard Approval,Successful procurement outcome.,0.0,synthetic_demo,True
PO-00602,Omni Logistics,Logistics Equipment,2023-05-09,,Cancelled,947,187.23,179.13,0,Non-Compliant,,,0.0,8.1,7670.7,Order cancellation due to stock shortage,Vendor confirmed temporary inventory exhaustion.,Purchase order terminated.,Order Cancelled,Order cancelled.,1000.0,synthetic_demo,True
PO-00603,Global Tech Corp,Electronics,2024-05-20,2024-06-02,Delivered,810,126.65,114.09,32,Non-Compliant,13.0,,0.0395,12.56,10173.6,Logistics transit buffer,Vendor reported short-term freight dispatch delay.,Supplier offered expedited freight.,Accepted with Warning,Delivered in 13 days.,847.91,synthetic_demo,True
PO-00604,Quantum Electronics,Electronics,2023-05-30,2023-06-11,Delivered,1012,61.77,55.0,4,Compliant,12.0,,0.004,6.77,6851.24,,Fulfillment completed within standard operational window.,Standard warehouse acceptance.,Standard Approval,Successful procurement outcome.,0.0,synthetic_demo,True
PO-00605,Polymer Tech,Plastics,2023-01-13,2023-02-02,Delivered,556,189.65,185.22,11,Compliant,20.0,,0.0198,4.43,2463.08,Logistics transit buffer,Vendor reported short-term freight dispatch delay.,Supplier offered expedited freight.,Accepted with Warning,Delivered in 20 days.,1467.46,synthetic_demo,True
PO-00606,Matrix Supplies,Machinery Parts,2024-06-17,,Cancelled,476,128.75,117.4,0,Non-Compliant,,,0.0,11.35,5402.6,Order cancellation due to stock shortage,Vendor confirmed temporary inventory exhaustion.,Purchase order terminated.,Order Cancelled,Order cancelled.,1000.0,synthetic_demo,True
PO-00607,Omni Logistics,Logistics Equipment,2023-06-12,,Cancelled,1541,29.7,26.32,0,Non-Compliant,,,0.0,3.38,5208.58,Order cancellation due to stock shortage,Vendor confirmed temporary inventory exhaustion.,Purchase order terminated.,Order Cancelled,Order cancelled.,1000.0,synthetic_demo,True
PO-00608,Zenith Global,Fasteners,2023-09-17,2023-10-05,Delivered,156,218.64,209.51,0,Compliant,18.0,,0.0,9.13,1424.28,Logistics transit buffer,Vendor reported short-term freight dispatch delay.,Supplier offered expedited freight.,Accepted with Warning,Delivered in 18 days.,668.55,synthetic_demo,True
PO-00609,Acme Industrial Supplies,Raw Metals,2024-10-10,2024-10-23,Delivered,1676,83.5,80.83,0,Compliant,13.0,,0.0,2.67,4474.92,,Fulfillment completed within standard operational window.,Standard warehouse acceptance.,Standard Approval,Successful procurement outcome.,0.0,synthetic_demo,True
PO-00610,Apex Components,Machinery Parts,2023-02-13,2023-03-05,Partially Delivered,1628,40.58,39.13,56,Non-Compliant,20.0,,0.0344,1.45,2360.6,Logistics transit buffer,Vendor reported short-term freight dispatch delay.,Supplier offered expedited freight.,Accepted with Warning,Delivered in 20 days.,401.49,synthetic_demo,True
PO-00611,PrimeSteel,Structural Steel,2024-10-02,2024-10-15,Delivered,365,181.31,163.33,11,Compliant,13.0,,0.0301,17.98,6562.7,Standard transit schedule,PrimeSteel fulfilled order with minor lead time variance.,Standard inspection and receipt.,Standard Approval,Delivered in 13 days with minor defect rate.,0.0,synthetic_demo,True
PO-00612,Global Tech Corp,Electronics,2023-08-27,2023-09-12,Delivered,948,188.63,184.45,36,Non-Compliant,16.0,,0.038,4.18,3962.64,Logistics transit buffer,Vendor reported short-term freight dispatch delay.,Supplier offered expedited freight.,Accepted with Warning,Delivered in 16 days.,1247.18,synthetic_demo,True
PO-00613,Sovereign Packaging,Packaging,2023-05-18,2023-05-26,Delivered,1477,132.72,122.54,32,Compliant,8.0,,0.0217,10.18,15035.86,Logistics transit buffer,Vendor reported short-term freight dispatch delay.,Supplier offered expedited freight.,Accepted with Warning,Delivered in 8 days.,583.13,synthetic_demo,True
PO-00614,Horizon Freight,Logistics Equipment,2023-11-28,,Cancelled,1009,83.32,74.73,0,Non-Compliant,,,0.0,8.59,8667.31,Order cancellation due to stock shortage,Vendor confirmed temporary inventory exhaustion.,Purchase order terminated.,Order Cancelled,Order cancelled.,1000.0,synthetic_demo,True
PO-00615,Horizon Freight,Logistics Equipment,2023-03-12,2023-03-22,Partially Delivered,979,20.17,18.48,40,Non-Compliant,10.0,,0.0409,1.69,1654.51,Logistics transit buffer,Vendor reported short-term freight dispatch delay.,Supplier offered expedited freight.,Accepted with Warning,Delivered in 10 days.,904.09,synthetic_demo,True
PO-00616,Sovereign Packaging,Packaging,2023-01-20,2023-02-02,Partially Delivered,1526,34.57,30.54,18,Compliant,13.0,,0.0118,4.03,6149.78,,Fulfillment completed within standard operational window.,Standard warehouse acceptance.,Standard Approval,Successful procurement outcome.,0.0,synthetic_demo,True
PO-00617,Sovereign Packaging,Packaging,2024-06-20,,Cancelled,1068,196.12,189.17,0,Non-Compliant,,,0.0,6.95,7422.6,Order cancellation due to stock shortage,Vendor confirmed temporary inventory exhaustion.,Purchase order terminated.,Order Cancelled,Order cancelled.,1000.0,synthetic_demo,True
PO-00618,Omni Logistics,Logistics Equipment,2024-02-24,,Cancelled,709,45.41,42.13,0,Non-Compliant,,,0.0,3.28,2325.52,Order cancellation due to stock shortage,Vendor confirmed temporary inventory exhaustion.,Purchase order terminated.,Order Cancelled,Order cancelled.,1000.0,synthetic_demo,True
PO-00619,PrimeSteel,Structural Steel,2023-05-13,2023-05-26,Delivered,1044,64.07,62.58,26,Compliant,13.0,,0.0249,1.49,1555.56,Standard transit schedule,PrimeSteel fulfilled order with minor lead time variance.,Standard inspection and receipt.,Standard Approval,Delivered in 13 days with minor defect rate.,0.0,synthetic_demo,True
PO-00620,Sovereign Packaging,Packaging,2024-06-22,2024-07-11,Partially Delivered,1520,36.3,32.2,4,Compliant,19.0,,0.0026,4.1,6232.0,Logistics transit buffer,Vendor reported short-term freight dispatch delay.,Supplier offered expedited freight.,Accepted with Warning,Delivered in 19 days.,486.94,synthetic_demo,True
PO-00621,Precision Fasteners,Fasteners,2023-03-23,2023-04-12,Delivered,1873,115.67,109.09,34,Compliant,20.0,,0.0182,6.58,12324.34,Logistics transit buffer,Vendor reported short-term freight dispatch delay.,Supplier offered expedited freight.,Accepted with Warning,Delivered in 20 days.,1166.52,synthetic_demo,True
PO-00622,MetalWorks,Structural Steel,2024-06-25,2024-07-04,Delivered,1758,89.9,79.61,14,Compliant,9.0,,0.008,10.29,18089.82,,MetalWorks completed fulfillment according to primary SLA.,Standard receipt.,Standard Approval,Flawless fulfillment; zero defect threshold maintained.,0.0,synthetic_demo,True
PO-00623,Zenith Global,Fasteners,2023-04-14,,Cancelled,523,142.28,136.74,0,Non-Compliant,,,0.0,5.54,2897.42,Order cancellation due to stock shortage,Vendor confirmed temporary inventory exhaustion.,Purchase order terminated.,Order Cancelled,Order cancelled.,1000.0,synthetic_demo,True
PO-00624,Zenith Global,Fasteners,2024-08-06,,Cancelled,1990,61.15,55.35,0,Non-Compliant,,,0.0,5.8,11542.0,Order cancellation due to stock shortage,Vendor confirmed temporary inventory exhaustion.,Purchase order terminated.,Order Cancelled,Order cancelled.,1000.0,synthetic_demo,True
PO-00625,Pinnacle Materials,Structural Steel,2024-10-15,2024-10-28,Partially Delivered,263,58.37,56.15,9,Non-Compliant,13.0,,0.0342,2.22,583.86,Logistics transit buffer,Vendor reported short-term freight dispatch delay.,Supplier offered expedited freight.,Accepted with Warning,Delivered in 13 days.,755.2,synthetic_demo,True
PO-00626,Sovereign Packaging,Packaging,2023-12-12,,Cancelled,373,142.8,131.38,0,Non-Compliant,,,0.0,11.42,4259.66,Order cancellation due to stock shortage,Vendor confirmed temporary inventory exhaustion.,Purchase order terminated.,Order Cancelled,Order cancelled.,1000.0,synthetic_demo,True
PO-00627,Vanguard Chemicals,Chemicals,2024-07-17,2024-07-30,Delivered,712,159.94,147.73,23,Non-Compliant,13.0,,0.0323,12.21,8693.52,Logistics transit buffer,Vendor reported short-term freight dispatch delay.,Supplier offered expedited freight.,Accepted with Warning,Delivered in 13 days.,1274.0,synthetic_demo,True
PO-00628,Precision Fasteners,Fasteners,2024-07-17,,Cancelled,570,102.8,96.09,0,Non-Compliant,,,0.0,6.71,3824.7,Order cancellation due to stock shortage,Vendor confirmed temporary inventory exhaustion.,Purchase order terminated.,Order Cancelled,Order cancelled.,1000.0,synthetic_demo,True
PO-00629,Sovereign Packaging,Packaging,2023-02-05,2023-02-22,Delivered,1873,89.42,84.95,0,Compliant,17.0,,0.0,4.47,8372.31,Logistics transit buffer,Vendor reported short-term freight dispatch delay.,Supplier offered expedited freight.,Accepted with Warning,Delivered in 17 days.,375.61,synthetic_demo,True
PO-00630,Apex Components,Machinery Parts,2023-11-19,2023-12-09,Delivered,1183,137.59,126.99,41,Non-Compliant,20.0,,0.0347,10.6,12539.8,Logistics transit buffer,Vendor reported short-term freight dispatch delay.,Supplier offered expedited freight.,Accepted with Warning,Delivered in 20 days.,558.74,synthetic_demo,True
PO-00631,Global Tech Corp,Electronics,2023-02-08,2023-02-21,Delivered,592,104.43,96.26,0,Compliant,13.0,,0.0,8.17,4836.64,,Fulfillment completed within standard operational window.,Standard warehouse acceptance.,Standard Approval,Successful procurement outcome.,0.0,synthetic_demo,True
PO-00632,Apex Components,Machinery Parts,2023-11-04,2023-11-21,Delivered,1531,94.68,88.22,70,Non-Compliant,17.0,,0.0457,6.46,9890.26,Logistics transit buffer,Vendor reported short-term freight dispatch delay.,Supplier offered expedited freight.,Accepted with Warning,Delivered in 17 days.,1154.55,synthetic_demo,True
PO-00633,Alpha Industrial,Raw Metals,2024-09-01,,Cancelled,665,28.6,25.72,0,Non-Compliant,,,0.0,2.88,1915.2,Order cancellation due to stock shortage,Vendor confirmed temporary inventory exhaustion.,Purchase order terminated.,Order Cancelled,Order cancelled.,1000.0,synthetic_demo,True
PO-00634,Sovereign Packaging,Packaging,2023-02-27,2023-03-12,Delivered,296,220.05,210.66,6,Compliant,13.0,,0.0203,9.39,2779.44,Logistics transit buffer,Vendor reported short-term freight dispatch delay.,Supplier offered expedited freight.,Accepted with Warning,Delivered in 13 days.,1409.32,synthetic_demo,True
PO-00635,SteelCore,Structural Steel,2023-02-25,2023-03-13,Delivered,356,95.17,86.63,0,Compliant,16.0,,0.0,8.54,3040.24,Logistics transit buffer,Vendor reported short-term freight dispatch delay.,Supplier offered expedited freight.,Accepted with Warning,Delivered in 16 days.,901.91,synthetic_demo,True
PO-00636,Global Tech Corp,Electronics,2024-11-20,,Cancelled,854,243.34,220.15,0,Non-Compliant,,,0.0,23.19,19804.26,Order cancellation due to stock shortage,Vendor confirmed temporary inventory exhaustion.,Purchase order terminated.,Order Cancelled,Order cancelled.,1000.0,synthetic_demo,True
PO-00637,Zenith Global,Fasteners,2023-08-16,2023-08-28,Delivered,738,38.99,35.98,5,Compliant,12.0,,0.0068,3.01,2221.38,,Fulfillment completed within standard operational window.,Standard warehouse acceptance.,Standard Approval,Successful procurement outcome.,0.0,synthetic_demo,True
PO-00638,MetalWorks,Structural Steel,2024-02-13,2024-02-24,Delivered,1077,119.93,109.16,3,Compliant,11.0,,0.0028,10.77,11599.29,,MetalWorks completed fulfillment according to primary SLA.,Standard receipt.,Standard Approval,Flawless fulfillment; zero defect threshold maintained.,0.0,synthetic_demo,True
PO-00639,Global Tech Corp,Electronics,2024-07-26,2024-08-10,Delivered,1556,140.58,134.36,44,Compliant,15.0,,0.0283,6.22,9678.32,Logistics transit buffer,Vendor reported short-term freight dispatch delay.,Supplier offered expedited freight.,Accepted with Warning,Delivered in 15 days.,929.52,synthetic_demo,True
PO-00640,Polymer Tech,Plastics,2023-11-28,,Cancelled,1942,152.48,147.71,0,Non-Compliant,,,0.0,4.77,9263.34,Order cancellation due to stock shortage,Vendor confirmed temporary inventory exhaustion.,Purchase order terminated.,Order Cancelled,Order cancelled.,1000.0,synthetic_demo,True
PO-00641,Pinnacle Materials,Structural Steel,2024-01-10,2024-01-21,Delivered,674,58.93,55.69,20,Compliant,11.0,,0.0297,3.24,2183.76,Logistics transit buffer,Vendor reported short-term freight dispatch delay.,Supplier offered expedited freight.,Accepted with Warning,Delivered in 11 days.,231.47,synthetic_demo,True
PO-00642,Matrix Supplies,Machinery Parts,2024-03-27,2024-04-07,Delivered,815,55.88,50.69,0,Compliant,11.0,,0.0,5.19,4229.85,,Fulfillment completed within standard operational window.,Standard warehouse acceptance.,Standard Approval,Successful procurement outcome.,0.0,synthetic_demo,True
PO-00643,PrimeSteel,Structural Steel,2023-02-25,2023-03-14,Delivered,1829,211.46,201.15,79,Compliant,17.0,,0.0432,10.31,18856.99,Standard transit schedule,PrimeSteel fulfilled order with minor lead time variance.,Standard inspection and receipt.,Standard Approval,Delivered in 17 days with minor defect rate.,0.0,synthetic_demo,True
PO-00644,Quantum Electronics,Electronics,2023-11-09,2023-11-24,Delivered,478,190.2,182.37,0,Compliant,15.0,,0.0,7.83,3742.74,,Fulfillment completed within standard operational window.,Standard warehouse acceptance.,Standard Approval,Successful procurement outcome.,0.0,synthetic_demo,True
PO-00645,Horizon Freight,Logistics Equipment,2023-09-22,2023-10-07,Partially Delivered,1418,24.23,22.33,70,Non-Compliant,15.0,,0.0494,1.9,2694.2,Logistics transit buffer,Vendor reported short-term freight dispatch delay.,Supplier offered expedited freight.,Accepted with Warning,Delivered in 15 days.,1103.59,synthetic_demo,True
PO-00646,Zenith Global,Fasteners,2023-09-19,2023-09-27,Delivered,1666,180.2,171.71,0,Compliant,8.0,,0.0,8.49,14144.34,,Fulfillment completed within standard operational window.,Standard warehouse acceptance.,Standard Approval,Successful procurement outcome.,0.0,synthetic_demo,True
PO-00647,Matrix Supplies,Machinery Parts,2023-03-10,2023-03-28,Delivered,1401,102.85,99.68,0,Compliant,18.0,,0.0,3.17,4441.17,Logistics transit buffer,Vendor reported short-term freight dispatch delay.,Supplier offered expedited freight.,Accepted with Warning,Delivered in 18 days.,1307.71,synthetic_demo,True
PO-00648,Omni Logistics,Logistics Equipment,2023-08-25,2023-09-10,Delivered,1825,157.33,152.8,9,Compliant,16.0,,0.0049,4.53,8267.25,Logistics transit buffer,Vendor reported short-term freight dispatch delay.,Supplier offered expedited freight.,Accepted with Warning,Delivered in 16 days.,610.09,synthetic_demo,True
PO-00649,Precision Fasteners,Fasteners,2024-04-13,2024-05-02,Partially Delivered,1134,90.13,83.91,0,Compliant,19.0,,0.0,6.22,7053.48,Logistics transit buffer,Vendor reported short-term freight dispatch delay.,Supplier offered expedited freight.,Accepted with Warning,Delivered in 19 days.,521.61,synthetic_demo,True
PO-00650,Titan Metals,Raw Metals,2023-12-22,,Cancelled,770,101.74,96.63,0,Non-Compliant,,,0.0,5.11,3934.7,Order cancellation due to stock shortage,Vendor confirmed temporary inventory exhaustion.,Purchase order terminated.,Order Cancelled,Order cancelled.,1000.0,synthetic_demo,True
PO-00651,Zenith Global,Fasteners,2023-03-05,,Cancelled,577,222.1,197.88,0,Non-Compliant,,,0.0,24.22,13974.94,Order cancellation due to stock shortage,Vendor confirmed temporary inventory exhaustion.,Purchase order terminated.,Order Cancelled,Order cancelled.,1000.0,synthetic_demo,True
PO-00652,SteelCore,Structural Steel,2023-10-14,2023-10-25,Delivered,1887,110.35,106.63,25,Compliant,11.0,,0.0132,3.72,7019.64,,SteelCore fulfilled order within target timeline following tooling upgrade.,Standard warehouse receipt and quality sign-off.,Standard Approval,Successful fulfillment; delivered on-time in 11 days.,0.0,synthetic_demo,True
PO-00653,Sovereign Packaging,Packaging,2024-11-25,2024-12-13,Partially Delivered,923,243.22,216.23,19,Compliant,18.0,,0.0206,26.99,24911.77,Logistics transit buffer,Vendor reported short-term freight dispatch delay.,Supplier offered expedited freight.,Accepted with Warning,Delivered in 18 days.,944.77,synthetic_demo,True
PO-00654,Quantum Electronics,Electronics,2024-07-09,2024-07-20,Delivered,464,218.4,207.28,13,Compliant,11.0,,0.028,11.12,5159.68,Logistics transit buffer,Vendor reported short-term freight dispatch delay.,Supplier offered expedited freight.,Accepted with Warning,Delivered in 11 days.,1089.26,synthetic_demo,True
PO-00655,Zenith Global,Fasteners,2024-03-16,2024-04-03,Delivered,1191,142.58,129.47,55,Non-Compliant,18.0,,0.0462,13.11,15614.01,Logistics transit buffer,Vendor reported short-term freight dispatch delay.,Supplier offered expedited freight.,Accepted with Warning,Delivered in 18 days.,612.75,synthetic_demo,True
PO-00656,Titan Metals,Raw Metals,2023-05-30,,Cancelled,110,196.05,174.87,0,Non-Compliant,,,0.0,21.18,2329.8,Order cancellation due to stock shortage,Vendor confirmed temporary inventory exhaustion.,Purchase order terminated.,Order Cancelled,Order cancelled.,1000.0,synthetic_demo,True
PO-00657,Pinnacle Materials,Structural Steel,2023-11-07,2023-11-26,Delivered,610,54.95,52.82,27,Non-Compliant,19.0,,0.0443,2.13,1299.3,Logistics transit buffer,Vendor reported short-term freight dispatch delay.,Supplier offered expedited freight.,Accepted with Warning,Delivered in 19 days.,1413.23,synthetic_demo,True
PO-00658,Global Tech Corp,Electronics,2023-01-27,2023-02-13,Partially Delivered,522,157.16,150.39,0,Compliant,17.0,,0.0,6.77,3533.94,Logistics transit buffer,Vendor reported short-term freight dispatch delay.,Supplier offered expedited freight.,Accepted with Warning,Delivered in 17 days.,937.16,synthetic_demo,True
PO-00659,SteelCore,Structural Steel,2023-03-23,,Cancelled,1647,129.62,120.52,0,Non-Compliant,,,0.0,9.1,14987.7,Order cancellation due to stock shortage,Vendor confirmed temporary inventory exhaustion.,Purchase order terminated.,Order Cancelled,Order cancelled.,1000.0,synthetic_demo,True
PO-00660,Alpha Industrial,Raw Metals,2023-07-08,2023-07-23,Delivered,513,27.41,24.77,4,Compliant,15.0,,0.0078,2.64,1354.32,,Fulfillment completed within standard operational window.,Standard warehouse acceptance.,Standard Approval,Successful procurement outcome.,0.0,synthetic_demo,True
PO-00661,SteelCore,Structural Steel,2024-02-27,2024-03-17,Delivered,412,233.23,205.58,4,Compliant,19.0,,0.0097,27.65,11391.8,Logistics transit buffer,Vendor reported short-term freight dispatch delay.,Supplier offered expedited freight.,Accepted with Warning,Delivered in 19 days.,465.93,synthetic_demo,True
PO-00662,Alpha Industrial,Raw Metals,2024-04-13,2024-04-27,Delivered,1555,209.6,190.31,3,Compliant,14.0,,0.0019,19.29,29995.95,,Fulfillment completed within standard operational window.,Standard warehouse acceptance.,Standard Approval,Successful procurement outcome.,0.0,synthetic_demo,True
PO-00663,Sovereign Packaging,Packaging,2024-06-21,,Cancelled,1843,181.95,177.61,0,Non-Compliant,,,0.0,4.34,7998.62,Order cancellation due to stock shortage,Vendor confirmed temporary inventory exhaustion.,Purchase order terminated.,Order Cancelled,Order cancelled.,1000.0,synthetic_demo,True
PO-00664,Acme Industrial Supplies,Raw Metals,2024-04-12,2024-04-23,Delivered,1555,29.03,27.32,31,Compliant,11.0,,0.0199,1.71,2659.05,,Fulfillment completed within standard operational window.,Standard warehouse acceptance.,Standard Approval,Successful procurement outcome.,0.0,synthetic_demo,True
PO-00665,MetalWorks,Structural Steel,2023-10-26,2023-11-07,Delivered,673,197.95,188.33,3,Compliant,12.0,,0.0045,9.62,6474.26,,MetalWorks completed fulfillment according to primary SLA.,Standard receipt.,Standard Approval,Flawless fulfillment; zero defect threshold maintained.,0.0,synthetic_demo,True
PO-00666,Titan Metals,Raw Metals,2023-10-29,2023-11-06,Partially Delivered,1373,123.89,112.46,62,Non-Compliant,8.0,,0.0452,11.43,15693.39,Logistics transit buffer,Vendor reported short-term freight dispatch delay.,Supplier offered expedited freight.,Accepted with Warning,Delivered in 8 days.,802.65,synthetic_demo,True
PO-00667,Acme Industrial Supplies,Raw Metals,2024-08-22,,Cancelled,1169,51.12,47.98,0,Non-Compliant,,,0.0,3.14,3670.66,Order cancellation due to stock shortage,Vendor confirmed temporary inventory exhaustion.,Purchase order terminated.,Order Cancelled,Order cancelled.,1000.0,synthetic_demo,True
PO-00668,Matrix Supplies,Machinery Parts,2023-07-03,2023-07-20,Delivered,234,77.52,70.61,10,Non-Compliant,17.0,,0.0427,6.91,1616.94,Logistics transit buffer,Vendor reported short-term freight dispatch delay.,Supplier offered expedited freight.,Accepted with Warning,Delivered in 17 days.,1347.31,synthetic_demo,True
PO-00669,Titan Metals,Raw Metals,2023-04-04,2023-04-23,Delivered,836,187.18,165.18,15,Compliant,19.0,,0.0179,22.0,18392.0,Logistics transit buffer,Vendor reported short-term freight dispatch delay.,Supplier offered expedited freight.,Accepted with Warning,Delivered in 19 days.,880.96,synthetic_demo,True
PO-00670,Titan Metals,Raw Metals,2024-07-17,2024-07-25,Delivered,1400,218.41,210.5,64,Non-Compliant,8.0,,0.0457,7.91,11074.0,Logistics transit buffer,Vendor reported short-term freight dispatch delay.,Supplier offered expedited freight.,Accepted with Warning,Delivered in 8 days.,935.14,synthetic_demo,True
PO-00671,Global Tech Corp,Electronics,2023-02-22,2023-03-06,Delivered,1332,61.56,54.8,51,Non-Compliant,12.0,,0.0383,6.76,9004.32,Logistics transit buffer,Vendor reported short-term freight dispatch delay.,Supplier offered expedited freight.,Accepted with Warning,Delivered in 12 days.,780.14,synthetic_demo,True
PO-00672,Precision Fasteners,Fasteners,2024-09-29,2024-10-07,Delivered,61,159.84,148.76,3,Non-Compliant,8.0,,0.0492,11.08,675.88,Logistics transit buffer,Vendor reported short-term freight dispatch delay.,Supplier offered expedited freight.,Accepted with Warning,Delivered in 8 days.,906.55,synthetic_demo,True
PO-00673,Precision Fasteners,Fasteners,2024-04-09,2024-04-24,Delivered,1279,21.51,19.18,0,Compliant,15.0,,0.0,2.33,2980.07,,Fulfillment completed within standard operational window.,Standard warehouse acceptance.,Standard Approval,Successful procurement outcome.,0.0,synthetic_demo,True
PO-00674,Polymer Tech,Plastics,2023-08-01,2023-08-11,Delivered,1387,100.27,96.81,0,Compliant,10.0,,0.0,3.46,4799.02,,Fulfillment completed within standard operational window.,Standard warehouse acceptance.,Standard Approval,Successful procurement outcome.,0.0,synthetic_demo,True
PO-00675,MetalWorks,Structural Steel,2023-12-06,2023-12-15,Delivered,903,248.56,239.58,2,Compliant,9.0,,0.0022,8.98,8108.94,,MetalWorks completed fulfillment according to primary SLA.,Standard receipt.,Standard Approval,Flawless fulfillment; zero defect threshold maintained.,0.0,synthetic_demo,True
PO-00676,Omni Logistics,Logistics Equipment,2023-07-01,2023-07-20,Delivered,662,94.25,83.91,31,Non-Compliant,19.0,,0.0468,10.34,6845.08,Logistics transit buffer,Vendor reported short-term freight dispatch delay.,Supplier offered expedited freight.,Accepted with Warning,Delivered in 19 days.,321.06,synthetic_demo,True
PO-00677,PrimeSteel,Structural Steel,2024-07-17,2024-08-01,Delivered,299,179.76,171.23,9,Compliant,15.0,,0.0301,8.53,2550.47,Standard transit schedule,PrimeSteel fulfilled order with minor lead time variance.,Standard inspection and receipt.,Standard Approval,Delivered in 15 days with minor defect rate.,0.0,synthetic_demo,True
PO-00678,Zenith Global,Fasteners,2024-06-21,2024-07-10,Delivered,1220,187.84,172.27,0,Compliant,19.0,,0.0,15.57,18995.4,Logistics transit buffer,Vendor reported short-term freight dispatch delay.,Supplier offered expedited freight.,Accepted with Warning,Delivered in 19 days.,275.64,synthetic_demo,True
PO-00679,PrimeSteel,Structural Steel,2024-12-06,2024-12-22,Delivered,698,79.72,73.54,25,Compliant,16.0,,0.0358,6.18,4313.64,Standard transit schedule,PrimeSteel fulfilled order with minor lead time variance.,Standard inspection and receipt.,Standard Approval,Delivered in 16 days with minor defect rate.,0.0,synthetic_demo,True
PO-00680,Vanguard Chemicals,Chemicals,2024-09-21,2024-10-06,Partially Delivered,418,223.24,213.58,13,Non-Compliant,15.0,,0.0311,9.66,4037.88,Logistics transit buffer,Vendor reported short-term freight dispatch delay.,Supplier offered expedited freight.,Accepted with Warning,Delivered in 15 days.,840.26,synthetic_demo,True
PO-00681,Omni Logistics,Logistics Equipment,2023-01-02,2023-01-10,Delivered,474,203.9,179.45,19,Non-Compliant,8.0,,0.0401,24.45,11589.3,Logistics transit buffer,Vendor reported short-term freight dispatch delay.,Supplier offered expedited freight.,Accepted with Warning,Delivered in 8 days.,1158.71,synthetic_demo,True
PO-00682,Pinnacle Materials,Structural Steel,2023-12-08,2023-12-24,Delivered,1463,84.77,76.38,16,Compliant,16.0,,0.0109,8.39,12274.57,Logistics transit buffer,Vendor reported short-term freight dispatch delay.,Supplier offered expedited freight.,Accepted with Warning,Delivered in 16 days.,1032.8,synthetic_demo,True
PO-00683,Omni Logistics,Logistics Equipment,2024-06-02,2024-06-15,Partially Delivered,732,98.51,89.4,4,Compliant,13.0,,0.0055,9.11,6668.52,,Fulfillment completed within standard operational window.,Standard warehouse acceptance.,Standard Approval,Successful procurement outcome.,0.0,synthetic_demo,True
PO-00684,SteelCore,Structural Steel,2023-07-18,2023-08-10,Delivered,122,168.5,157.02,17,Non-Compliant,23.0,,0.1393,11.48,1400.56,Summer seasonal port customs backlog and factory heat-treatment calibration delay,SteelCore reported sub-tier furnace maintenance and regional port congestion.,Batch quarantined; supplier dispatched technical team and offered 5% credit.,Conditional Approval with Penalty,Delivered after 23 days with 13.5% defect rate.,5347.0,synthetic_demo,True
PO-00685,Matrix Supplies,Machinery Parts,2023-12-10,2023-12-30,Delivered,1117,88.85,80.63,52,Non-Compliant,20.0,,0.0466,8.22,9181.74,Logistics transit buffer,Vendor reported short-term freight dispatch delay.,Supplier offered expedited freight.,Accepted with Warning,Delivered in 20 days.,272.83,synthetic_demo,True
PO-00686,Quantum Electronics,Electronics,2024-07-02,2024-07-13,Delivered,1926,224.25,211.84,32,Compliant,11.0,,0.0166,12.41,23901.66,,Fulfillment completed within standard operational window.,Standard warehouse acceptance.,Standard Approval,Successful procurement outcome.,0.0,synthetic_demo,True
PO-00687,Global Tech Corp,Electronics,2023-02-01,2023-02-15,Delivered,847,63.1,61.1,36,Non-Compliant,14.0,,0.0425,2.0,1694.0,Logistics transit buffer,Vendor reported short-term freight dispatch delay.,Supplier offered expedited freight.,Accepted with Warning,Delivered in 14 days.,942.28,synthetic_demo,True
PO-00688,Omni Logistics,Logistics Equipment,2023-02-02,2023-02-16,Delivered,1846,74.66,69.79,0,Compliant,14.0,,0.0,4.87,8990.02,,Fulfillment completed within standard operational window.,Standard warehouse acceptance.,Standard Approval,Successful procurement outcome.,0.0,synthetic_demo,True
PO-00689,Omni Logistics,Logistics Equipment,2024-06-21,2024-07-01,Delivered,1657,28.6,27.45,0,Compliant,10.0,,0.0,1.15,1905.55,,Fulfillment completed within standard operational window.,Standard warehouse acceptance.,Standard Approval,Successful procurement outcome.,0.0,synthetic_demo,True
PO-00690,PrimeSteel,Structural Steel,2024-06-02,2024-06-18,Delivered,365,63.75,56.59,16,Compliant,16.0,,0.0438,7.16,2613.4,Standard transit schedule,PrimeSteel fulfilled order with minor lead time variance.,Standard inspection and receipt.,Standard Approval,Delivered in 16 days with minor defect rate.,0.0,synthetic_demo,True
PO-00691,Zenith Global,Fasteners,2023-12-02,2023-12-22,Delivered,1435,248.33,238.27,59,Non-Compliant,20.0,,0.0411,10.06,14436.1,Logistics transit buffer,Vendor reported short-term freight dispatch delay.,Supplier offered expedited freight.,Accepted with Warning,Delivered in 20 days.,1419.43,synthetic_demo,True
PO-00692,MetalWorks,Structural Steel,2024-02-01,2024-02-10,Delivered,1959,30.13,26.97,4,Compliant,9.0,,0.002,3.16,6190.44,,MetalWorks completed fulfillment according to primary SLA.,Standard receipt.,Standard Approval,Flawless fulfillment; zero defect threshold maintained.,0.0,synthetic_demo,True
PO-00693,PrimeSteel,Structural Steel,2024-04-23,2024-05-06,Delivered,1399,191.48,187.22,46,Compliant,13.0,,0.0329,4.26,5959.74,Standard transit schedule,PrimeSteel fulfilled order with minor lead time variance.,Standard inspection and receipt.,Standard Approval,Delivered in 13 days with minor defect rate.,0.0,synthetic_demo,True
PO-00694,Omni Logistics,Logistics Equipment,2023-11-25,2023-12-06,Delivered,1140,93.4,87.41,0,Compliant,11.0,,0.0,5.99,6828.6,,Fulfillment completed within standard operational window.,Standard warehouse acceptance.,Standard Approval,Successful procurement outcome.,0.0,synthetic_demo,True
PO-00695,Acme Industrial Supplies,Raw Metals,2023-06-02,2023-06-14,Delivered,1325,148.71,144.21,0,Compliant,12.0,,0.0,4.5,5962.5,,Fulfillment completed within standard operational window.,Standard warehouse acceptance.,Standard Approval,Successful procurement outcome.,0.0,synthetic_demo,True
PO-00696,Horizon Freight,Logistics Equipment,2024-07-16,2024-07-28,Delivered,1492,204.92,189.06,0,Compliant,12.0,,0.0,15.86,23663.12,,Fulfillment completed within standard operational window.,Standard warehouse acceptance.,Standard Approval,Successful procurement outcome.,0.0,synthetic_demo,True
PO-00697,Titan Metals,Raw Metals,2023-11-15,2023-11-28,Partially Delivered,109,128.27,117.04,0,Compliant,13.0,,0.0,11.23,1224.07,,Fulfillment completed within standard operational window.,Standard warehouse acceptance.,Standard Approval,Successful procurement outcome.,0.0,synthetic_demo,True
PO-00698,Acme Industrial Supplies,Raw Metals,2023-02-25,2023-03-11,Delivered,1339,212.32,193.22,47,Non-Compliant,14.0,,0.0351,19.1,25574.9,Logistics transit buffer,Vendor reported short-term freight dispatch delay.,Supplier offered expedited freight.,Accepted with Warning,Delivered in 14 days.,1358.66,synthetic_demo,True
PO-00699,Vanguard Chemicals,Chemicals,2023-12-07,2023-12-26,Delivered,1939,193.82,180.92,78,Non-Compliant,19.0,,0.0402,12.9,25013.1,Logistics transit buffer,Vendor reported short-term freight dispatch delay.,Supplier offered expedited freight.,Accepted with Warning,Delivered in 19 days.,302.11,synthetic_demo,True
PO-00700,Global Tech Corp,Electronics,2024-12-16,2024-12-25,Delivered,1003,128.23,113.52,34,Non-Compliant,9.0,,0.0339,14.71,14754.13,Logistics transit buffer,Vendor reported short-term freight dispatch delay.,Supplier offered expedited freight.,Accepted with Warning,Delivered in 9 days.,1123.28,synthetic_demo,True
PO-00701,Global Tech Corp,Electronics,2024-01-08,2024-01-18,Delivered,1857,94.7,88.19,62,Non-Compliant,10.0,,0.0334,6.51,12089.07,Logistics transit buffer,Vendor reported short-term freight dispatch delay.,Supplier offered expedited freight.,Accepted with Warning,Delivered in 10 days.,1225.41,synthetic_demo,True
PO-00702,PrimeSteel,Structural Steel,2023-04-26,2023-05-12,Delivered,399,84.92,80.26,13,Compliant,16.0,,0.0326,4.66,1859.34,Standard transit schedule,PrimeSteel fulfilled order with minor lead time variance.,Standard inspection and receipt.,Standard Approval,Delivered in 16 days with minor defect rate.,0.0,synthetic_demo,True
PO-00703,Global Tech Corp,Electronics,2023-04-16,2023-05-05,Delivered,1672,89.49,83.57,27,Compliant,19.0,,0.0161,5.92,9898.24,Logistics transit buffer,Vendor reported short-term freight dispatch delay.,Supplier offered expedited freight.,Accepted with Warning,Delivered in 19 days.,1044.29,synthetic_demo,True
PO-00704,Pinnacle Materials,Structural Steel,2024-09-27,2024-10-13,Delivered,185,98.36,88.39,0,Compliant,16.0,,0.0,9.97,1844.45,Logistics transit buffer,Vendor reported short-term freight dispatch delay.,Supplier offered expedited freight.,Accepted with Warning,Delivered in 16 days.,827.09,synthetic_demo,True
PO-00705,Pinnacle Materials,Structural Steel,2024-08-03,2024-08-19,Delivered,1564,234.1,215.98,14,Compliant,16.0,,0.009,18.12,28339.68,Logistics transit buffer,Vendor reported short-term freight dispatch delay.,Supplier offered expedited freight.,Accepted with Warning,Delivered in 16 days.,1070.49,synthetic_demo,True
PO-00706,Alpha Industrial,Raw Metals,2024-08-29,2024-09-13,Partially Delivered,961,60.52,53.52,5,Compliant,15.0,,0.0052,7.0,6727.0,,Fulfillment completed within standard operational window.,Standard warehouse acceptance.,Standard Approval,Successful procurement outcome.,0.0,synthetic_demo,True
PO-00707,PrimeSteel,Structural Steel,2024-12-02,,Cancelled,720,133.69,122.19,0,Non-Compliant,,,0.0,11.5,8280.0,Raw ingot supply exhaustion,PrimeSteel confirmed inability to secure raw materials within required window.,Order terminated; alternative supplier sourced.,Order Cancelled,Order cancelled due to supplier fulfillment incapacity.,2500.0,synthetic_demo,True
PO-00708,PrimeSteel,Structural Steel,2023-05-23,2023-06-06,Delivered,977,142.19,133.8,36,Compliant,14.0,,0.0368,8.39,8197.03,Standard transit schedule,PrimeSteel fulfilled order with minor lead time variance.,Standard inspection and receipt.,Standard Approval,Delivered in 14 days with minor defect rate.,0.0,synthetic_demo,True
PO-00709,Matrix Supplies,Machinery Parts,2023-07-30,,Cancelled,1846,92.82,85.67,0,Non-Compliant,,,0.0,7.15,13198.9,Order cancellation due to stock shortage,Vendor confirmed temporary inventory exhaustion.,Purchase order terminated.,Order Cancelled,Order cancelled.,1000.0,synthetic_demo,True
PO-00710,Omni Logistics,Logistics Equipment,2023-12-19,2024-01-05,Delivered,877,214.96,192.34,0,Compliant,17.0,,0.0,22.62,19837.74,Logistics transit buffer,Vendor reported short-term freight dispatch delay.,Supplier offered expedited freight.,Accepted with Warning,Delivered in 17 days.,1482.35,synthetic_demo,True
PO-00711,MetalWorks,Structural Steel,2024-07-16,2024-07-25,Delivered,1196,208.77,197.09,2,Compliant,9.0,,0.0017,11.68,13969.28,,MetalWorks completed fulfillment according to primary SLA.,Standard receipt.,Standard Approval,Flawless fulfillment; zero defect threshold maintained.,0.0,synthetic_demo,True
PO-00712,Omni Logistics,Logistics Equipment,2023-08-29,2023-09-17,Delivered,881,107.76,99.73,28,Non-Compliant,19.0,,0.0318,8.03,7074.43,Logistics transit buffer,Vendor reported short-term freight dispatch delay.,Supplier offered expedited freight.,Accepted with Warning,Delivered in 19 days.,1125.31,synthetic_demo,True
PO-00713,Titan Metals,Raw Metals,2023-05-23,2023-06-08,Delivered,365,86.35,77.09,17,Non-Compliant,16.0,,0.0466,9.26,3379.9,Logistics transit buffer,Vendor reported short-term freight dispatch delay.,Supplier offered expedited freight.,Accepted with Warning,Delivered in 16 days.,1291.95,synthetic_demo,True
PO-00714,Global Tech Corp,Electronics,2023-01-12,2023-01-30,Delivered,1046,171.32,151.19,0,Compliant,18.0,,0.0,20.13,21055.98,Logistics transit buffer,Vendor reported short-term freight dispatch delay.,Supplier offered expedited freight.,Accepted with Warning,Delivered in 18 days.,1137.74,synthetic_demo,True
PO-00715,Global Tech Corp,Electronics,2023-05-21,,Cancelled,1700,115.65,108.06,0,Non-Compliant,,,0.0,7.59,12903.0,Order cancellation due to stock shortage,Vendor confirmed temporary inventory exhaustion.,Purchase order terminated.,Order Cancelled,Order cancelled.,1000.0,synthetic_demo,True
PO-00716,Pinnacle Materials,Structural Steel,2024-04-10,2024-04-24,Partially Delivered,430,117.7,115.26,10,Compliant,14.0,,0.0233,2.44,1049.2,Logistics transit buffer,Vendor reported short-term freight dispatch delay.,Supplier offered expedited freight.,Accepted with Warning,Delivered in 14 days.,661.9,synthetic_demo,True
PO-00717,Alpha Industrial,Raw Metals,2024-05-28,2024-06-11,Delivered,127,150.67,137.04,4,Compliant,14.0,,0.0315,13.63,1731.01,Logistics transit buffer,Vendor reported short-term freight dispatch delay.,Supplier offered expedited freight.,Accepted with Warning,Delivered in 14 days.,243.5,synthetic_demo,True
PO-00718,Acme Industrial Supplies,Raw Metals,2024-12-08,2024-12-18,Delivered,1587,199.14,185.9,42,Compliant,10.0,,0.0265,13.24,21011.88,Logistics transit buffer,Vendor reported short-term freight dispatch delay.,Supplier offered expedited freight.,Accepted with Warning,Delivered in 10 days.,1317.16,synthetic_demo,True
PO-00719,PrimeSteel,Structural Steel,2024-09-16,2024-09-30,Delivered,1568,172.66,157.66,50,Compliant,14.0,,0.0319,15.0,23520.0,Standard transit schedule,PrimeSteel fulfilled order with minor lead time variance.,Standard inspection and receipt.,Standard Approval,Delivered in 14 days with minor defect rate.,0.0,synthetic_demo,True
PO-00720,Horizon Freight,Logistics Equipment,2024-09-19,2024-10-02,Delivered,979,137.91,128.68,1,Compliant,13.0,,0.001,9.23,9036.17,,Fulfillment completed within standard operational window.,Standard warehouse acceptance.,Standard Approval,Successful procurement outcome.,0.0,synthetic_demo,True
PO-00721,Quantum Electronics,Electronics,2023-12-28,2024-01-09,Delivered,1473,232.26,210.21,0,Compliant,12.0,,0.0,22.05,32479.65,,Fulfillment completed within standard operational window.,Standard warehouse acceptance.,Standard Approval,Successful procurement outcome.,0.0,synthetic_demo,True
PO-00722,Polymer Tech,Plastics,2024-10-06,2024-10-23,Delivered,647,206.05,189.06,0,Compliant,17.0,,0.0,16.99,10992.53,Logistics transit buffer,Vendor reported short-term freight dispatch delay.,Supplier offered expedited freight.,Accepted with Warning,Delivered in 17 days.,267.11,synthetic_demo,True
PO-00723,Omni Logistics,Logistics Equipment,2023-03-26,2023-04-11,Delivered,566,50.48,48.05,0,Compliant,16.0,,0.0,2.43,1375.38,Logistics transit buffer,Vendor reported short-term freight dispatch delay.,Supplier offered expedited freight.,Accepted with Warning,Delivered in 16 days.,1218.89,synthetic_demo,True
PO-00724,Polymer Tech,Plastics,2023-04-25,2023-05-05,Partially Delivered,807,205.8,196.31,30,Non-Compliant,10.0,,0.0372,9.49,7658.43,Logistics transit buffer,Vendor reported short-term freight dispatch delay.,Supplier offered expedited freight.,Accepted with Warning,Delivered in 10 days.,1056.9,synthetic_demo,True
PO-00725,Apex Components,Machinery Parts,2023-07-05,2023-07-13,Partially Delivered,347,156.98,140.94,1,Compliant,8.0,,0.0029,16.04,5565.88,,Fulfillment completed within standard operational window.,Standard warehouse acceptance.,Standard Approval,Successful procurement outcome.,0.0,synthetic_demo,True
PO-00726,Alpha Industrial,Raw Metals,2024-01-28,2024-02-15,Delivered,1553,213.62,208.19,50,Non-Compliant,18.0,,0.0322,5.43,8432.79,Logistics transit buffer,Vendor reported short-term freight dispatch delay.,Supplier offered expedited freight.,Accepted with Warning,Delivered in 18 days.,474.11,synthetic_demo,True
PO-00727,Polymer Tech,Plastics,2023-02-23,2023-03-10,Delivered,1578,238.1,211.37,24,Compliant,15.0,,0.0152,26.73,42179.94,,Fulfillment completed within standard operational window.,Standard warehouse acceptance.,Standard Approval,Successful procurement outcome.,0.0,synthetic_demo,True
PO-00728,Apex Components,Machinery Parts,2024-11-30,,Cancelled,848,129.16,124.7,0,Non-Compliant,,,0.0,4.46,3782.08,Order cancellation due to stock shortage,Vendor confirmed temporary inventory exhaustion.,Purchase order terminated.,Order Cancelled,Order cancelled.,1000.0,synthetic_demo,True
PO-00729,Pinnacle Materials,Structural Steel,2023-10-23,2023-11-06,Delivered,134,42.39,39.29,6,Non-Compliant,14.0,,0.0448,3.1,415.4,Logistics transit buffer,Vendor reported short-term freight dispatch delay.,Supplier offered expedited freight.,Accepted with Warning,Delivered in 14 days.,1087.74,synthetic_demo,True
PO-00730,Vanguard Chemicals,Chemicals,2024-09-17,,Cancelled,1807,82.7,78.81,0,Non-Compliant,,,0.0,3.89,7029.23,Order cancellation due to stock shortage,Vendor confirmed temporary inventory exhaustion.,Purchase order terminated.,Order Cancelled,Order cancelled.,1000.0,synthetic_demo,True
PO-00731,Acme Industrial Supplies,Raw Metals,2024-11-01,2024-11-15,Partially Delivered,1426,155.41,149.27,48,Non-Compliant,14.0,,0.0337,6.14,8755.64,Logistics transit buffer,Vendor reported short-term freight dispatch delay.,Supplier offered expedited freight.,Accepted with Warning,Delivered in 14 days.,514.34,synthetic_demo,True
PO-00732,Quantum Electronics,Electronics,2023-11-17,2023-11-25,Partially Delivered,250,140.81,128.34,10,Non-Compliant,8.0,,0.04,12.47,3117.5,Logistics transit buffer,Vendor reported short-term freight dispatch delay.,Supplier offered expedited freight.,Accepted with Warning,Delivered in 8 days.,215.55,synthetic_demo,True
PO-00733,Vanguard Chemicals,Chemicals,2023-10-18,2023-10-29,Delivered,1318,41.15,36.47,0,Compliant,11.0,,0.0,4.68,6168.24,,Fulfillment completed within standard operational window.,Standard warehouse acceptance.,Standard Approval,Successful procurement outcome.,0.0,synthetic_demo,True
PO-00734,Precision Fasteners,Fasteners,2023-05-03,2023-05-20,Delivered,1892,169.02,152.06,0,Compliant,17.0,,0.0,16.96,32088.32,Logistics transit buffer,Vendor reported short-term freight dispatch delay.,Supplier offered expedited freight.,Accepted with Warning,Delivered in 17 days.,1053.31,synthetic_demo,True
PO-00735,Titan Metals,Raw Metals,2024-12-13,2024-12-25,Delivered,1402,235.32,215.58,0,Compliant,12.0,,0.0,19.74,27675.48,,Fulfillment completed within standard operational window.,Standard warehouse acceptance.,Standard Approval,Successful procurement outcome.,0.0,synthetic_demo,True
PO-00736,Polymer Tech,Plastics,2024-12-09,,Cancelled,1626,197.13,188.11,0,Non-Compliant,,,0.0,9.02,14666.52,Order cancellation due to stock shortage,Vendor confirmed temporary inventory exhaustion.,Purchase order terminated.,Order Cancelled,Order cancelled.,1000.0,synthetic_demo,True
PO-00737,PrimeSteel,Structural Steel,2023-03-05,,Cancelled,845,96.51,94.0,0,Non-Compliant,,,0.0,2.51,2120.95,Raw ingot supply exhaustion,PrimeSteel confirmed inability to secure raw materials within required window.,Order terminated; alternative supplier sourced.,Order Cancelled,Order cancelled due to supplier fulfillment incapacity.,2500.0,synthetic_demo,True
PO-00738,Polymer Tech,Plastics,2024-03-27,2024-04-11,Delivered,854,61.04,56.82,9,Compliant,15.0,,0.0105,4.22,3603.88,,Fulfillment completed within standard operational window.,Standard warehouse acceptance.,Standard Approval,Successful procurement outcome.,0.0,synthetic_demo,True
PO-00739,Global Tech Corp,Electronics,2024-03-17,2024-04-03,Delivered,261,28.02,27.26,12,Non-Compliant,17.0,,0.046,0.76,198.36,Logistics transit buffer,Vendor reported short-term freight dispatch delay.,Supplier offered expedited freight.,Accepted with Warning,Delivered in 17 days.,1130.02,synthetic_demo,True
PO-00740,Polymer Tech,Plastics,2023-01-20,2023-01-30,Delivered,127,172.86,164.8,0,Compliant,10.0,,0.0,8.06,1023.62,,Fulfillment completed within standard operational window.,Standard warehouse acceptance.,Standard Approval,Successful procurement outcome.,0.0,synthetic_demo,True
PO-00741,Quantum Electronics,Electronics,2024-08-11,2024-08-27,Delivered,877,214.13,193.13,34,Non-Compliant,16.0,,0.0388,21.0,18417.0,Logistics transit buffer,Vendor reported short-term freight dispatch delay.,Supplier offered expedited freight.,Accepted with Warning,Delivered in 16 days.,821.58,synthetic_demo,True
PO-00742,PrimeSteel,Structural Steel,2023-08-20,2023-09-05,Delivered,1725,199.36,192.96,76,Compliant,16.0,,0.0441,6.4,11040.0,Standard transit schedule,PrimeSteel fulfilled order with minor lead time variance.,Standard inspection and receipt.,Standard Approval,Delivered in 16 days with minor defect rate.,0.0,synthetic_demo,True
PO-00743,Horizon Freight,Logistics Equipment,2023-12-08,,Cancelled,670,112.14,102.81,0,Non-Compliant,,,0.0,9.33,6251.1,Order cancellation due to stock shortage,Vendor confirmed temporary inventory exhaustion.,Purchase order terminated.,Order Cancelled,Order cancelled.,1000.0,synthetic_demo,True
PO-00744,PrimeSteel,Structural Steel,2024-07-01,2024-07-14,Delivered,1607,196.3,179.66,66,Compliant,13.0,,0.0411,16.64,26740.48,Standard transit schedule,PrimeSteel fulfilled order with minor lead time variance.,Standard inspection and receipt.,Standard Approval,Delivered in 13 days with minor defect rate.,0.0,synthetic_demo,True
PO-00745,Titan Metals,Raw Metals,2023-02-10,2023-02-28,Delivered,1885,44.56,40.6,0,Compliant,18.0,,0.0,3.96,7464.6,Logistics transit buffer,Vendor reported short-term freight dispatch delay.,Supplier offered expedited freight.,Accepted with Warning,Delivered in 18 days.,1104.65,synthetic_demo,True
PO-00746,Alpha Industrial,Raw Metals,2024-10-09,2024-10-28,Delivered,101,185.54,170.83,0,Compliant,19.0,,0.0,14.71,1485.71,Logistics transit buffer,Vendor reported short-term freight dispatch delay.,Supplier offered expedited freight.,Accepted with Warning,Delivered in 19 days.,246.41,synthetic_demo,True
PO-00747,Alpha Industrial,Raw Metals,2023-03-06,2023-03-24,Partially Delivered,970,242.31,237.07,26,Compliant,18.0,,0.0268,5.24,5082.8,Logistics transit buffer,Vendor reported short-term freight dispatch delay.,Supplier offered expedited freight.,Accepted with Warning,Delivered in 18 days.,1284.53,synthetic_demo,True
PO-00748,Quantum Electronics,Electronics,2023-12-12,,Cancelled,137,113.27,108.61,0,Non-Compliant,,,0.0,4.66,638.42,Order cancellation due to stock shortage,Vendor confirmed temporary inventory exhaustion.,Purchase order terminated.,Order Cancelled,Order cancelled.,1000.0,synthetic_demo,True
PO-00749,Zenith Global,Fasteners,2024-11-25,2024-12-05,Partially Delivered,197,28.48,27.51,2,Compliant,10.0,,0.0102,0.97,191.09,,Fulfillment completed within standard operational window.,Standard warehouse acceptance.,Standard Approval,Successful procurement outcome.,0.0,synthetic_demo,True
PO-00750,SteelCore,Structural Steel,2024-09-25,2024-10-05,Delivered,1378,50.02,48.16,20,Compliant,10.0,,0.0145,1.86,2563.08,,SteelCore fulfilled order within target timeline following tooling upgrade.,Standard warehouse receipt and quality sign-off.,Standard Approval,Successful fulfillment; delivered on-time in 10 days.,0.0,synthetic_demo,True
PO-00751,MetalWorks,Structural Steel,2023-04-10,2023-04-22,Delivered,1760,155.94,140.07,12,Compliant,12.0,,0.0068,15.87,27931.2,,MetalWorks completed fulfillment according to primary SLA.,Standard receipt.,Standard Approval,Flawless fulfillment; zero defect threshold maintained.,0.0,synthetic_demo,True
PO-00752,Acme Industrial Supplies,Raw Metals,2024-05-24,2024-06-13,Partially Delivered,740,206.65,182.22,2,Compliant,20.0,,0.0027,24.43,18078.2,Logistics transit buffer,Vendor reported short-term freight dispatch delay.,Supplier offered expedited freight.,Accepted with Warning,Delivered in 20 days.,463.43,synthetic_demo,True
PO-00753,Sovereign Packaging,Packaging,2023-05-04,,Cancelled,1229,145.55,137.96,0,Non-Compliant,,,0.0,7.59,9328.11,Order cancellation due to stock shortage,Vendor confirmed temporary inventory exhaustion.,Purchase order terminated.,Order Cancelled,Order cancelled.,1000.0,synthetic_demo,True
PO-00754,Precision Fasteners,Fasteners,2024-08-30,2024-09-12,Delivered,610,52.48,49.25,0,Compliant,13.0,,0.0,3.23,1970.3,,Fulfillment completed within standard operational window.,Standard warehouse acceptance.,Standard Approval,Successful procurement outcome.,0.0,synthetic_demo,True
PO-00755,Vanguard Chemicals,Chemicals,2023-06-18,2023-06-29,Delivered,254,201.94,185.13,1,Compliant,11.0,,0.0039,16.81,4269.74,,Fulfillment completed within standard operational window.,Standard warehouse acceptance.,Standard Approval,Successful procurement outcome.,0.0,synthetic_demo,True
PO-00756,Sovereign Packaging,Packaging,2023-01-17,2023-01-26,Delivered,417,233.01,211.88,0,Compliant,9.0,,0.0,21.13,8811.21,,Fulfillment completed within standard operational window.,Standard warehouse acceptance.,Standard Approval,Successful procurement outcome.,0.0,synthetic_demo,True
PO-00757,Omni Logistics,Logistics Equipment,2024-12-11,2024-12-30,Delivered,604,140.31,131.72,0,Compliant,19.0,,0.0,8.59,5188.36,Logistics transit buffer,Vendor reported short-term freight dispatch delay.,Supplier offered expedited freight.,Accepted with Warning,Delivered in 19 days.,386.01,synthetic_demo,True
PO-00758,Titan Metals,Raw Metals,2024-09-02,2024-09-21,Delivered,1652,89.28,83.76,78,Non-Compliant,19.0,,0.0472,5.52,9119.04,Logistics transit buffer,Vendor reported short-term freight dispatch delay.,Supplier offered expedited freight.,Accepted with Warning,Delivered in 19 days.,1015.35,synthetic_demo,True
PO-00759,Horizon Freight,Logistics Equipment,2023-07-16,2023-08-01,Delivered,1155,136.73,127.65,36,Non-Compliant,16.0,,0.0312,9.08,10487.4,Logistics transit buffer,Vendor reported short-term freight dispatch delay.,Supplier offered expedited freight.,Accepted with Warning,Delivered in 16 days.,1321.55,synthetic_demo,True
PO-00760,Precision Fasteners,Fasteners,2023-02-24,2023-03-05,Delivered,1021,134.43,129.59,35,Non-Compliant,9.0,,0.0343,4.84,4941.64,Logistics transit buffer,Vendor reported short-term freight dispatch delay.,Supplier offered expedited freight.,Accepted with Warning,Delivered in 9 days.,1459.15,synthetic_demo,True
PO-00761,MetalWorks,Structural Steel,2024-10-22,2024-11-02,Delivered,940,77.82,71.46,4,Compliant,11.0,,0.0043,6.36,5978.4,,MetalWorks completed fulfillment according to primary SLA.,Standard receipt.,Standard Approval,Flawless fulfillment; zero defect threshold maintained.,0.0,synthetic_demo,True
PO-00762,Matrix Supplies,Machinery Parts,2023-04-17,,Cancelled,157,232.72,223.97,0,Non-Compliant,,,0.0,8.75,1373.75,Order cancellation due to stock shortage,Vendor confirmed temporary inventory exhaustion.,Purchase order terminated.,Order Cancelled,Order cancelled.,1000.0,synthetic_demo,True
PO-00763,SteelCore,Structural Steel,2024-06-11,2024-06-20,Delivered,717,116.39,105.37,26,Non-Compliant,9.0,,0.0363,11.02,7901.34,Logistics transit buffer,Vendor reported short-term freight dispatch delay.,Supplier offered expedited freight.,Accepted with Warning,Delivered in 9 days.,970.52,synthetic_demo,True
PO-00764,Quantum Electronics,Electronics,2023-04-23,2023-05-04,Delivered,1560,114.9,110.3,0,Compliant,11.0,,0.0,4.6,7176.0,,Fulfillment completed within standard operational window.,Standard warehouse acceptance.,Standard Approval,Successful procurement outcome.,0.0,synthetic_demo,True
PO-00765,Apex Components,Machinery Parts,2024-04-27,2024-05-12,Partially Delivered,942,53.34,47.32,0,Compliant,15.0,,0.0,6.02,5670.84,,Fulfillment completed within standard operational window.,Standard warehouse acceptance.,Standard Approval,Successful procurement outcome.,0.0,synthetic_demo,True
PO-00766,Matrix Supplies,Machinery Parts,2024-02-01,2024-02-11,Delivered,784,244.38,234.55,8,Compliant,10.0,,0.0102,9.83,7706.72,,Fulfillment completed within standard operational window.,Standard warehouse acceptance.,Standard Approval,Successful procurement outcome.,0.0,synthetic_demo,True
PO-00767,Global Tech Corp,Electronics,2024-12-09,2024-12-17,Partially Delivered,277,215.88,201.66,0,Compliant,8.0,,0.0,14.22,3938.94,,Fulfillment completed within standard operational window.,Standard warehouse acceptance.,Standard Approval,Successful procurement outcome.,0.0,synthetic_demo,True
PO-00768,Titan Metals,Raw Metals,2023-08-14,2023-08-31,Delivered,1302,228.28,210.52,0,Compliant,17.0,,0.0,17.76,23123.52,Logistics transit buffer,Vendor reported short-term freight dispatch delay.,Supplier offered expedited freight.,Accepted with Warning,Delivered in 17 days.,1232.94,synthetic_demo,True
PO-00769,Horizon Freight,Logistics Equipment,2023-03-30,2023-04-15,Delivered,1764,126.44,123.73,88,Non-Compliant,16.0,,0.0499,2.71,4780.44,Logistics transit buffer,Vendor reported short-term freight dispatch delay.,Supplier offered expedited freight.,Accepted with Warning,Delivered in 16 days.,969.06,synthetic_demo,True
PO-00770,Pinnacle Materials,Structural Steel,2023-09-11,2023-09-25,Delivered,355,230.16,204.88,16,Non-Compliant,14.0,,0.0451,25.28,8974.4,Logistics transit buffer,Vendor reported short-term freight dispatch delay.,Supplier offered expedited freight.,Accepted with Warning,Delivered in 14 days.,969.3,synthetic_demo,True
PO-00771,Pinnacle Materials,Structural Steel,2023-02-11,2023-03-02,Delivered,1031,206.23,187.74,2,Compliant,19.0,,0.0019,18.49,19063.19,Logistics transit buffer,Vendor reported short-term freight dispatch delay.,Supplier offered expedited freight.,Accepted with Warning,Delivered in 19 days.,890.46,synthetic_demo,True
PO-00772,Acme Industrial Supplies,Raw Metals,2024-05-22,2024-05-31,Delivered,1548,113.52,108.77,1,Compliant,9.0,,0.0006,4.75,7353.0,,Fulfillment completed within standard operational window.,Standard warehouse acceptance.,Standard Approval,Successful procurement outcome.,0.0,synthetic_demo,True
PO-00773,Vanguard Chemicals,Chemicals,2023-09-02,,Cancelled,235,23.66,21.6,0,Non-Compliant,,,0.0,2.06,484.1,Order cancellation due to stock shortage,Vendor confirmed temporary inventory exhaustion.,Purchase order terminated.,Order Cancelled,Order cancelled.,1000.0,synthetic_demo,True
PO-00774,Titan Metals,Raw Metals,2024-08-07,,Cancelled,1245,25.62,23.94,0,Non-Compliant,,,0.0,1.68,2091.6,Order cancellation due to stock shortage,Vendor confirmed temporary inventory exhaustion.,Purchase order terminated.,Order Cancelled,Order cancelled.,1000.0,synthetic_demo,True
PO-00775,Global Tech Corp,Electronics,2023-07-09,2023-07-27,Delivered,194,108.52,98.85,6,Non-Compliant,18.0,,0.0309,9.67,1875.98,Logistics transit buffer,Vendor reported short-term freight dispatch delay.,Supplier offered expedited freight.,Accepted with Warning,Delivered in 18 days.,1318.5,synthetic_demo,True
PO-00776,Zenith Global,Fasteners,2023-10-31,2023-11-20,Delivered,1160,152.3,146.1,0,Compliant,20.0,,0.0,6.2,7192.0,Logistics transit buffer,Vendor reported short-term freight dispatch delay.,Supplier offered expedited freight.,Accepted with Warning,Delivered in 20 days.,1429.92,synthetic_demo,True
PO-00777,PrimeSteel,Structural Steel,2023-02-26,2023-03-11,Delivered,798,127.03,123.97,18,Compliant,13.0,,0.0226,3.06,2441.88,Standard transit schedule,PrimeSteel fulfilled order with minor lead time variance.,Standard inspection and receipt.,Standard Approval,Delivered in 13 days with minor defect rate.,0.0,synthetic_demo,True
