po_id,vendor_name,material_category,delay_reason,vendor_explanation,resolution,procurement_decision,outcome,additional_cost,context_source,is_synthetic_context
PO-00001,SteelCore,Structural Steel,Order cancellation due to stock shortage,Vendor confirmed temporary inventory exhaustion.,Purchase order terminated.,Order Cancelled,Order cancelled.,1000.0,synthetic_demo,True
PO-00002,SteelCore,Structural Steel,,SteelCore fulfilled order within target timeline following tooling upgrade.,Standard warehouse receipt and quality sign-off.,Standard Approval,Successful fulfillment; delivered on-time in 10 days.,0.0,synthetic_demo,True
PO-00003,SteelCore,Structural Steel,,SteelCore fulfilled order within target timeline following tooling upgrade.,Standard warehouse receipt and quality sign-off.,Standard Approval,Successful fulfillment; delivered on-time in 10 days.,0.0,synthetic_demo,True
PO-00004,SteelCore,Structural Steel,,Fulfillment completed within standard operational window.,Standard warehouse acceptance.,Standard Approval,Successful procurement outcome.,0.0,synthetic_demo,True
PO-00005,SteelCore,Structural Steel,Logistics transit buffer,Vendor reported short-term freight dispatch delay.,Supplier offered expedited freight.,Accepted with Warning,Delivered in 20 days.,325.73,synthetic_demo,True
PO-00006,SteelCore,Structural Steel,,Fulfillment completed within standard operational window.,Standard warehouse acceptance.,Standard Approval,Successful procurement outcome.,0.0,synthetic_demo,True
PO-00007,SteelCore,Structural Steel,Summer seasonal port customs backlog and factory heat-treatment calibration delay,SteelCore reported sub-tier furnace maintenance and regional port congestion.,Batch quarantined; supplier dispatched technical team and offered 5% credit.,Conditional Approval with Penalty,Delivered after 19 days with 8.3% defect rate.,4236.33,synthetic_demo,True
PO-00008,SteelCore,Structural Steel,,SteelCore fulfilled order within target timeline following tooling upgrade.,Standard warehouse receipt and quality sign-off.,Standard Approval,Successful fulfillment; delivered on-time in 13 days.,0.0,synthetic_demo,True
PO-00009,SteelCore,Structural Steel,,SteelCore fulfilled order within target timeline following tooling upgrade.,Standard warehouse receipt and quality sign-off.,Standard Approval,Successful fulfillment; delivered on-time in 10 days.,0.0,synthetic_demo,True
PO-00010,SteelCore,Structural Steel,Logistics transit buffer,Vendor reported short-term freight dispatch delay.,Supplier offered expedited freight.,Accepted with Warning,Delivered in 18 days.,621.57,synthetic_demo,True
PO-00011,SteelCore,Structural Steel,,SteelCore fulfilled order within target timeline following tooling upgrade.,Standard warehouse receipt and quality sign-off.,Standard Approval,Successful fulfillment; delivered on-time in 13 days.,0.0,synthetic_demo,True
PO-00012,SteelCore,Structural Steel,Summer seasonal port customs backlog and factory heat-treatment calibration delay,SteelCore reported sub-tier furnace maintenance and regional port congestion.,Batch quarantined; supplier dispatched technical team and offered 5% credit.,Conditional Approval with Penalty,Delivered after 25 days with 10.4% defect rate.,5253.11,synthetic_demo,True
PO-00013,SteelCore,Structural Steel,,SteelCore fulfilled order within target timeline following tooling upgrade.,Standard warehouse receipt and quality sign-off.,Standard Approval,Successful fulfillment; delivered on-time in 13 days.,0.0,synthetic_demo,True
PO-00014,SteelCore,Structural Steel,Logistics transit buffer,Vendor reported short-term freight dispatch delay.,Supplier offered expedited freight.,Accepted with Warning,Delivered in 9 days.,398.69,synthetic_demo,True
PO-00015,SteelCore,Structural Steel,Logistics transit buffer,Vendor reported short-term freight dispatch delay.,Supplier offered expedited freight.,Accepted with Warning,Delivered in 17 days.,1462.4,synthetic_demo,True
PO-00016,SteelCore,Structural Steel,,SteelCore fulfilled order within target timeline following tooling upgrade.,Standard warehouse receipt and quality sign-off.,Standard Approval,Successful fulfillment; delivered on-time in 12 days.,0.0,synthetic_demo,True
PO-00017,SteelCore,Structural Steel,Order cancellation due to stock shortage,Vendor confirmed temporary inventory exhaustion.,Purchase order terminated.,Order Cancelled,Order cancelled.,1000.0,synthetic_demo,True
PO-00018,SteelCore,Structural Steel,Logistics transit buffer,Vendor reported short-term freight dispatch delay.,Supplier offered expedited freight.,Accepted with Warning,Delivered in 18 days.,1030.63,synthetic_demo,True
PO-00019,SteelCore,Structural Steel,Summer seasonal port customs backlog and factory heat-treatment calibration delay,SteelCore reported sub-tier furnace maintenance and regional port congestion.,Batch quarantined; supplier dispatched technical team and offered 5% credit.,Conditional Approval with Penalty,Delivered after 18 days with 11.6% defect rate.,3171.21,synthetic_demo,True
PO-00020,SteelCore,Structural Steel,,SteelCore fulfilled order within target timeline following tooling upgrade.,Standard warehouse receipt and quality sign-off.,Standard Approval,Successful fulfillment; delivered on-time in 10 days.,0.0,synthetic_demo,True
PO-00021,SteelCore,Structural Steel,Logistics transit buffer,Vendor reported short-term freight dispatch delay.,Supplier offered expedited freight.,Accepted with Warning,Delivered in 20 days.,1057.68,synthetic_demo,True
PO-00022,SteelCore,Structural Steel,Summer seasonal port customs backlog and factory heat-treatment calibration delay,SteelCore reported sub-tier furnace maintenance and regional port congestion.,Batch quarantined; supplier dispatched technical team and offered 5% credit.,Conditional Approval with Penalty,Delivered after 21 days with 12.3% defect rate.,6530.12,synthetic_demo,True
PO-00023,SteelCore,Structural Steel,,SteelCore fulfilled order within target timeline following tooling upgrade.,Standard warehouse receipt and quality sign-off.,Standard Approval,Successful fulfillment; delivered on-time in 11 days.,0.0,synthetic_demo,True
PO-00024,SteelCore,Structural Steel,Logistics transit buffer,Vendor reported short-term freight dispatch delay.,Supplier offered expedited freight.,Accepted with Warning,Delivered in 19 days.,1377.05,synthetic_demo,True
PO-00025,SteelCore,Structural Steel,,SteelCore fulfilled order within target timeline following tooling upgrade.,Standard warehouse receipt and quality sign-off.,Standard Approval,Successful fulfillment; delivered on-time in 13 days.,0.0,synthetic_demo,True
PO-00026,SteelCore,Structural Steel,,SteelCore fulfilled order within target timeline following tooling upgrade.,Standard warehouse receipt and quality sign-off.,Standard Approval,Successful fulfillment; delivered on-time in 13 days.,0.0,synthetic_demo,True
PO-00027,SteelCore,Structural Steel,,Fulfillment completed within standard operational window.,Standard warehouse acceptance.,Standard Approval,Successful procurement outcome.,0.0,synthetic_demo,True
PO-00028,SteelCore,Structural Steel,,SteelCore fulfilled order within target timeline following tooling upgrade.,Standard warehouse receipt and quality sign-off.,Standard Approval,Successful fulfillment; delivered on-time in 10 days.,0.0,synthetic_demo,True
PO-00029,SteelCore,Structural Steel,,SteelCore fulfilled order within target timeline following tooling upgrade.,Standard warehouse receipt and quality sign-off.,Standard Approval,Successful fulfillment; delivered on-time in 13 days.,0.0,synthetic_demo,True
PO-00030,SteelCore,Structural Steel,Logistics transit buffer,Vendor reported short-term freight dispatch delay.,Supplier offered expedited freight.,Accepted with Warning,Delivered in 18 days.,1459.7,synthetic_demo,True
PO-00031,SteelCore,Structural Steel,Logistics transit buffer,Vendor reported short-term freight dispatch delay.,Supplier offered expedited freight.,Accepted with Warning,Delivered in 11 days.,414.03,synthetic_demo,True
PO-00032,SteelCore,Structural Steel,,SteelCore fulfilled order within target timeline following tooling upgrade.,Standard warehouse receipt and quality sign-off.,Standard Approval,Successful fulfillment; delivered on-time in 13 days.,0.0,synthetic_demo,True
PO-00033,SteelCore,Structural Steel,,Fulfillment completed within standard operational window.,Standard warehouse acceptance.,Standard Approval,Successful procurement outcome.,0.0,synthetic_demo,True
PO-00034,SteelCore,Structural Steel,Logistics transit buffer,Vendor reported short-term freight dispatch delay.,Supplier offered expedited freight.,Accepted with Warning,Delivered in 17 days.,890.46,synthetic_demo,True
PO-00035,SteelCore,Structural Steel,,Fulfillment completed within standard operational window.,Standard warehouse acceptance.,Standard Approval,Successful procurement outcome.,0.0,synthetic_demo,True
PO-00036,SteelCore,Structural Steel,,SteelCore fulfilled order within target timeline following tooling upgrade.,Standard warehouse receipt and quality sign-off.,Standard Approval,Successful fulfillment; delivered on-time in 10 days.,0.0,synthetic_demo,True
PO-00037,SteelCore,Structural Steel,Summer seasonal port customs backlog and factory heat-treatment calibration delay,SteelCore reported sub-tier furnace maintenance and regional port congestion.,Batch quarantined; supplier dispatched technical team and offered 5% credit.,Conditional Approval with Penalty,Delivered after 23 days with 9.4% defect rate.,6530.14,synthetic_demo,True
PO-00038,SteelCore,Structural Steel,Logistics transit buffer,Vendor reported short-term freight dispatch delay.,Supplier offered expedited freight.,Accepted with Warning,Delivered in 17 days.,295.24,synthetic_demo,True
PO-00039,SteelCore,Structural Steel,,Fulfillment completed within standard operational window.,Standard warehouse acceptance.,Standard Approval,Successful procurement outcome.,0.0,synthetic_demo,True
PO-00040,SteelCore,Structural Steel,Order cancellation due to stock shortage,Vendor confirmed temporary inventory exhaustion.,Purchase order terminated.,Order Cancelled,Order cancelled.,1000.0,synthetic_demo,True
PO-00041,SteelCore,Structural Steel,Logistics transit buffer,Vendor reported short-term freight dispatch delay.,Supplier offered expedited freight.,Accepted with Warning,Delivered in 9 days.,402.08,synthetic_demo,True
PO-00042,SteelCore,Structural Steel,,SteelCore fulfilled order within target timeline following tooling upgrade.,Standard warehouse receipt and quality sign-off.,Standard Approval,Successful fulfillment; delivered on-time in 12 days.,0.0,synthetic_demo,True
PO-00043,SteelCore,Structural Steel,,SteelCore fulfilled order within target timeline following tooling upgrade.,Standard warehouse receipt and quality sign-off.,Standard Approval,Successful fulfillment; delivered on-time in 13 days.,0.0,synthetic_demo,True
PO-00044,SteelCore,Structural Steel,Order cancellation due to stock shortage,Vendor confirmed temporary inventory exhaustion.,Purchase order terminated.,Order Cancelled,Order cancelled.,1000.0,synthetic_demo,True
PO-00045,SteelCore,Structural Steel,Logistics transit buffer,Vendor reported short-term freight dispatch delay.,Supplier offered expedited freight.,Accepted with Warning,Delivered in 19 days.,1284.97,synthetic_demo,True
PO-00046,SteelCore,Structural Steel,,SteelCore fulfilled order within target timeline following tooling upgrade.,Standard warehouse receipt and quality sign-off.,Standard Approval,Successful fulfillment; delivered on-time in 12 days.,0.0,synthetic_demo,True
PO-00047,SteelCore,Structural Steel,Summer seasonal port customs backlog and factory heat-treatment calibration delay,SteelCore reported sub-tier furnace maintenance and regional port congestion.,Batch quarantined; supplier dispatched technical team and offered 5% credit.,Conditional Approval with Penalty,Delivered after 21 days with 12.0% defect rate.,5859.3,synthetic_demo,True
PO-00048,SteelCore,Structural Steel,Summer seasonal port customs backlog and factory heat-treatment calibration delay,SteelCore reported sub-tier furnace maintenance and regional port congestion.,Batch quarantined; supplier dispatched technical team and offered 5% credit.,Conditional Approval with Penalty,Delivered after 20 days with 13.3% defect rate.,6919.39,synthetic_demo,True
PO-00049,SteelCore,Structural Steel,,SteelCore fulfilled order within target timeline following tooling upgrade.,Standard warehouse receipt and quality sign-off.,Standard Approval,Successful fulfillment; delivered on-time in 11 days.,0.0,synthetic_demo,True
PO-00050,SteelCore,Structural Steel,Summer seasonal port customs backlog and factory heat-treatment calibration delay,SteelCore reported sub-tier furnace maintenance and regional port congestion.,Batch quarantined; supplier dispatched technical team and offered 5% credit.,Conditional Approval with Penalty,Delivered after 25 days with 10.1% defect rate.,7727.94,synthetic_demo,True
PO-00051,SteelCore,Structural Steel,,SteelCore fulfilled order within target timeline following tooling upgrade.,Standard warehouse receipt and quality sign-off.,Standard Approval,Successful fulfillment; delivered on-time in 10 days.,0.0,synthetic_demo,True
PO-00052,SteelCore,Structural Steel,,SteelCore fulfilled order within target timeline following tooling upgrade.,Standard warehouse receipt and quality sign-off.,Standard Approval,Successful fulfillment; delivered on-time in 10 days.,0.0,synthetic_demo,True
PO-00053,SteelCore,Structural Steel,Logistics transit buffer,Vendor reported short-term freight dispatch delay.,Supplier offered expedited freight.,Accepted with Warning,Delivered in 17 days.,607.78,synthetic_demo,True
PO-00054,SteelCore,Structural Steel,,SteelCore fulfilled order within target timeline following tooling upgrade.,Standard warehouse receipt and quality sign-off.,Standard Approval,Successful fulfillment; delivered on-time in 10 days.,0.0,synthetic_demo,True
PO-00055,SteelCore,Structural Steel,Logistics transit buffer,Vendor reported short-term freight dispatch delay.,Supplier offered expedited freight.,Accepted with Warning,Delivered in 9 days.,1010.1,synthetic_demo,True
PO-00056,SteelCore,Structural Steel,Logistics transit buffer,Vendor reported short-term freight dispatch delay.,Supplier offered expedited freight.,Accepted with Warning,Delivered in 18 days.,584.35,synthetic_demo,True
PO-00057,SteelCore,Structural Steel,,SteelCore fulfilled order within target timeline following tooling upgrade.,Standard warehouse receipt and quality sign-off.,Standard Approval,Successful fulfillment; delivered on-time in 11 days.,0.0,synthetic_demo,True
PO-00058,SteelCore,Structural Steel,,SteelCore fulfilled order within target timeline following tooling upgrade.,Standard warehouse receipt and quality sign-off.,Standard Approval,Successful fulfillment; delivered on-time in 11 days.,0.0,synthetic_demo,True
PO-00059,SteelCore,Structural Steel,Order cancellation due to stock shortage,Vendor confirmed temporary inventory exhaustion.,Purchase order terminated.,Order Cancelled,Order cancelled.,1000.0,synthetic_demo,True
PO-00060,SteelCore,Structural Steel,,SteelCore fulfilled order within target timeline following tooling upgrade.,Standard warehouse receipt and quality sign-off.,Standard Approval,Successful fulfillment; delivered on-time in 10 days.,0.0,synthetic_demo,True
PO-00061,SteelCore,Structural Steel,,SteelCore fulfilled order within target timeline following tooling upgrade.,Standard warehouse receipt and quality sign-off.,Standard Approval,Successful fulfillment; delivered on-time in 12 days.,0.0,synthetic_demo,True
PO-00062,SteelCore,Structural Steel,,SteelCore fulfilled order within target timeline following tooling upgrade.,Standard warehouse receipt and quality sign-off.,Standard Approval,Successful fulfillment; delivered on-time in 10 days.,0.0,synthetic_demo,True
PO-00063,SteelCore,Structural Steel,,Fulfillment completed within standard operational window.,Standard warehouse acceptance.,Standard Approval,Successful procurement outcome.,0.0,synthetic_demo,True
PO-00064,SteelCore,Structural Steel,Logistics transit buffer,Vendor reported short-term freight dispatch delay.,Supplier offered expedited freight.,Accepted with Warning,Delivered in 10 days.,803.91,synthetic_demo,True
PO-00065,SteelCore,Structural Steel,Logistics transit buffer,Vendor reported short-term freight dispatch delay.,Supplier offered expedited freight.,Accepted with Warning,Delivered in 18 days.,612.49,synthetic_demo,True
PO-00066,SteelCore,Structural Steel,Logistics transit buffer,Vendor reported short-term freight dispatch delay.,Supplier offered expedited freight.,Accepted with Warning,Delivered in 15 days.,817.08,synthetic_demo,True
PO-00067,SteelCore,Structural Steel,Logistics transit buffer,Vendor reported short-term freight dispatch delay.,Supplier offered expedited freight.,Accepted with Warning,Delivered in 18 days.,771.83,synthetic_demo,True
PO-00068,SteelCore,Structural Steel,Summer seasonal port customs backlog and factory heat-treatment calibration delay,SteelCore reported sub-tier furnace maintenance and regional port congestion.,Batch quarantined; supplier dispatched technical team and offered 5% credit.,Conditional Approval with Penalty,Delivered after 20 days with 8.9% defect rate.,3416.83,synthetic_demo,True
PO-00069,SteelCore,Structural Steel,,Fulfillment completed within standard operational window.,Standard warehouse acceptance.,Standard Approval,Successful procurement outcome.,0.0,synthetic_demo,True
PO-00070,SteelCore,Structural Steel,Summer seasonal port customs backlog and factory heat-treatment calibration delay,SteelCore reported sub-tier furnace maintenance and regional port congestion.,Batch quarantined; supplier dispatched technical team and offered 5% credit.,Conditional Approval with Penalty,Delivered after 25 days with 8.0% defect rate.,7020.85,synthetic_demo,True
PO-00071,SteelCore,Structural Steel,Summer seasonal port customs backlog and factory heat-treatment calibration delay,SteelCore reported sub-tier furnace maintenance and regional port congestion.,Batch quarantined; supplier dispatched technical team and offered 5% credit.,Conditional Approval with Penalty,Delivered after 21 days with 10.9% defect rate.,5413.85,synthetic_demo,True
PO-00072,SteelCore,Structural Steel,Logistics transit buffer,Vendor reported short-term freight dispatch delay.,Supplier offered expedited freight.,Accepted with Warning,Delivered in 10 days.,1379.01,synthetic_demo,True
PO-00073,SteelCore,Structural Steel,,Fulfillment completed within standard operational window.,Standard warehouse acceptance.,Standard Approval,Successful procurement outcome.,0.0,synthetic_demo,True
PO-00074,SteelCore,Structural Steel,Logistics transit buffer,Vendor reported short-term freight dispatch delay.,Supplier offered expedited freight.,Accepted with Warning,Delivered in 20 days.,1285.38,synthetic_demo,True
PO-00075,SteelCore,Structural Steel,Summer seasonal port customs backlog and factory heat-treatment calibration delay,SteelCore reported sub-tier furnace maintenance and regional port congestion.,Batch quarantined; supplier dispatched technical team and offered 5% credit.,Conditional Approval with Penalty,Delivered after 19 days with 12.7% defect rate.,7025.4,synthetic_demo,True
PO-00076,SteelCore,Structural Steel,,SteelCore fulfilled order within target timeline following tooling upgrade.,Standard warehouse receipt and quality sign-off.,Standard Approval,Successful fulfillment; delivered on-time in 11 days.,0.0,synthetic_demo,True
PO-00077,SteelCore,Structural Steel,Logistics transit buffer,Vendor reported short-term freight dispatch delay.,Supplier offered expedited freight.,Accepted with Warning,Delivered in 17 days.,348.89,synthetic_demo,True
PO-00078,SteelCore,Structural Steel,,SteelCore fulfilled order within target timeline following tooling upgrade.,Standard warehouse receipt and quality sign-off.,Standard Approval,Successful fulfillment; delivered on-time in 13 days.,0.0,synthetic_demo,True
PO-00079,SteelCore,Structural Steel,Order cancellation due to stock shortage,Vendor confirmed temporary inventory exhaustion.,Purchase order terminated.,Order Cancelled,Order cancelled.,1000.0,synthetic_demo,True
PO-00080,SteelCore,Structural Steel,Summer seasonal port customs backlog and factory heat-treatment calibration delay,SteelCore reported sub-tier furnace maintenance and regional port congestion.,Batch quarantined; supplier dispatched technical team and offered 5% credit.,Conditional Approval with Penalty,Delivered after 23 days with 11.2% defect rate.,2913.74,synthetic_demo,True
PO-00081,SteelCore,Structural Steel,Logistics transit buffer,Vendor reported short-term freight dispatch delay.,Supplier offered expedited freight.,Accepted with Warning,Delivered in 13 days.,1119.5,synthetic_demo,True
PO-00082,SteelCore,Structural Steel,,SteelCore fulfilled order within target timeline following tooling upgrade.,Standard warehouse receipt and quality sign-off.,Standard Approval,Successful fulfillment; delivered on-time in 13 days.,0.0,synthetic_demo,True
PO-00083,SteelCore,Structural Steel,,Fulfillment completed within standard operational window.,Standard warehouse acceptance.,Standard Approval,Successful procurement outcome.,0.0,synthetic_demo,True
PO-00084,SteelCore,Structural Steel,,Fulfillment completed within standard operational window.,Standard warehouse acceptance.,Standard Approval,Successful procurement outcome.,0.0,synthetic_demo,True
PO-00085,SteelCore,Structural Steel,,SteelCore fulfilled order within target timeline following tooling upgrade.,Standard warehouse receipt and quality sign-off.,Standard Approval,Successful fulfillment; delivered on-time in 12 days.,0.0,synthetic_demo,True
PO-00086,SteelCore,Structural Steel,Logistics transit buffer,Vendor reported short-term freight dispatch delay.,Supplier offered expedited freight.,Accepted with Warning,Delivered in 20 days.,818.92,synthetic_demo,True
PO-00087,SteelCore,Structural Steel,,SteelCore fulfilled order within target timeline following tooling upgrade.,Standard warehouse receipt and quality sign-off.,Standard Approval,Successful fulfillment; delivered on-time in 11 days.,0.0,synthetic_demo,True
PO-00088,SteelCore,Structural Steel,Summer seasonal port customs backlog and factory heat-treatment calibration delay,SteelCore reported sub-tier furnace maintenance and regional port congestion.,Batch quarantined; supplier dispatched technical team and offered 5% credit.,Conditional Approval with Penalty,Delivered after 23 days with 10.6% defect rate.,4484.75,synthetic_demo,True
PO-00089,SteelCore,Structural Steel,Order cancellation due to stock shortage,Vendor confirmed temporary inventory exhaustion.,Purchase order terminated.,Order Cancelled,Order cancelled.,1000.0,synthetic_demo,True
PO-00090,SteelCore,Structural Steel,Summer seasonal port customs backlog and factory heat-treatment calibration delay,SteelCore reported sub-tier furnace maintenance and regional port congestion.,Batch quarantined; supplier dispatched technical team and offered 5% credit.,Conditional Approval with Penalty,Delivered after 25 days with 9.7% defect rate.,7061.25,synthetic_demo,True
PO-00091,SteelCore,Structural Steel,,SteelCore fulfilled order within target timeline following tooling upgrade.,Standard warehouse receipt and quality sign-off.,Standard Approval,Successful fulfillment; delivered on-time in 11 days.,0.0,synthetic_demo,True
PO-00092,SteelCore,Structural Steel,Logistics transit buffer,Vendor reported short-term freight dispatch delay.,Supplier offered expedited freight.,Accepted with Warning,Delivered in 16 days.,1427.32,synthetic_demo,True
PO-00093,SteelCore,Structural Steel,Summer seasonal port customs backlog and factory heat-treatment calibration delay,SteelCore reported sub-tier furnace maintenance and regional port congestion.,Batch quarantined; supplier dispatched technical team and offered 5% credit.,Conditional Approval with Penalty,Delivered after 25 days with 10.9% defect rate.,8292.99,synthetic_demo,True
PO-00094,SteelCore,Structural Steel,Logistics transit buffer,Vendor reported short-term freight dispatch delay.,Supplier offered expedited freight.,Accepted with Warning,Delivered in 9 days.,397.25,synthetic_demo,True
PO-00095,SteelCore,Structural Steel,Logistics transit buffer,Vendor reported short-term freight dispatch delay.,Supplier offered expedited freight.,Accepted with Warning,Delivered in 20 days.,1003.94,synthetic_demo,True
PO-00096,SteelCore,Structural Steel,,SteelCore fulfilled order within target timeline following tooling upgrade.,Standard warehouse receipt and quality sign-off.,Standard Approval,Successful fulfillment; delivered on-time in 13 days.,0.0,synthetic_demo,True
PO-00097,SteelCore,Structural Steel,Summer seasonal port customs backlog and factory heat-treatment calibration delay,SteelCore reported sub-tier furnace maintenance and regional port congestion.,Batch quarantined; supplier dispatched technical team and offered 5% credit.,Conditional Approval with Penalty,Delivered after 21 days with 9.6% defect rate.,3939.19,synthetic_demo,True
PO-00098,SteelCore,Structural Steel,,SteelCore fulfilled order within target timeline following tooling upgrade.,Standard warehouse receipt and quality sign-off.,Standard Approval,Successful fulfillment; delivered on-time in 13 days.,0.0,synthetic_demo,True
PO-00099,SteelCore,Structural Steel,Order cancellation due to stock shortage,Vendor confirmed temporary inventory exhaustion.,Purchase order terminated.,Order Cancelled,Order cancelled.,1000.0,synthetic_demo,True
PO-00100,SteelCore,Structural Steel,Logistics transit buffer,Vendor reported short-term freight dispatch delay.,Supplier offered expedited freight.,Accepted with Warning,Delivered in 16 days.,393.69,synthetic_demo,True
PO-00101,MetalWorks,Structural Steel,,MetalWorks completed fulfillment according to primary SLA.,Standard receipt.,Standard Approval,Flawless fulfillment; zero defect threshold maintained.,0.0,synthetic_demo,True
PO-00102,MetalWorks,Structural Steel,,MetalWorks completed fulfillment according to primary SLA.,Standard receipt.,Standard Approval,Flawless fulfillment; zero defect threshold maintained.,0.0,synthetic_demo,True
PO-00103,MetalWorks,Structural Steel,,MetalWorks completed fulfillment according to primary SLA.,Standard receipt.,Standard Approval,Flawless fulfillment; zero defect threshold maintained.,0.0,synthetic_demo,True
PO-00104,MetalWorks,Structural Steel,,MetalWorks completed fulfillment according to primary SLA.,Standard receipt.,Standard Approval,Flawless fulfillment; zero defect threshold maintained.,0.0,synthetic_demo,True
PO-00105,MetalWorks,Structural Steel,,MetalWorks completed fulfillment according to primary SLA.,Standard receipt.,Standard Approval,Flawless fulfillment; zero defect threshold maintained.,0.0,synthetic_demo,True
PO-00106,MetalWorks,Structural Steel,,MetalWorks completed fulfillment according to primary SLA.,Standard receipt.,Standard Approval,Flawless fulfillment; zero defect threshold maintained.,0.0,synthetic_demo,True
PO-00107,MetalWorks,Structural Steel,,MetalWorks completed fulfillment according to primary SLA.,Standard receipt.,Standard Approval,Flawless fulfillment; zero defect threshold maintained.,0.0,synthetic_demo,True
PO-00108,MetalWorks,Structural Steel,,MetalWorks completed fulfillment according to primary SLA.,Standard receipt.,Standard Approval,Flawless fulfillment; zero defect threshold maintained.,0.0,synthetic_demo,True
PO-00109,MetalWorks,Structural Steel,,MetalWorks completed fulfillment according to primary SLA.,Standard receipt.,Standard Approval,Flawless fulfillment; zero defect threshold maintained.,0.0,synthetic_demo,True
PO-00110,MetalWorks,Structural Steel,,MetalWorks completed fulfillment according to primary SLA.,Standard receipt.,Standard Approval,Flawless fulfillment; zero defect threshold maintained.,0.0,synthetic_demo,True
PO-00111,MetalWorks,Structural Steel,,MetalWorks completed fulfillment according to primary SLA.,Standard receipt.,Standard Approval,Flawless fulfillment; zero defect threshold maintained.,0.0,synthetic_demo,True
PO-00112,MetalWorks,Structural Steel,,MetalWorks completed fulfillment according to primary SLA.,Standard receipt.,Standard Approval,Flawless fulfillment; zero defect threshold maintained.,0.0,synthetic_demo,True
PO-00113,MetalWorks,Structural Steel,,MetalWorks completed fulfillment according to primary SLA.,Standard receipt.,Standard Approval,Flawless fulfillment; zero defect threshold maintained.,0.0,synthetic_demo,True
PO-00114,MetalWorks,Structural Steel,,MetalWorks completed fulfillment according to primary SLA.,Standard receipt.,Standard Approval,Flawless fulfillment; zero defect threshold maintained.,0.0,synthetic_demo,True
PO-00115,MetalWorks,Structural Steel,,MetalWorks completed fulfillment according to primary SLA.,Standard receipt.,Standard Approval,Flawless fulfillment; zero defect threshold maintained.,0.0,synthetic_demo,True
PO-00116,MetalWorks,Structural Steel,,MetalWorks completed fulfillment according to primary SLA.,Standard receipt.,Standard Approval,Flawless fulfillment; zero defect threshold maintained.,0.0,synthetic_demo,True
PO-00117,MetalWorks,Structural Steel,,MetalWorks completed fulfillment according to primary SLA.,Standard receipt.,Standard Approval,Flawless fulfillment; zero defect threshold maintained.,0.0,synthetic_demo,True
PO-00118,MetalWorks,Structural Steel,,MetalWorks completed fulfillment according to primary SLA.,Standard receipt.,Standard Approval,Flawless fulfillment; zero defect threshold maintained.,0.0,synthetic_demo,True
PO-00119,MetalWorks,Structural Steel,,MetalWorks completed fulfillment according to primary SLA.,Standard receipt.,Standard Approval,Flawless fulfillment; zero defect threshold maintained.,0.0,synthetic_demo,True
PO-00120,MetalWorks,Structural Steel,,MetalWorks completed fulfillment according to primary SLA.,Standard receipt.,Standard Approval,Flawless fulfillment; zero defect threshold maintained.,0.0,synthetic_demo,True
PO-00121,MetalWorks,Structural Steel,,MetalWorks completed fulfillment according to primary SLA.,Standard receipt.,Standard Approval,Flawless fulfillment; zero defect threshold maintained.,0.0,synthetic_demo,True
PO-00122,MetalWorks,Structural Steel,,MetalWorks completed fulfillment according to primary SLA.,Standard receipt.,Standard Approval,Flawless fulfillment; zero defect threshold maintained.,0.0,synthetic_demo,True
PO-00123,MetalWorks,Structural Steel,,MetalWorks completed fulfillment according to primary SLA.,Standard receipt.,Standard Approval,Flawless fulfillment; zero defect threshold maintained.,0.0,synthetic_demo,True
PO-00124,MetalWorks,Structural Steel,,MetalWorks completed fulfillment according to primary SLA.,Standard receipt.,Standard Approval,Flawless fulfillment; zero defect threshold maintained.,0.0,synthetic_demo,True
PO-00125,MetalWorks,Structural Steel,,MetalWorks completed fulfillment according to primary SLA.,Standard receipt.,Standard Approval,Flawless fulfillment; zero defect threshold maintained.,0.0,synthetic_demo,True
PO-00126,MetalWorks,Structural Steel,,MetalWorks completed fulfillment according to primary SLA.,Standard receipt.,Standard Approval,Flawless fulfillment; zero defect threshold maintained.,0.0,synthetic_demo,True
PO-00127,MetalWorks,Structural Steel,,MetalWorks completed fulfillment according to primary SLA.,Standard receipt.,Standard Approval,Flawless fulfillment; zero defect threshold maintained.,0.0,synthetic_demo,True
PO-00128,MetalWorks,Structural Steel,,MetalWorks completed fulfillment according to primary SLA.,Standard receipt.,Standard Approval,Flawless fulfillment; zero defect threshold maintained.,0.0,synthetic_demo,True
PO-00129,MetalWorks,Structural Steel,,MetalWorks completed fulfillment according to primary SLA.,Standard receipt.,Standard Approval,Flawless fulfillment; zero defect threshold maintained.,0.0,synthetic_demo,True
PO-00130,MetalWorks,Structural Steel,,MetalWorks completed fulfillment according to primary SLA.,Standard receipt.,Standard Approval,Flawless fulfillment; zero defect threshold maintained.,0.0,synthetic_demo,True
PO-00131,MetalWorks,Structural Steel,,MetalWorks completed fulfillment according to primary SLA.,Standard receipt.,Standard Approval,Flawless fulfillment; zero defect threshold maintained.,0.0,synthetic_demo,True
PO-00132,MetalWorks,Structural Steel,,MetalWorks completed fulfillment according to primary SLA.,Standard receipt.,Standard Approval,Flawless fulfillment; zero defect threshold maintained.,0.0,synthetic_demo,True
PO-00133,MetalWorks,Structural Steel,,MetalWorks completed fulfillment according to primary SLA.,Standard receipt.,Standard Approval,Flawless fulfillment; zero defect threshold maintained.,0.0,synthetic_demo,True
PO-00134,MetalWorks,Structural Steel,,MetalWorks completed fulfillment according to primary SLA.,Standard receipt.,Standard Approval,Flawless fulfillment; zero defect threshold maintained.,0.0,synthetic_demo,True
PO-00135,MetalWorks,Structural Steel,,MetalWorks completed fulfillment according to primary SLA.,Standard receipt.,Standard Approval,Flawless fulfillment; zero defect threshold maintained.,0.0,synthetic_demo,True
PO-00136,MetalWorks,Structural Steel,,MetalWorks completed fulfillment according to primary SLA.,Standard receipt.,Standard Approval,Flawless fulfillment; zero defect threshold maintained.,0.0,synthetic_demo,True
PO-00137,MetalWorks,Structural Steel,,MetalWorks completed fulfillment according to primary SLA.,Standard receipt.,Standard Approval,Flawless fulfillment; zero defect threshold maintained.,0.0,synthetic_demo,True
PO-00138,MetalWorks,Structural Steel,,MetalWorks completed fulfillment according to primary SLA.,Standard receipt.,Standard Approval,Flawless fulfillment; zero defect threshold maintained.,0.0,synthetic_demo,True
PO-00139,MetalWorks,Structural Steel,,MetalWorks completed fulfillment according to primary SLA.,Standard receipt.,Standard Approval,Flawless fulfillment; zero defect threshold maintained.,0.0,synthetic_demo,True
PO-00140,MetalWorks,Structural Steel,,MetalWorks completed fulfillment according to primary SLA.,Standard receipt.,Standard Approval,Flawless fulfillment; zero defect threshold maintained.,0.0,synthetic_demo,True
PO-00141,MetalWorks,Structural Steel,,MetalWorks completed fulfillment according to primary SLA.,Standard receipt.,Standard Approval,Flawless fulfillment; zero defect threshold maintained.,0.0,synthetic_demo,True
PO-00142,MetalWorks,Structural Steel,,MetalWorks completed fulfillment according to primary SLA.,Standard receipt.,Standard Approval,Flawless fulfillment; zero defect threshold maintained.,0.0,synthetic_demo,True
PO-00143,MetalWorks,Structural Steel,,MetalWorks completed fulfillment according to primary SLA.,Standard receipt.,Standard Approval,Flawless fulfillment; zero defect threshold maintained.,0.0,synthetic_demo,True
PO-00144,MetalWorks,Structural Steel,,MetalWorks completed fulfillment according to primary SLA.,Standard receipt.,Standard Approval,Flawless fulfillment; zero defect threshold maintained.,0.0,synthetic_demo,True
PO-00145,MetalWorks,Structural Steel,,MetalWorks completed fulfillment according to primary SLA.,Standard receipt.,Standard Approval,Flawless fulfillment; zero defect threshold maintained.,0.0,synthetic_demo,True
PO-00146,MetalWorks,Structural Steel,,MetalWorks completed fulfillment according to primary SLA.,Standard receipt.,Standard Approval,Flawless fulfillment; zero defect threshold maintained.,0.0,synthetic_demo,True
PO-00147,MetalWorks,Structural Steel,,MetalWorks completed fulfillment according to primary SLA.,Standard receipt.,Standard Approval,Flawless fulfillment; zero defect threshold maintained.,0.0,synthetic_demo,True
PO-00148,MetalWorks,Structural Steel,,MetalWorks completed fulfillment according to primary SLA.,Standard receipt.,Standard Approval,Flawless fulfillment; zero defect threshold maintained.,0.0,synthetic_demo,True
PO-00149,MetalWorks,Structural Steel,,MetalWorks completed fulfillment according to primary SLA.,Standard receipt.,Standard Approval,Flawless fulfillment; zero defect threshold maintained.,0.0,synthetic_demo,True
PO-00150,MetalWorks,Structural Steel,,MetalWorks completed fulfillment according to primary SLA.,Standard receipt.,Standard Approval,Flawless fulfillment; zero defect threshold maintained.,0.0,synthetic_demo,True
PO-00151,MetalWorks,Structural Steel,,MetalWorks completed fulfillment according to primary SLA.,Standard receipt.,Standard Approval,Flawless fulfillment; zero defect threshold maintained.,0.0,synthetic_demo,True
PO-00152,MetalWorks,Structural Steel,,MetalWorks completed fulfillment according to primary SLA.,Standard receipt.,Standard Approval,Flawless fulfillment; zero defect threshold maintained.,0.0,synthetic_demo,True
PO-00153,MetalWorks,Structural Steel,,MetalWorks completed fulfillment according to primary SLA.,Standard receipt.,Standard Approval,Flawless fulfillment; zero defect threshold maintained.,0.0,synthetic_demo,True
PO-00154,MetalWorks,Structural Steel,,MetalWorks completed fulfillment according to primary SLA.,Standard receipt.,Standard Approval,Flawless fulfillment; zero defect threshold maintained.,0.0,synthetic_demo,True
PO-00155,MetalWorks,Structural Steel,,MetalWorks completed fulfillment according to primary SLA.,Standard receipt.,Standard Approval,Flawless fulfillment; zero defect threshold maintained.,0.0,synthetic_demo,True
PO-00156,MetalWorks,Structural Steel,,MetalWorks completed fulfillment according to primary SLA.,Standard receipt.,Standard Approval,Flawless fulfillment; zero defect threshold maintained.,0.0,synthetic_demo,True
PO-00157,MetalWorks,Structural Steel,,MetalWorks completed fulfillment according to primary SLA.,Standard receipt.,Standard Approval,Flawless fulfillment; zero defect threshold maintained.,0.0,synthetic_demo,True
PO-00158,MetalWorks,Structural Steel,,MetalWorks completed fulfillment according to primary SLA.,Standard receipt.,Standard Approval,Flawless fulfillment; zero defect threshold maintained.,0.0,synthetic_demo,True
PO-00159,MetalWorks,Structural Steel,,MetalWorks completed fulfillment according to primary SLA.,Standard receipt.,Standard Approval,Flawless fulfillment; zero defect threshold maintained.,0.0,synthetic_demo,True
PO-00160,MetalWorks,Structural Steel,,MetalWorks completed fulfillment according to primary SLA.,Standard receipt.,Standard Approval,Flawless fulfillment; zero defect threshold maintained.,0.0,synthetic_demo,True
PO-00161,MetalWorks,Structural Steel,,MetalWorks completed fulfillment according to primary SLA.,Standard receipt.,Standard Approval,Flawless fulfillment; zero defect threshold maintained.,0.0,synthetic_demo,True
PO-00162,MetalWorks,Structural Steel,,MetalWorks completed fulfillment according to primary SLA.,Standard receipt.,Standard Approval,Flawless fulfillment; zero defect threshold maintained.,0.0,synthetic_demo,True
PO-00163,MetalWorks,Structural Steel,,MetalWorks completed fulfillment according to primary SLA.,Standard receipt.,Standard Approval,Flawless fulfillment; zero defect threshold maintained.,0.0,synthetic_demo,True
PO-00164,MetalWorks,Structural Steel,,MetalWorks completed fulfillment according to primary SLA.,Standard receipt.,Standard Approval,Flawless fulfillment; zero defect threshold maintained.,0.0,synthetic_demo,True
PO-00165,MetalWorks,Structural Steel,,MetalWorks completed fulfillment according to primary SLA.,Standard receipt.,Standard Approval,Flawless fulfillment; zero defect threshold maintained.,0.0,synthetic_demo,True
PO-00166,MetalWorks,Structural Steel,,MetalWorks completed fulfillment according to primary SLA.,Standard receipt.,Standard Approval,Flawless fulfillment; zero defect threshold maintained.,0.0,synthetic_demo,True
PO-00167,MetalWorks,Structural Steel,,MetalWorks completed fulfillment according to primary SLA.,Standard receipt.,Standard Approval,Flawless fulfillment; zero defect threshold maintained.,0.0,synthetic_demo,True
PO-00168,MetalWorks,Structural Steel,,MetalWorks completed fulfillment according to primary SLA.,Standard receipt.,Standard Approval,Flawless fulfillment; zero defect threshold maintained.,0.0,synthetic_demo,True
PO-00169,MetalWorks,Structural Steel,,MetalWorks completed fulfillment according to primary SLA.,Standard receipt.,Standard Approval,Flawless fulfillment; zero defect threshold maintained.,0.0,synthetic_demo,True
PO-00170,MetalWorks,Structural Steel,,MetalWorks completed fulfillment according to primary SLA.,Standard receipt.,Standard Approval,Flawless fulfillment; zero defect threshold maintained.,0.0,synthetic_demo,True
PO-00171,MetalWorks,Structural Steel,,MetalWorks completed fulfillment according to primary SLA.,Standard receipt.,Standard Approval,Flawless fulfillment; zero defect threshold maintained.,0.0,synthetic_demo,True
PO-00172,MetalWorks,Structural Steel,,MetalWorks completed fulfillment according to primary SLA.,Standard receipt.,Standard Approval,Flawless fulfillment; zero defect threshold maintained.,0.0,synthetic_demo,True
PO-00173,MetalWorks,Structural Steel,,MetalWorks completed fulfillment according to primary SLA.,Standard receipt.,Standard Approval,Flawless fulfillment; zero defect threshold maintained.,0.0,synthetic_demo,True
PO-00174,MetalWorks,Structural Steel,,MetalWorks completed fulfillment according to primary SLA.,Standard receipt.,Standard Approval,Flawless fulfillment; zero defect threshold maintained.,0.0,synthetic_demo,True
PO-00175,MetalWorks,Structural Steel,,MetalWorks completed fulfillment according to primary SLA.,Standard receipt.,Standard Approval,Flawless fulfillment; zero defect threshold maintained.,0.0,synthetic_demo,True
PO-00176,MetalWorks,Structural Steel,,MetalWorks completed fulfillment according to primary SLA.,Standard receipt.,Standard Approval,Flawless fulfillment; zero defect threshold maintained.,0.0,synthetic_demo,True
PO-00177,MetalWorks,Structural Steel,,MetalWorks completed fulfillment according to primary SLA.,Standard receipt.,Standard Approval,Flawless fulfillment; zero defect threshold maintained.,0.0,synthetic_demo,True
PO-00178,MetalWorks,Structural Steel,,MetalWorks completed fulfillment according to primary SLA.,Standard receipt.,Standard Approval,Flawless fulfillment; zero defect threshold maintained.,0.0,synthetic_demo,True
PO-00179,MetalWorks,Structural Steel,,MetalWorks completed fulfillment according to primary SLA.,Standard receipt.,Standard Approval,Flawless fulfillment; zero defect threshold maintained.,0.0,synthetic_demo,True
PO-00180,MetalWorks,Structural Steel,,MetalWorks completed fulfillment according to primary SLA.,Standard receipt.,Standard Approval,Flawless fulfillment; zero defect threshold maintained.,0.0,synthetic_demo,True
PO-00181,PrimeSteel,Structural Steel,Standard transit schedule,PrimeSteel fulfilled order with minor lead time variance.,Standard inspection and receipt.,Standard Approval,Delivered in 13 days with minor defect rate.,0.0,synthetic_demo,True
PO-00182,PrimeSteel,Structural Steel,Raw ingot supply exhaustion,PrimeSteel confirmed inability to secure raw materials within required window.,Order terminated; alternative supplier sourced.,Order Cancelled,Order cancelled due to supplier fulfillment incapacity.,2500.0,synthetic_demo,True
PO-00183,PrimeSteel,Structural Steel,Standard transit schedule,PrimeSteel fulfilled order with minor lead time variance.,Standard inspection and receipt.,Standard Approval,Delivered in 17 days with minor defect rate.,0.0,synthetic_demo,True
PO-00184,PrimeSteel,Structural Steel,Standard transit schedule,PrimeSteel fulfilled order with minor lead time variance.,Standard inspection and receipt.,Standard Approval,Delivered in 14 days with minor defect rate.,0.0,synthetic_demo,True
PO-00185,PrimeSteel,Structural Steel,Raw ingot supply exhaustion,PrimeSteel confirmed inability to secure raw materials within required window.,Order terminated; alternative supplier sourced.,Order Cancelled,Order cancelled due to supplier fulfillment incapacity.,2500.0,synthetic_demo,True
PO-00186,PrimeSteel,Structural Steel,Standard transit schedule,PrimeSteel fulfilled order with minor lead time variance.,Standard inspection and receipt.,Standard Approval,Delivered in 15 days with minor defect rate.,0.0,synthetic_demo,True
PO-00187,PrimeSteel,Structural Steel,Standard transit schedule,PrimeSteel fulfilled order with minor lead time variance.,Standard inspection and receipt.,Standard Approval,Delivered in 15 days with minor defect rate.,0.0,synthetic_demo,True
PO-00188,PrimeSteel,Structural Steel,Standard transit schedule,PrimeSteel fulfilled order with minor lead time variance.,Standard inspection and receipt.,Standard Approval,Delivered in 13 days with minor defect rate.,0.0,synthetic_demo,True
PO-00189,PrimeSteel,Structural Steel,Standard transit schedule,PrimeSteel fulfilled order with minor lead time variance.,Standard inspection and receipt.,Standard Approval,Delivered in 15 days with minor defect rate.,0.0,synthetic_demo,True
PO-00190,PrimeSteel,Structural Steel,Standard transit schedule,PrimeSteel fulfilled order with minor lead time variance.,Standard inspection and receipt.,Standard Approval,Delivered in 17 days with minor defect rate.,0.0,synthetic_demo,True
PO-00191,PrimeSteel,Structural Steel,Standard transit schedule,PrimeSteel fulfilled order with minor lead time variance.,Standard inspection and receipt.,Standard Approval,Delivered in 15 days with minor defect rate.,0.0,synthetic_demo,True
PO-00192,PrimeSteel,Structural Steel,Standard transit schedule,PrimeSteel fulfilled order with minor lead time variance.,Standard inspection and receipt.,Standard Approval,Delivered in 13 days with minor defect rate.,0.0,synthetic_demo,True
PO-00193,PrimeSteel,Structural Steel,Standard transit schedule,PrimeSteel fulfilled order with minor lead time variance.,Standard inspection and receipt.,Standard Approval,Delivered in 17 days with minor defect rate.,0.0,synthetic_demo,True
PO-00194,PrimeSteel,Structural Steel,Standard transit schedule,PrimeSteel fulfilled order with minor lead time variance.,Standard inspection and receipt.,Standard Approval,Delivered in 15 days with minor defect rate.,0.0,synthetic_demo,True
PO-00195,PrimeSteel,Structural Steel,Raw ingot supply exhaustion,PrimeSteel confirmed inability to secure raw materials within required window.,Order terminated; alternative supplier sourced.,Order Cancelled,Order cancelled due to supplier fulfillment incapacity.,2500.0,synthetic_demo,True
PO-00196,PrimeSteel,Structural Steel,Standard transit schedule,PrimeSteel fulfilled order with minor lead time variance.,Standard inspection and receipt.,Standard Approval,Delivered in 16 days with minor defect rate.,0.0,synthetic_demo,True
PO-00197,PrimeSteel,Structural Steel,Standard transit schedule,PrimeSteel fulfilled order with minor lead time variance.,Standard inspection and receipt.,Standard Approval,Delivered in 15 days with minor defect rate.,0.0,synthetic_demo,True
PO-00198,PrimeSteel,Structural Steel,Standard transit schedule,PrimeSteel fulfilled order with minor lead time variance.,Standard inspection and receipt.,Standard Approval,Delivered in 16 days with minor defect rate.,0.0,synthetic_demo,True
PO-00199,PrimeSteel,Structural Steel,Standard transit schedule,PrimeSteel fulfilled order with minor lead time variance.,Standard inspection and receipt.,Standard Approval,Delivered in 16 days with minor defect rate.,0.0,synthetic_demo,True
PO-00200,PrimeSteel,Structural Steel,Standard transit schedule,PrimeSteel fulfilled order with minor lead time variance.,Standard inspection and receipt.,Standard Approval,Delivered in 17 days with minor defect rate.,0.0,synthetic_demo,True
PO-00201,PrimeSteel,Structural Steel,Raw ingot supply exhaustion,PrimeSteel confirmed inability to secure raw materials within required window.,Order terminated; alternative supplier sourced.,Order Cancelled,Order cancelled due to supplier fulfillment incapacity.,2500.0,synthetic_demo,True
PO-00202,PrimeSteel,Structural Steel,Standard transit schedule,PrimeSteel fulfilled order with minor lead time variance.,Standard inspection and receipt.,Standard Approval,Delivered in 16 days with minor defect rate.,0.0,synthetic_demo,True
PO-00203,PrimeSteel,Structural Steel,Standard transit schedule,PrimeSteel fulfilled order with minor lead time variance.,Standard inspection and receipt.,Standard Approval,Delivered in 13 days with minor defect rate.,0.0,synthetic_demo,True
PO-00204,PrimeSteel,Structural Steel,Standard transit schedule,PrimeSteel fulfilled order with minor lead time variance.,Standard inspection and receipt.,Standard Approval,Delivered in 16 days with minor defect rate.,0.0,synthetic_demo,True
PO-00205,PrimeSteel,Structural Steel,Standard transit schedule,PrimeSteel fulfilled order with minor lead time variance.,Standard inspection and receipt.,Standard Approval,Delivered in 16 days with minor defect rate.,0.0,synthetic_demo,True
PO-00206,PrimeSteel,Structural Steel,Standard transit schedule,PrimeSteel fulfilled order with minor lead time variance.,Standard inspection and receipt.,Standard Approval,Delivered in 14 days with minor defect rate.,0.0,synthetic_demo,True
PO-00207,PrimeSteel,Structural Steel,Raw ingot supply exhaustion,PrimeSteel confirmed inability to secure raw materials within required window.,Order terminated; alternative supplier sourced.,Order Cancelled,Order cancelled due to supplier fulfillment incapacity.,2500.0,synthetic_demo,True
PO-00208,PrimeSteel,Structural Steel,Standard transit schedule,PrimeSteel fulfilled order with minor lead time variance.,Standard inspection and receipt.,Standard Approval,Delivered in 17 days with minor defect rate.,0.0,synthetic_demo,True
PO-00209,PrimeSteel,Structural Steel,Standard transit schedule,PrimeSteel fulfilled order with minor lead time variance.,Standard inspection and receipt.,Standard Approval,Delivered in 13 days with minor defect rate.,0.0,synthetic_demo,True
PO-00210,PrimeSteel,Structural Steel,Raw ingot supply exhaustion,PrimeSteel confirmed inability to secure raw materials within required window.,Order terminated; alternative supplier sourced.,Order Cancelled,Order cancelled due to supplier fulfillment incapacity.,2500.0,synthetic_demo,True
PO-00211,PrimeSteel,Structural Steel,Standard transit schedule,PrimeSteel fulfilled order with minor lead time variance.,Standard inspection and receipt.,Standard Approval,Delivered in 16 days with minor defect rate.,0.0,synthetic_demo,True
PO-00212,PrimeSteel,Structural Steel,Standard transit schedule,PrimeSteel fulfilled order with minor lead time variance.,Standard inspection and receipt.,Standard Approval,Delivered in 13 days with minor defect rate.,0.0,synthetic_demo,True
PO-00213,PrimeSteel,Structural Steel,Raw ingot supply exhaustion,PrimeSteel confirmed inability to secure raw materials within required window.,Order terminated; alternative supplier sourced.,Order Cancelled,Order cancelled due to supplier fulfillment incapacity.,2500.0,synthetic_demo,True
PO-00214,PrimeSteel,Structural Steel,Standard transit schedule,PrimeSteel fulfilled order with minor lead time variance.,Standard inspection and receipt.,Standard Approval,Delivered in 15 days with minor defect rate.,0.0,synthetic_demo,True
PO-00215,PrimeSteel,Structural Steel,Standard transit schedule,PrimeSteel fulfilled order with minor lead time variance.,Standard inspection and receipt.,Standard Approval,Delivered in 14 days with minor defect rate.,0.0,synthetic_demo,True
PO-00216,PrimeSteel,Structural Steel,Raw ingot supply exhaustion,PrimeSteel confirmed inability to secure raw materials within required window.,Order terminated; alternative supplier sourced.,Order Cancelled,Order cancelled due to supplier fulfillment incapacity.,2500.0,synthetic_demo,True
PO-00217,PrimeSteel,Structural Steel,Standard transit schedule,PrimeSteel fulfilled order with minor lead time variance.,Standard inspection and receipt.,Standard Approval,Delivered in 14 days with minor defect rate.,0.0,synthetic_demo,True
PO-00218,PrimeSteel,Structural Steel,Raw ingot supply exhaustion,PrimeSteel confirmed inability to secure raw materials within required window.,Order terminated; alternative supplier sourced.,Order Cancelled,Order cancelled due to supplier fulfillment incapacity.,2500.0,synthetic_demo,True
PO-00219,PrimeSteel,Structural Steel,Standard transit schedule,PrimeSteel fulfilled order with minor lead time variance.,Standard inspection and receipt.,Standard Approval,Delivered in 13 days with minor defect rate.,0.0,synthetic_demo,True
PO-00220,PrimeSteel,Structural Steel,Raw ingot supply exhaustion,PrimeSteel confirmed inability to secure raw materials within required window.,Order terminated; alternative supplier sourced.,Order Cancelled,Order cancelled due to supplier fulfillment incapacity.,2500.0,synthetic_demo,True
PO-00221,PrimeSteel,Structural Steel,Raw ingot supply exhaustion,PrimeSteel confirmed inability to secure raw materials within required window.,Order terminated; alternative supplier sourced.,Order Cancelled,Order cancelled due to supplier fulfillment incapacity.,2500.0,synthetic_demo,True
PO-00222,PrimeSteel,Structural Steel,Standard transit schedule,PrimeSteel fulfilled order with minor lead time variance.,Standard inspection and receipt.,Standard Approval,Delivered in 16 days with minor defect rate.,0.0,synthetic_demo,True
PO-00223,PrimeSteel,Structural Steel,Standard transit schedule,PrimeSteel fulfilled order with minor lead time variance.,Standard inspection and receipt.,Standard Approval,Delivered in 15 days with minor defect rate.,0.0,synthetic_demo,True
PO-00224,PrimeSteel,Structural Steel,Raw ingot supply exhaustion,PrimeSteel confirmed inability to secure raw materials within required window.,Order terminated; alternative supplier sourced.,Order Cancelled,Order cancelled due to supplier fulfillment incapacity.,2500.0,synthetic_demo,True
PO-00225,PrimeSteel,Structural Steel,Standard transit schedule,PrimeSteel fulfilled order with minor lead time variance.,Standard inspection and receipt.,Standard Approval,Delivered in 13 days with minor defect rate.,0.0,synthetic_demo,True
PO-00226,PrimeSteel,Structural Steel,Standard transit schedule,PrimeSteel fulfilled order with minor lead time variance.,Standard inspection and receipt.,Standard Approval,Delivered in 17 days with minor defect rate.,0.0,synthetic_demo,True
PO-00227,PrimeSteel,Structural Steel,Raw ingot supply exhaustion,PrimeSteel confirmed inability to secure raw materials within required window.,Order terminated; alternative supplier sourced.,Order Cancelled,Order cancelled due to supplier fulfillment incapacity.,2500.0,synthetic_demo,True
PO-00228,PrimeSteel,Structural Steel,Standard transit schedule,PrimeSteel fulfilled order with minor lead time variance.,Standard inspection and receipt.,Standard Approval,Delivered in 16 days with minor defect rate.,0.0,synthetic_demo,True
PO-00229,PrimeSteel,Structural Steel,Standard transit schedule,PrimeSteel fulfilled order with minor lead time variance.,Standard inspection and receipt.,Standard Approval,Delivered in 14 days with minor defect rate.,0.0,synthetic_demo,True
PO-00230,PrimeSteel,Structural Steel,Standard transit schedule,PrimeSteel fulfilled order with minor lead time variance.,Standard inspection and receipt.,Standard Approval,Delivered in 15 days with minor defect rate.,0.0,synthetic_demo,True
PO-00231,PrimeSteel,Structural Steel,Raw ingot supply exhaustion,PrimeSteel confirmed inability to secure raw materials within required window.,Order terminated; alternative supplier sourced.,Order Cancelled,Order cancelled due to supplier fulfillment incapacity.,2500.0,synthetic_demo,True
PO-00232,PrimeSteel,Structural Steel,Raw ingot supply exhaustion,PrimeSteel confirmed inability to secure raw materials within required window.,Order terminated; alternative supplier sourced.,Order Cancelled,Order cancelled due to supplier fulfillment incapacity.,2500.0,synthetic_demo,True
PO-00233,PrimeSteel,Structural Steel,Standard transit schedule,PrimeSteel fulfilled order with minor lead time variance.,Standard inspection and receipt.,Standard Approval,Delivered in 13 days with minor defect rate.,0.0,synthetic_demo,True
PO-00234,PrimeSteel,Structural Steel,Standard transit schedule,PrimeSteel fulfilled order with minor lead time variance.,Standard inspection and receipt.,Standard Approval,Delivered in 13 days with minor defect rate.,0.0,synthetic_demo,True
PO-00235,PrimeSteel,Structural Steel,Standard transit schedule,PrimeSteel fulfilled order with minor lead time variance.,Standard inspection and receipt.,Standard Approval,Delivered in 16 days with minor defect rate.,0.0,synthetic_demo,True
PO-00236,PrimeSteel,Structural Steel,Raw ingot supply exhaustion,PrimeSteel confirmed inability to secure raw materials within required window.,Order terminated; alternative supplier sourced.,Order Cancelled,Order cancelled due to supplier fulfillment incapacity.,2500.0,synthetic_demo,True
PO-00237,PrimeSteel,Structural Steel,Standard transit schedule,PrimeSteel fulfilled order with minor lead time variance.,Standard inspection and receipt.,Standard Approval,Delivered in 14 days with minor defect rate.,0.0,synthetic_demo,True
PO-00238,PrimeSteel,Structural Steel,Standard transit schedule,PrimeSteel fulfilled order with minor lead time variance.,Standard inspection and receipt.,Standard Approval,Delivered in 17 days with minor defect rate.,0.0,synthetic_demo,True
PO-00239,PrimeSteel,Structural Steel,Standard transit schedule,PrimeSteel fulfilled order with minor lead time variance.,Standard inspection and receipt.,Standard Approval,Delivered in 17 days with minor defect rate.,0.0,synthetic_demo,True
PO-00240,PrimeSteel,Structural Steel,Standard transit schedule,PrimeSteel fulfilled order with minor lead time variance.,Standard inspection and receipt.,Standard Approval,Delivered in 13 days with minor defect rate.,0.0,synthetic_demo,True
PO-00241,PrimeSteel,Structural Steel,Standard transit schedule,PrimeSteel fulfilled order with minor lead time variance.,Standard inspection and receipt.,Standard Approval,Delivered in 17 days with minor defect rate.,0.0,synthetic_demo,True
PO-00242,PrimeSteel,Structural Steel,Standard transit schedule,PrimeSteel fulfilled order with minor lead time variance.,Standard inspection and receipt.,Standard Approval,Delivered in 13 days with minor defect rate.,0.0,synthetic_demo,True
PO-00243,PrimeSteel,Structural Steel,Raw ingot supply exhaustion,PrimeSteel confirmed inability to secure raw materials within required window.,Order terminated; alternative supplier sourced.,Order Cancelled,Order cancelled due to supplier fulfillment incapacity.,2500.0,synthetic_demo,True
PO-00244,PrimeSteel,Structural Steel,Standard transit schedule,PrimeSteel fulfilled order with minor lead time variance.,Standard inspection and receipt.,Standard Approval,Delivered in 16 days with minor defect rate.,0.0,synthetic_demo,True
PO-00245,PrimeSteel,Structural Steel,Standard transit schedule,PrimeSteel fulfilled order with minor lead time variance.,Standard inspection and receipt.,Standard Approval,Delivered in 14 days with minor defect rate.,0.0,synthetic_demo,True
PO-00246,PrimeSteel,Structural Steel,Standard transit schedule,PrimeSteel fulfilled order with minor lead time variance.,Standard inspection and receipt.,Standard Approval,Delivered in 15 days with minor defect rate.,0.0,synthetic_demo,True
PO-00247,PrimeSteel,Structural Steel,Standard transit schedule,PrimeSteel fulfilled order with minor lead time variance.,Standard inspection and receipt.,Standard Approval,Delivered in 16 days with minor defect rate.,0.0,synthetic_demo,True
PO-00248,PrimeSteel,Structural Steel,Raw ingot supply exhaustion,PrimeSteel confirmed inability to secure raw materials within required window.,Order terminated; alternative supplier sourced.,Order Cancelled,Order cancelled due to supplier fulfillment incapacity.,2500.0,synthetic_demo,True
PO-00249,PrimeSteel,Structural Steel,Standard transit schedule,PrimeSteel fulfilled order with minor lead time variance.,Standard inspection and receipt.,Standard Approval,Delivered in 14 days with minor defect rate.,0.0,synthetic_demo,True
PO-00250,PrimeSteel,Structural Steel,Standard transit schedule,PrimeSteel fulfilled order with minor lead time variance.,Standard inspection and receipt.,Standard Approval,Delivered in 13 days with minor defect rate.,0.0,synthetic_demo,True
PO-00251,Acme Industrial Supplies,Raw Metals,Logistics transit buffer,Vendor reported short-term freight dispatch delay.,Supplier offered expedited freight.,Accepted with Warning,Delivered in 12 days.,1050.54,synthetic_demo,True
PO-00252,Acme Industrial Supplies,Raw Metals,Logistics transit buffer,Vendor reported short-term freight dispatch delay.,Supplier offered expedited freight.,Accepted with Warning,Delivered in 12 days.,675.72,synthetic_demo,True
PO-00253,Acme Industrial Supplies,Raw Metals,Logistics transit buffer,Vendor reported short-term freight dispatch delay.,Supplier offered expedited freight.,Accepted with Warning,Delivered in 9 days.,914.81,synthetic_demo,True
PO-00254,Acme Industrial Supplies,Raw Metals,Logistics transit buffer,Vendor reported short-term freight dispatch delay.,Supplier offered expedited freight.,Accepted with Warning,Delivered in 14 days.,925.18,synthetic_demo,True
PO-00255,Acme Industrial Supplies,Raw Metals,,Fulfillment completed within standard operational window.,Standard warehouse acceptance.,Standard Approval,Successful procurement outcome.,0.0,synthetic_demo,True
PO-00256,Acme Industrial Supplies,Raw Metals,Logistics transit buffer,Vendor reported short-term freight dispatch delay.,Supplier offered expedited freight.,Accepted with Warning,Delivered in 17 days.,1410.78,synthetic_demo,True
PO-00257,Acme Industrial Supplies,Raw Metals,Logistics transit buffer,Vendor reported short-term freight dispatch delay.,Supplier offered expedited freight.,Accepted with Warning,Delivered in 16 days.,1121.36,synthetic_demo,True
PO-00258,Acme Industrial Supplies,Raw Metals,Logistics transit buffer,Vendor reported short-term freight dispatch delay.,Supplier offered expedited freight.,Accepted with Warning,Delivered in 14 days.,1142.92,synthetic_demo,True
PO-00259,Acme Industrial Supplies,Raw Metals,Logistics transit buffer,Vendor reported short-term freight dispatch delay.,Supplier offered expedited freight.,Accepted with Warning,Delivered in 17 days.,266.76,synthetic_demo,True
PO-00260,Acme Industrial Supplies,Raw Metals,Order cancellation due to stock shortage,Vendor confirmed temporary inventory exhaustion.,Purchase order terminated.,Order Cancelled,Order cancelled.,1000.0,synthetic_demo,True
PO-00261,Acme Industrial Supplies,Raw Metals,,Fulfillment completed within standard operational window.,Standard warehouse acceptance.,Standard Approval,Successful procurement outcome.,0.0,synthetic_demo,True
PO-00262,Acme Industrial Supplies,Raw Metals,Order cancellation due to stock shortage,Vendor confirmed temporary inventory exhaustion.,Purchase order terminated.,Order Cancelled,Order cancelled.,1000.0,synthetic_demo,True
PO-00263,Acme Industrial Supplies,Raw Metals,Logistics transit buffer,Vendor reported short-term freight dispatch delay.,Supplier offered expedited freight.,Accepted with Warning,Delivered in 13 days.,893.07,synthetic_demo,True
PO-00264,Acme Industrial Supplies,Raw Metals,,Fulfillment completed within standard operational window.,Standard warehouse acceptance.,Standard Approval,Successful procurement outcome.,0.0,synthetic_demo,True
PO-00265,Acme Industrial Supplies,Raw Metals,Order cancellation due to stock shortage,Vendor confirmed temporary inventory exhaustion.,Purchase order terminated.,Order Cancelled,Order cancelled.,1000.0,synthetic_demo,True
PO-00266,Acme Industrial Supplies,Raw Metals,Logistics transit buffer,Vendor reported short-term freight dispatch delay.,Supplier offered expedited freight.,Accepted with Warning,Delivered in 20 days.,945.52,synthetic_demo,True
PO-00267,Acme Industrial Supplies,Raw Metals,,Fulfillment completed within standard operational window.,Standard warehouse acceptance.,Standard Approval,Successful procurement outcome.,0.0,synthetic_demo,True
PO-00268,Acme Industrial Supplies,Raw Metals,,Fulfillment completed within standard operational window.,Standard warehouse acceptance.,Standard Approval,Successful procurement outcome.,0.0,synthetic_demo,True
PO-00269,Acme Industrial Supplies,Raw Metals,Logistics transit buffer,Vendor reported short-term freight dispatch delay.,Supplier offered expedited freight.,Accepted with Warning,Delivered in 18 days.,502.69,synthetic_demo,True
PO-00270,Acme Industrial Supplies,Raw Metals,Logistics transit buffer,Vendor reported short-term freight dispatch delay.,Supplier offered expedited freight.,Accepted with Warning,Delivered in 8 days.,405.32,synthetic_demo,True
PO-00271,Acme Industrial Supplies,Raw Metals,Logistics transit buffer,Vendor reported short-term freight dispatch delay.,Supplier offered expedited freight.,Accepted with Warning,Delivered in 20 days.,1039.67,synthetic_demo,True
PO-00272,Acme Industrial Supplies,Raw Metals,Order cancellation due to stock shortage,Vendor confirmed temporary inventory exhaustion.,Purchase order terminated.,Order Cancelled,Order cancelled.,1000.0,synthetic_demo,True
PO-00273,Acme Industrial Supplies,Raw Metals,,Fulfillment completed within standard operational window.,Standard warehouse acceptance.,Standard Approval,Successful procurement outcome.,0.0,synthetic_demo,True
PO-00274,Acme Industrial Supplies,Raw Metals,,Fulfillment completed within standard operational window.,Standard warehouse acceptance.,Standard Approval,Successful procurement outcome.,0.0,synthetic_demo,True
PO-00275,Acme Industrial Supplies,Raw Metals,Logistics transit buffer,Vendor reported short-term freight dispatch delay.,Supplier offered expedited freight.,Accepted with Warning,Delivered in 10 days.,450.65,synthetic_demo,True
PO-00276,Acme Industrial Supplies,Raw Metals,Logistics transit buffer,Vendor reported short-term freight dispatch delay.,Supplier offered expedited freight.,Accepted with Warning,Delivered in 19 days.,1076.72,synthetic_demo,True
PO-00277,Acme Industrial Supplies,Raw Metals,,Fulfillment completed within standard operational window.,Standard warehouse acceptance.,Standard Approval,Successful procurement outcome.,0.0,synthetic_demo,True
PO-00278,Acme Industrial Supplies,Raw Metals,,Fulfillment completed within standard operational window.,Standard warehouse acceptance.,Standard Approval,Successful procurement outcome.,0.0,synthetic_demo,True
PO-00279,Acme Industrial Supplies,Raw Metals,Logistics transit buffer,Vendor reported short-term freight dispatch delay.,Supplier offered expedited freight.,Accepted with Warning,Delivered in 19 days.,667.42,synthetic_demo,True
PO-00280,Acme Industrial Supplies,Raw Metals,Logistics transit buffer,Vendor reported short-term freight dispatch delay.,Supplier offered expedited freight.,Accepted with Warning,Delivered in 18 days.,1114.62,synthetic_demo,True
PO-00281,Acme Industrial Supplies,Raw Metals,,Fulfillment completed within standard operational window.,Standard warehouse acceptance.,Standard Approval,Successful procurement outcome.,0.0,synthetic_demo,True
PO-00282,Acme Industrial Supplies,Raw Metals,Order cancellation due to stock shortage,Vendor confirmed temporary inventory exhaustion.,Purchase order terminated.,Order Cancelled,Order cancelled.,1000.0,synthetic_demo,True
PO-00283,Acme Industrial Supplies,Raw Metals,Order cancellation due to stock shortage,Vendor confirmed temporary inventory exhaustion.,Purchase order terminated.,Order Cancelled,Order cancelled.,1000.0,synthetic_demo,True
PO-00284,Acme Industrial Supplies,Raw Metals,Logistics transit buffer,Vendor reported short-term freight dispatch delay.,Supplier offered expedited freight.,Accepted with Warning,Delivered in 19 days.,345.87,synthetic_demo,True
PO-00285,Acme Industrial Supplies,Raw Metals,Logistics transit buffer,Vendor reported short-term freight dispatch delay.,Supplier offered expedited freight.,Accepted with Warning,Delivered in 13 days.,1084.38,synthetic_demo,True
PO-00286,Acme Industrial Supplies,Raw Metals,,Fulfillment completed within standard operational window.,Standard warehouse acceptance.,Standard Approval,Successful procurement outcome.,0.0,synthetic_demo,True
PO-00287,Acme Industrial Supplies,Raw Metals,Logistics transit buffer,Vendor reported short-term freight dispatch delay.,Supplier offered expedited freight.,Accepted with Warning,Delivered in 19 days.,530.79,synthetic_demo,True
PO-00288,Acme Industrial Supplies,Raw Metals,Logistics transit buffer,Vendor reported short-term freight dispatch delay.,Supplier offered expedited freight.,Accepted with Warning,Delivered in 19 days.,1492.36,synthetic_demo,True
PO-00289,Acme Industrial Supplies,Raw Metals,,Fulfillment completed within standard operational window.,Standard warehouse acceptance.,Standard Approval,Successful procurement outcome.,0.0,synthetic_demo,True
PO-00290,Acme Industrial Supplies,Raw Metals,Logistics transit buffer,Vendor reported short-term freight dispatch delay.,Supplier offered expedited freight.,Accepted with Warning,Delivered in 15 days.,688.34,synthetic_demo,True
PO-00291,Acme Industrial Supplies,Raw Metals,,Fulfillment completed within standard operational window.,Standard warehouse acceptance.,Standard Approval,Successful procurement outcome.,0.0,synthetic_demo,True
PO-00292,Acme Industrial Supplies,Raw Metals,Logistics transit buffer,Vendor reported short-term freight dispatch delay.,Supplier offered expedited freight.,Accepted with Warning,Delivered in 12 days.,751.37,synthetic_demo,True
PO-00293,Acme Industrial Supplies,Raw Metals,Logistics transit buffer,Vendor reported short-term freight dispatch delay.,Supplier offered expedited freight.,Accepted with Warning,Delivered in 11 days.,346.7,synthetic_demo,True
PO-00294,Acme Industrial Supplies,Raw Metals,,Fulfillment completed within standard operational window.,Standard warehouse acceptance.,Standard Approval,Successful procurement outcome.,0.0,synthetic_demo,True
PO-00295,Acme Industrial Supplies,Raw Metals,Order cancellation due to stock shortage,Vendor confirmed temporary inventory exhaustion.,Purchase order terminated.,Order Cancelled,Order cancelled.,1000.0,synthetic_demo,True
PO-00296,Acme Industrial Supplies,Raw Metals,Logistics transit buffer,Vendor reported short-term freight dispatch delay.,Supplier offered expedited freight.,Accepted with Warning,Delivered in 16 days.,1391.32,synthetic_demo,True
PO-00297,Acme Industrial Supplies,Raw Metals,Logistics transit buffer,Vendor reported short-term freight dispatch delay.,Supplier offered expedited freight.,Accepted with Warning,Delivered in 10 days.,737.63,synthetic_demo,True
PO-00298,Acme Industrial Supplies,Raw Metals,Order cancellation due to stock shortage,Vendor confirmed temporary inventory exhaustion.,Purchase order terminated.,Order Cancelled,Order cancelled.,1000.0,synthetic_demo,True
PO-00299,Acme Industrial Supplies,Raw Metals,Order cancellation due to stock shortage,Vendor confirmed temporary inventory exhaustion.,Purchase order terminated.,Order Cancelled,Order cancelled.,1000.0,synthetic_demo,True
PO-00300,Acme Industrial Supplies,Raw Metals,Logistics transit buffer,Vendor reported short-term freight dispatch delay.,Supplier offered expedited freight.,Accepted with Warning,Delivered in 12 days.,815.57,synthetic_demo,True
PO-00301,Acme Industrial Supplies,Raw Metals,Logistics transit buffer,Vendor reported short-term freight dispatch delay.,Supplier offered expedited freight.,Accepted with Warning,Delivered in 16 days.,888.99,synthetic_demo,True
PO-00302,Acme Industrial Supplies,Raw Metals,Logistics transit buffer,Vendor reported short-term freight dispatch delay.,Supplier offered expedited freight.,Accepted with Warning,Delivered in 9 days.,267.0,synthetic_demo,True
PO-00303,Acme Industrial Supplies,Raw Metals,Logistics transit buffer,Vendor reported short-term freight dispatch delay.,Supplier offered expedited freight.,Accepted with Warning,Delivered in 19 days.,471.56,synthetic_demo,True
PO-00304,Acme Industrial Supplies,Raw Metals,Logistics transit buffer,Vendor reported short-term freight dispatch delay.,Supplier offered expedited freight.,Accepted with Warning,Delivered in 19 days.,1499.44,synthetic_demo,True
PO-00305,Acme Industrial Supplies,Raw Metals,Logistics transit buffer,Vendor reported short-term freight dispatch delay.,Supplier offered expedited freight.,Accepted with Warning,Delivered in 16 days.,806.13,synthetic_demo,True
PO-00306,Acme Industrial Supplies,Raw Metals,Logistics transit buffer,Vendor reported short-term freight dispatch delay.,Supplier offered expedited freight.,Accepted with Warning,Delivered in 9 days.,1190.12,synthetic_demo,True
PO-00307,Acme Industrial Supplies,Raw Metals,,Fulfillment completed within standard operational window.,Standard warehouse acceptance.,Standard Approval,Successful procurement outcome.,0.0,synthetic_demo,True
PO-00308,Acme Industrial Supplies,Raw Metals,,Fulfillment completed within standard operational window.,Standard warehouse acceptance.,Standard Approval,Successful procurement outcome.,0.0,synthetic_demo,True
PO-00309,Acme Industrial Supplies,Raw Metals,Logistics transit buffer,Vendor reported short-term freight dispatch delay.,Supplier offered expedited freight.,Accepted with Warning,Delivered in 19 days.,418.7,synthetic_demo,True
PO-00310,Acme Industrial Supplies,Raw Metals,Logistics transit buffer,Vendor reported short-term freight dispatch delay.,Supplier offered expedited freight.,Accepted with Warning,Delivered in 16 days.,881.13,synthetic_demo,True
PO-00311,Acme Industrial Supplies,Raw Metals,,Fulfillment completed within standard operational window.,Standard warehouse acceptance.,Standard Approval,Successful procurement outcome.,0.0,synthetic_demo,True
PO-00312,Acme Industrial Supplies,Raw Metals,Logistics transit buffer,Vendor reported short-term freight dispatch delay.,Supplier offered expedited freight.,Accepted with Warning,Delivered in 17 days.,1386.58,synthetic_demo,True
PO-00313,Acme Industrial Supplies,Raw Metals,,Fulfillment completed within standard operational window.,Standard warehouse acceptance.,Standard Approval,Successful procurement outcome.,0.0,synthetic_demo,True
PO-00314,Acme Industrial Supplies,Raw Metals,,Fulfillment completed within standard operational window.,Standard warehouse acceptance.,Standard Approval,Successful procurement outcome.,0.0,synthetic_demo,True
PO-00315,Acme Industrial Supplies,Raw Metals,Logistics transit buffer,Vendor reported short-term freight dispatch delay.,Supplier offered expedited freight.,Accepted with Warning,Delivered in 13 days.,516.17,synthetic_demo,True
PO-00316,Acme Industrial Supplies,Raw Metals,Order cancellation due to stock shortage,Vendor confirmed temporary inventory exhaustion.,Purchase order terminated.,Order Cancelled,Order cancelled.,1000.0,synthetic_demo,True
PO-00317,Acme Industrial Supplies,Raw Metals,Logistics transit buffer,Vendor reported short-term freight dispatch delay.,Supplier offered expedited freight.,Accepted with Warning,Delivered in 8 days.,307.49,synthetic_demo,True
PO-00318,Acme Industrial Supplies,Raw Metals,,Fulfillment completed within standard operational window.,Standard warehouse acceptance.,Standard Approval,Successful procurement outcome.,0.0,synthetic_demo,True
PO-00319,Acme Industrial Supplies,Raw Metals,Logistics transit buffer,Vendor reported short-term freight dispatch delay.,Supplier offered expedited freight.,Accepted with Warning,Delivered in 18 days.,932.56,synthetic_demo,True
PO-00320,Acme Industrial Supplies,Raw Metals,Logistics transit buffer,Vendor reported short-term freight dispatch delay.,Supplier offered expedited freight.,Accepted with Warning,Delivered in 10 days.,717.78,synthetic_demo,True
PO-00321,Global Tech Corp,Electronics,Logistics transit buffer,Vendor reported short-term freight dispatch delay.,Supplier offered expedited freight.,Accepted with Warning,Delivered in 13 days.,1227.65,synthetic_demo,True
PO-00322,Global Tech Corp,Electronics,,Fulfillment completed within standard operational window.,Standard warehouse acceptance.,Standard Approval,Successful procurement outcome.,0.0,synthetic_demo,True
PO-00323,Global Tech Corp,Electronics,Logistics transit buffer,Vendor reported short-term freight dispatch delay.,Supplier offered expedited freight.,Accepted with Warning,Delivered in 18 days.,1490.36,synthetic_demo,True
PO-00324,Global Tech Corp,Electronics,Logistics transit buffer,Vendor reported short-term freight dispatch delay.,Supplier offered expedited freight.,Accepted with Warning,Delivered in 18 days.,1203.82,synthetic_demo,True
PO-00325,Global Tech Corp,Electronics,Logistics transit buffer,Vendor reported short-term freight dispatch delay.,Supplier offered expedited freight.,Accepted with Warning,Delivered in 14 days.,1161.55,synthetic_demo,True
PO-00326,Global Tech Corp,Electronics,Logistics transit buffer,Vendor reported short-term freight dispatch delay.,Supplier offered expedited freight.,Accepted with Warning,Delivered in 20 days.,372.26,synthetic_demo,True
PO-00327,Global Tech Corp,Electronics,,Fulfillment completed within standard operational window.,Standard warehouse acceptance.,Standard Approval,Successful procurement outcome.,0.0,synthetic_demo,True
PO-00328,Global Tech Corp,Electronics,Logistics transit buffer,Vendor reported short-term freight dispatch delay.,Supplier offered expedited freight.,Accepted with Warning,Delivered in 12 days.,1142.3,synthetic_demo,True
PO-00329,Global Tech Corp,Electronics,Order cancellation due to stock shortage,Vendor confirmed temporary inventory exhaustion.,Purchase order terminated.,Order Cancelled,Order cancelled.,1000.0,synthetic_demo,True
PO-00330,Global Tech Corp,Electronics,,Fulfillment completed within standard operational window.,Standard warehouse acceptance.,Standard Approval,Successful procurement outcome.,0.0,synthetic_demo,True
PO-00331,Global Tech Corp,Electronics,Logistics transit buffer,Vendor reported short-term freight dispatch delay.,Supplier offered expedited freight.,Accepted with Warning,Delivered in 11 days.,1001.67,synthetic_demo,True
PO-00332,Global Tech Corp,Electronics,,Fulfillment completed within standard operational window.,Standard warehouse acceptance.,Standard Approval,Successful procurement outcome.,0.0,synthetic_demo,True
PO-00333,Global Tech Corp,Electronics,Logistics transit buffer,Vendor reported short-term freight dispatch delay.,Supplier offered expedited freight.,Accepted with Warning,Delivered in 17 days.,608.44,synthetic_demo,True
PO-00334,Global Tech Corp,Electronics,Logistics transit buffer,Vendor reported short-term freight dispatch delay.,Supplier offered expedited freight.,Accepted with Warning,Delivered in 13 days.,710.82,synthetic_demo,True
PO-00335,Global Tech Corp,Electronics,Order cancellation due to stock shortage,Vendor confirmed temporary inventory exhaustion.,Purchase order terminated.,Order Cancelled,Order cancelled.,1000.0,synthetic_demo,True
PO-00336,Global Tech Corp,Electronics,Logistics transit buffer,Vendor reported short-term freight dispatch delay.,Supplier offered expedited freight.,Accepted with Warning,Delivered in 20 days.,1100.69,synthetic_demo,True
PO-00337,Global Tech Corp,Electronics,Order cancellation due to stock shortage,Vendor confirmed temporary inventory exhaustion.,Purchase order terminated.,Order Cancelled,Order cancelled.,1000.0,synthetic_demo,True
PO-00338,Global Tech Corp,Electronics,Logistics transit buffer,Vendor reported short-term freight dispatch delay.,Supplier offered expedited freight.,Accepted with Warning,Delivered in 15 days.,721.05,synthetic_demo,True
PO-00339,Global Tech Corp,Electronics,Logistics transit buffer,Vendor reported short-term freight dispatch delay.,Supplier offered expedited freight.,Accepted with Warning,Delivered in 20 days.,1255.99,synthetic_demo,True
PO-00340,Global Tech Corp,Electronics,Order cancellation due to stock shortage,Vendor confirmed temporary inventory exhaustion.,Purchase order terminated.,Order Cancelled,Order cancelled.,1000.0,synthetic_demo,True
PO-00341,Global Tech Corp,Electronics,,Fulfillment completed within standard operational window.,Standard warehouse acceptance.,Standard Approval,Successful procurement outcome.,0.0,synthetic_demo,True
PO-00342,Global Tech Corp,Electronics,Order cancellation due to stock shortage,Vendor confirmed temporary inventory exhaustion.,Purchase order terminated.,Order Cancelled,Order cancelled.,1000.0,synthetic_demo,True
PO-00343,Global Tech Corp,Electronics,Logistics transit buffer,Vendor reported short-term freight dispatch delay.,Supplier offered expedited freight.,Accepted with Warning,Delivered in 19 days.,231.93,synthetic_demo,True
PO-00344,Global Tech Corp,Electronics,Order cancellation due to stock shortage,Vendor confirmed temporary inventory exhaustion.,Purchase order terminated.,Order Cancelled,Order cancelled.,1000.0,synthetic_demo,True
PO-00345,Global Tech Corp,Electronics,Logistics transit buffer,Vendor reported short-term freight dispatch delay.,Supplier offered expedited freight.,Accepted with Warning,Delivered in 13 days.,1105.79,synthetic_demo,True
PO-00346,Global Tech Corp,Electronics,Logistics transit buffer,Vendor reported short-term freight dispatch delay.,Supplier offered expedited freight.,Accepted with Warning,Delivered in 18 days.,1240.07,synthetic_demo,True
PO-00347,Global Tech Corp,Electronics,Logistics transit buffer,Vendor reported short-term freight dispatch delay.,Supplier offered expedited freight.,Accepted with Warning,Delivered in 13 days.,501.41,synthetic_demo,True
PO-00348,Global Tech Corp,Electronics,Logistics transit buffer,Vendor reported short-term freight dispatch delay.,Supplier offered expedited freight.,Accepted with Warning,Delivered in 19 days.,969.86,synthetic_demo,True
PO-00349,Global Tech Corp,Electronics,Logistics transit buffer,Vendor reported short-term freight dispatch delay.,Supplier offered expedited freight.,Accepted with Warning,Delivered in 17 days.,1333.57,synthetic_demo,True
PO-00350,Global Tech Corp,Electronics,Order cancellation due to stock shortage,Vendor confirmed temporary inventory exhaustion.,Purchase order terminated.,Order Cancelled,Order cancelled.,1000.0,synthetic_demo,True
PO-00351,Global Tech Corp,Electronics,Logistics transit buffer,Vendor reported short-term freight dispatch delay.,Supplier offered expedited freight.,Accepted with Warning,Delivered in 17 days.,657.58,synthetic_demo,True
PO-00352,Global Tech Corp,Electronics,,Fulfillment completed within standard operational window.,Standard warehouse acceptance.,Standard Approval,Successful procurement outcome.,0.0,synthetic_demo,True
PO-00353,Global Tech Corp,Electronics,Logistics transit buffer,Vendor reported short-term freight dispatch delay.,Supplier offered expedited freight.,Accepted with Warning,Delivered in 14 days.,749.95,synthetic_demo,True
PO-00354,Global Tech Corp,Electronics,,Fulfillment completed within standard operational window.,Standard warehouse acceptance.,Standard Approval,Successful procurement outcome.,0.0,synthetic_demo,True
PO-00355,Global Tech Corp,Electronics,,Fulfillment completed within standard operational window.,Standard warehouse acceptance.,Standard Approval,Successful procurement outcome.,0.0,synthetic_demo,True
PO-00356,Global Tech Corp,Electronics,Order cancellation due to stock shortage,Vendor confirmed temporary inventory exhaustion.,Purchase order terminated.,Order Cancelled,Order cancelled.,1000.0,synthetic_demo,True
PO-00357,Global Tech Corp,Electronics,Logistics transit buffer,Vendor reported short-term freight dispatch delay.,Supplier offered expedited freight.,Accepted with Warning,Delivered in 17 days.,1189.37,synthetic_demo,True
PO-00358,Global Tech Corp,Electronics,Logistics transit buffer,Vendor reported short-term freight dispatch delay.,Supplier offered expedited freight.,Accepted with Warning,Delivered in 17 days.,914.64,synthetic_demo,True
PO-00359,Global Tech Corp,Electronics,Logistics transit buffer,Vendor reported short-term freight dispatch delay.,Supplier offered expedited freight.,Accepted with Warning,Delivered in 20 days.,1134.67,synthetic_demo,True
PO-00360,Global Tech Corp,Electronics,,Fulfillment completed within standard operational window.,Standard warehouse acceptance.,Standard Approval,Successful procurement outcome.,0.0,synthetic_demo,True
PO-00361,Global Tech Corp,Electronics,Logistics transit buffer,Vendor reported short-term freight dispatch delay.,Supplier offered expedited freight.,Accepted with Warning,Delivered in 20 days.,1319.36,synthetic_demo,True
PO-00362,Global Tech Corp,Electronics,Logistics transit buffer,Vendor reported short-term freight dispatch delay.,Supplier offered expedited freight.,Accepted with Warning,Delivered in 20 days.,656.06,synthetic_demo,True
PO-00363,Global Tech Corp,Electronics,Logistics transit buffer,Vendor reported short-term freight dispatch delay.,Supplier offered expedited freight.,Accepted with Warning,Delivered in 12 days.,1370.2,synthetic_demo,True
PO-00364,Global Tech Corp,Electronics,Logistics transit buffer,Vendor reported short-term freight dispatch delay.,Supplier offered expedited freight.,Accepted with Warning,Delivered in 18 days.,1325.9,synthetic_demo,True
PO-00365,Global Tech Corp,Electronics,,Fulfillment completed within standard operational window.,Standard warehouse acceptance.,Standard Approval,Successful procurement outcome.,0.0,synthetic_demo,True
PO-00366,Global Tech Corp,Electronics,Order cancellation due to stock shortage,Vendor confirmed temporary inventory exhaustion.,Purchase order terminated.,Order Cancelled,Order cancelled.,1000.0,synthetic_demo,True
PO-00367,Global Tech Corp,Electronics,Order cancellation due to stock shortage,Vendor confirmed temporary inventory exhaustion.,Purchase order terminated.,Order Cancelled,Order cancelled.,1000.0,synthetic_demo,True
PO-00368,Global Tech Corp,Electronics,Logistics transit buffer,Vendor reported short-term freight dispatch delay.,Supplier offered expedited freight.,Accepted with Warning,Delivered in 8 days.,321.08,synthetic_demo,True
PO-00369,Global Tech Corp,Electronics,Logistics transit buffer,Vendor reported short-term freight dispatch delay.,Supplier offered expedited freight.,Accepted with Warning,Delivered in 11 days.,843.13,synthetic_demo,True
PO-00370,Global Tech Corp,Electronics,Logistics transit buffer,Vendor reported short-term freight dispatch delay.,Supplier offered expedited freight.,Accepted with Warning,Delivered in 20 days.,262.93,synthetic_demo,True
PO-00371,Global Tech Corp,Electronics,Logistics transit buffer,Vendor reported short-term freight dispatch delay.,Supplier offered expedited freight.,Accepted with Warning,Delivered in 15 days.,756.14,synthetic_demo,True
PO-00372,Global Tech Corp,Electronics,,Fulfillment completed within standard operational window.,Standard warehouse acceptance.,Standard Approval,Successful procurement outcome.,0.0,synthetic_demo,True
PO-00373,Global Tech Corp,Electronics,Order cancellation due to stock shortage,Vendor confirmed temporary inventory exhaustion.,Purchase order terminated.,Order Cancelled,Order cancelled.,1000.0,synthetic_demo,True
PO-00374,Global Tech Corp,Electronics,Logistics transit buffer,Vendor reported short-term freight dispatch delay.,Supplier offered expedited freight.,Accepted with Warning,Delivered in 19 days.,477.45,synthetic_demo,True
PO-00375,Global Tech Corp,Electronics,Logistics transit buffer,Vendor reported short-term freight dispatch delay.,Supplier offered expedited freight.,Accepted with Warning,Delivered in 19 days.,1318.44,synthetic_demo,True
PO-00376,Global Tech Corp,Electronics,Order cancellation due to stock shortage,Vendor confirmed temporary inventory exhaustion.,Purchase order terminated.,Order Cancelled,Order cancelled.,1000.0,synthetic_demo,True
PO-00377,Global Tech Corp,Electronics,Logistics transit buffer,Vendor reported short-term freight dispatch delay.,Supplier offered expedited freight.,Accepted with Warning,Delivered in 20 days.,1034.05,synthetic_demo,True
PO-00378,Global Tech Corp,Electronics,Order cancellation due to stock shortage,Vendor confirmed temporary inventory exhaustion.,Purchase order terminated.,Order Cancelled,Order cancelled.,1000.0,synthetic_demo,True
PO-00379,Global Tech Corp,Electronics,Logistics transit buffer,Vendor reported short-term freight dispatch delay.,Supplier offered expedited freight.,Accepted with Warning,Delivered in 18 days.,1365.57,synthetic_demo,True
PO-00380,Global Tech Corp,Electronics,,Fulfillment completed within standard operational window.,Standard warehouse acceptance.,Standard Approval,Successful procurement outcome.,0.0,synthetic_demo,True
PO-00381,Global Tech Corp,Electronics,Logistics transit buffer,Vendor reported short-term freight dispatch delay.,Supplier offered expedited freight.,Accepted with Warning,Delivered in 18 days.,989.0,synthetic_demo,True
PO-00382,Global Tech Corp,Electronics,,Fulfillment completed within standard operational window.,Standard warehouse acceptance.,Standard Approval,Successful procurement outcome.,0.0,synthetic_demo,True
PO-00383,Global Tech Corp,Electronics,Logistics transit buffer,Vendor reported short-term freight dispatch delay.,Supplier offered expedited freight.,Accepted with Warning,Delivered in 10 days.,747.12,synthetic_demo,True
PO-00384,Global Tech Corp,Electronics,,Fulfillment completed within standard operational window.,Standard warehouse acceptance.,Standard Approval,Successful procurement outcome.,0.0,synthetic_demo,True
PO-00385,Global Tech Corp,Electronics,Logistics transit buffer,Vendor reported short-term freight dispatch delay.,Supplier offered expedited freight.,Accepted with Warning,Delivered in 18 days.,750.65,synthetic_demo,True
PO-00386,Global Tech Corp,Electronics,,Fulfillment completed within standard operational window.,Standard warehouse acceptance.,Standard Approval,Successful procurement outcome.,0.0,synthetic_demo,True
PO-00387,Global Tech Corp,Electronics,Logistics transit buffer,Vendor reported short-term freight dispatch delay.,Supplier offered expedited freight.,Accepted with Warning,Delivered in 17 days.,1085.37,synthetic_demo,True
PO-00388,Global Tech Corp,Electronics,,Fulfillment completed within standard operational window.,Standard warehouse acceptance.,Standard Approval,Successful procurement outcome.,0.0,synthetic_demo,True
PO-00389,Global Tech Corp,Electronics,Logistics transit buffer,Vendor reported short-term freight dispatch delay.,Supplier offered expedited freight.,Accepted with Warning,Delivered in 19 days.,214.76,synthetic_demo,True
PO-00390,Global Tech Corp,Electronics,Logistics transit buffer,Vendor reported short-term freight dispatch delay.,Supplier offered expedited freight.,Accepted with Warning,Delivered in 10 days.,1152.82,synthetic_demo,True
PO-00391,Pinnacle Materials,Structural Steel,Logistics transit buffer,Vendor reported short-term freight dispatch delay.,Supplier offered expedited freight.,Accepted with Warning,Delivered in 12 days.,300.19,synthetic_demo,True
PO-00392,Titan Metals,Raw Metals,Logistics transit buffer,Vendor reported short-term freight dispatch delay.,Supplier offered expedited freight.,Accepted with Warning,Delivered in 20 days.,946.09,synthetic_demo,True
PO-00393,SteelCore,Structural Steel,,Fulfillment completed within standard operational window.,Standard warehouse acceptance.,Standard Approval,Successful procurement outcome.,0.0,synthetic_demo,True
PO-00394,MetalWorks,Structural Steel,,MetalWorks completed fulfillment according to primary SLA.,Standard receipt.,Standard Approval,Flawless fulfillment; zero defect threshold maintained.,0.0,synthetic_demo,True
PO-00395,Polymer Tech,Plastics,Logistics transit buffer,Vendor reported short-term freight dispatch delay.,Supplier offered expedited freight.,Accepted with Warning,Delivered in 9 days.,433.15,synthetic_demo,True
PO-00396,Sovereign Packaging,Packaging,Logistics transit buffer,Vendor reported short-term freight dispatch delay.,Supplier offered expedited freight.,Accepted with Warning,Delivered in 20 days.,919.02,synthetic_demo,True
PO-00397,Omni Logistics,Logistics Equipment,Logistics transit buffer,Vendor reported short-term freight dispatch delay.,Supplier offered expedited freight.,Accepted with Warning,Delivered in 17 days.,1208.65,synthetic_demo,True
PO-00398,Apex Components,Machinery Parts,,Fulfillment completed within standard operational window.,Standard warehouse acceptance.,Standard Approval,Successful procurement outcome.,0.0,synthetic_demo,True
PO-00399,SteelCore,Structural Steel,Order cancellation due to stock shortage,Vendor confirmed temporary inventory exhaustion.,Purchase order terminated.,Order Cancelled,Order cancelled.,1000.0,synthetic_demo,True
PO-00400,Acme Industrial Supplies,Raw Metals,,Fulfillment completed within standard operational window.,Standard warehouse acceptance.,Standard Approval,Successful procurement outcome.,0.0,synthetic_demo,True
PO-00401,Apex Components,Machinery Parts,Order cancellation due to stock shortage,Vendor confirmed temporary inventory exhaustion.,Purchase order terminated.,Order Cancelled,Order cancelled.,1000.0,synthetic_demo,True
PO-00402,PrimeSteel,Structural Steel,Standard transit schedule,PrimeSteel fulfilled order with minor lead time variance.,Standard inspection and receipt.,Standard Approval,Delivered in 16 days with minor defect rate.,0.0,synthetic_demo,True
PO-00403,Global Tech Corp,Electronics,,Fulfillment completed within standard operational window.,Standard warehouse acceptance.,Standard Approval,Successful procurement outcome.,0.0,synthetic_demo,True
PO-00404,Polymer Tech,Plastics,Logistics transit buffer,Vendor reported short-term freight dispatch delay.,Supplier offered expedited freight.,Accepted with Warning,Delivered in 10 days.,402.03,synthetic_demo,True
PO-00405,Acme Industrial Supplies,Raw Metals,,Fulfillment completed within standard operational window.,Standard warehouse acceptance.,Standard Approval,Successful procurement outcome.,0.0,synthetic_demo,True
PO-00406,Omni Logistics,Logistics Equipment,,Fulfillment completed within standard operational window.,Standard warehouse acceptance.,Standard Approval,Successful procurement outcome.,0.0,synthetic_demo,True
PO-00407,MetalWorks,Structural Steel,,MetalWorks completed fulfillment according to primary SLA.,Standard receipt.,Standard Approval,Flawless fulfillment; zero defect threshold maintained.,0.0,synthetic_demo,True
PO-00408,Horizon Freight,Logistics Equipment,,Fulfillment completed within standard operational window.,Standard warehouse acceptance.,Standard Approval,Successful procurement outcome.,0.0,synthetic_demo,True
PO-00409,Apex Components,Machinery Parts,Logistics transit buffer,Vendor reported short-term freight dispatch delay.,Supplier offered expedited freight.,Accepted with Warning,Delivered in 13 days.,309.25,synthetic_demo,True
PO-00410,SteelCore,Structural Steel,Summer seasonal port customs backlog and factory heat-treatment calibration delay,SteelCore reported sub-tier furnace maintenance and regional port congestion.,Batch quarantined; supplier dispatched technical team and offered 5% credit.,Conditional Approval with Penalty,Delivered after 25 days with 12.9% defect rate.,7583.65,synthetic_demo,True
PO-00411,Matrix Supplies,Machinery Parts,,Fulfillment completed within standard operational window.,Standard warehouse acceptance.,Standard Approval,Successful procurement outcome.,0.0,synthetic_demo,True
PO-00412,Vanguard Chemicals,Chemicals,,Fulfillment completed within standard operational window.,Standard warehouse acceptance.,Standard Approval,Successful procurement outcome.,0.0,synthetic_demo,True
PO-00413,Omni Logistics,Logistics Equipment,,Fulfillment completed within standard operational window.,Standard warehouse acceptance.,Standard Approval,Successful procurement outcome.,0.0,synthetic_demo,True
PO-00414,Zenith Global,Fasteners,Logistics transit buffer,Vendor reported short-term freight dispatch delay.,Supplier offered expedited freight.,Accepted with Warning,Delivered in 20 days.,697.25,synthetic_demo,True
PO-00415,Alpha Industrial,Raw Metals,,Fulfillment completed within standard operational window.,Standard warehouse acceptance.,Standard Approval,Successful procurement outcome.,0.0,synthetic_demo,True
PO-00416,Polymer Tech,Plastics,Logistics transit buffer,Vendor reported short-term freight dispatch delay.,Supplier offered expedited freight.,Accepted with Warning,Delivered in 13 days.,1466.17,synthetic_demo,True
PO-00417,Horizon Freight,Logistics Equipment,Logistics transit buffer,Vendor reported short-term freight dispatch delay.,Supplier offered expedited freight.,Accepted with Warning,Delivered in 20 days.,1489.0,synthetic_demo,True
PO-00418,Vanguard Chemicals,Chemicals,Order cancellation due to stock shortage,Vendor confirmed temporary inventory exhaustion.,Purchase order terminated.,Order Cancelled,Order cancelled.,1000.0,synthetic_demo,True
PO-00419,Precision Fasteners,Fasteners,,Fulfillment completed within standard operational window.,Standard warehouse acceptance.,Standard Approval,Successful procurement outcome.,0.0,synthetic_demo,True
PO-00420,Alpha Industrial,Raw Metals,,Fulfillment completed within standard operational window.,Standard warehouse acceptance.,Standard Approval,Successful procurement outcome.,0.0,synthetic_demo,True
PO-00421,Quantum Electronics,Electronics,Logistics transit buffer,Vendor reported short-term freight dispatch delay.,Supplier offered expedited freight.,Accepted with Warning,Delivered in 17 days.,344.2,synthetic_demo,True
PO-00422,Vanguard Chemicals,Chemicals,,Fulfillment completed within standard operational window.,Standard warehouse acceptance.,Standard Approval,Successful procurement outcome.,0.0,synthetic_demo,True
PO-00423,Alpha Industrial,Raw Metals,Order cancellation due to stock shortage,Vendor confirmed temporary inventory exhaustion.,Purchase order terminated.,Order Cancelled,Order cancelled.,1000.0,synthetic_demo,True
PO-00424,Vanguard Chemicals,Chemicals,Logistics transit buffer,Vendor reported short-term freight dispatch delay.,Supplier offered expedited freight.,Accepted with Warning,Delivered in 10 days.,582.87,synthetic_demo,True
PO-00425,Sovereign Packaging,Packaging,Logistics transit buffer,Vendor reported short-term freight dispatch delay.,Supplier offered expedited freight.,Accepted with Warning,Delivered in 13 days.,487.16,synthetic_demo,True
PO-00426,Quantum Electronics,Electronics,,Fulfillment completed within standard operational window.,Standard warehouse acceptance.,Standard Approval,Successful procurement outcome.,0.0,synthetic_demo,True
PO-00427,Quantum Electronics,Electronics,,Fulfillment completed within standard operational window.,Standard warehouse acceptance.,Standard Approval,Successful procurement outcome.,0.0,synthetic_demo,True
PO-00428,SteelCore,Structural Steel,Logistics transit buffer,Vendor reported short-term freight dispatch delay.,Supplier offered expedited freight.,Accepted with Warning,Delivered in 19 days.,738.22,synthetic_demo,True
PO-00429,Acme Industrial Supplies,Raw Metals,Order cancellation due to stock shortage,Vendor confirmed temporary inventory exhaustion.,Purchase order terminated.,Order Cancelled,Order cancelled.,1000.0,synthetic_demo,True
PO-00430,PrimeSteel,Structural Steel,Standard transit schedule,PrimeSteel fulfilled order with minor lead time variance.,Standard inspection and receipt.,Standard Approval,Delivered in 15 days with minor defect rate.,0.0,synthetic_demo,True
PO-00431,Sovereign Packaging,Packaging,Logistics transit buffer,Vendor reported short-term freight dispatch delay.,Supplier offered expedited freight.,Accepted with Warning,Delivered in 9 days.,1361.19,synthetic_demo,True
PO-00432,Titan Metals,Raw Metals,Logistics transit buffer,Vendor reported short-term freight dispatch delay.,Supplier offered expedited freight.,Accepted with Warning,Delivered in 9 days.,732.06,synthetic_demo,True
PO-00433,Polymer Tech,Plastics,,Fulfillment completed within standard operational window.,Standard warehouse acceptance.,Standard Approval,Successful procurement outcome.,0.0,synthetic_demo,True
PO-00434,MetalWorks,Structural Steel,,MetalWorks completed fulfillment according to primary SLA.,Standard receipt.,Standard Approval,Flawless fulfillment; zero defect threshold maintained.,0.0,synthetic_demo,True
PO-00435,Precision Fasteners,Fasteners,Logistics transit buffer,Vendor reported short-term freight dispatch delay.,Supplier offered expedited freight.,Accepted with Warning,Delivered in 10 days.,815.64,synthetic_demo,True
PO-00436,Alpha Industrial,Raw Metals,Order cancellation due to stock shortage,Vendor confirmed temporary inventory exhaustion.,Purchase order terminated.,Order Cancelled,Order cancelled.,1000.0,synthetic_demo,True
PO-00437,Sovereign Packaging,Packaging,,Fulfillment completed within standard operational window.,Standard warehouse acceptance.,Standard Approval,Successful procurement outcome.,0.0,synthetic_demo,True
PO-00438,MetalWorks,Structural Steel,,MetalWorks completed fulfillment according to primary SLA.,Standard receipt.,Standard Approval,Flawless fulfillment; zero defect threshold maintained.,0.0,synthetic_demo,True
PO-00439,Apex Components,Machinery Parts,Logistics transit buffer,Vendor reported short-term freight dispatch delay.,Supplier offered expedited freight.,Accepted with Warning,Delivered in 16 days.,1326.96,synthetic_demo,True
PO-00440,Omni Logistics,Logistics Equipment,Order cancellation due to stock shortage,Vendor confirmed temporary inventory exhaustion.,Purchase order terminated.,Order Cancelled,Order cancelled.,1000.0,synthetic_demo,True
PO-00441,Global Tech Corp,Electronics,Logistics transit buffer,Vendor reported short-term freight dispatch delay.,Supplier offered expedited freight.,Accepted with Warning,Delivered in 10 days.,364.04,synthetic_demo,True
PO-00442,Precision Fasteners,Fasteners,Logistics transit buffer,Vendor reported short-term freight dispatch delay.,Supplier offered expedited freight.,Accepted with Warning,Delivered in 13 days.,287.12,synthetic_demo,True
PO-00443,Polymer Tech,Plastics,Logistics transit buffer,Vendor reported short-term freight dispatch delay.,Supplier offered expedited freight.,Accepted with Warning,Delivered in 20 days.,1216.19,synthetic_demo,True
PO-00444,Acme Industrial Supplies,Raw Metals,Logistics transit buffer,Vendor reported short-term freight dispatch delay.,Supplier offered expedited freight.,Accepted with Warning,Delivered in 20 days.,896.32,synthetic_demo,True
PO-00445,Alpha Industrial,Raw Metals,Logistics transit buffer,Vendor reported short-term freight dispatch delay.,Supplier offered expedited freight.,Accepted with Warning,Delivered in 12 days.,1085.06,synthetic_demo,True
PO-00446,Quantum Electronics,Electronics,Order cancellation due to stock shortage,Vendor confirmed temporary inventory exhaustion.,Purchase order terminated.,Order Cancelled,Order cancelled.,1000.0,synthetic_demo,True
PO-00447,SteelCore,Structural Steel,,SteelCore fulfilled order within target timeline following tooling upgrade.,Standard warehouse receipt and quality sign-off.,Standard Approval,Successful fulfillment; delivered on-time in 12 days.,0.0,synthetic_demo,True
PO-00448,Apex Components,Machinery Parts,Order cancellation due to stock shortage,Vendor confirmed temporary inventory exhaustion.,Purchase order terminated.,Order Cancelled,Order cancelled.,1000.0,synthetic_demo,True
PO-00449,Pinnacle Materials,Structural Steel,Logistics transit buffer,Vendor reported short-term freight dispatch delay.,Supplier offered expedited freight.,Accepted with Warning,Delivered in 11 days.,829.8,synthetic_demo,True
PO-00450,Zenith Global,Fasteners,Logistics transit buffer,Vendor reported short-term freight dispatch delay.,Supplier offered expedited freight.,Accepted with Warning,Delivered in 19 days.,1306.68,synthetic_demo,True
PO-00451,Precision Fasteners,Fasteners,,Fulfillment completed within standard operational window.,Standard warehouse acceptance.,Standard Approval,Successful procurement outcome.,0.0,synthetic_demo,True
PO-00452,Matrix Supplies,Machinery Parts,Order cancellation due to stock shortage,Vendor confirmed temporary inventory exhaustion.,Purchase order terminated.,Order Cancelled,Order cancelled.,1000.0,synthetic_demo,True
PO-00453,Vanguard Chemicals,Chemicals,Logistics transit buffer,Vendor reported short-term freight dispatch delay.,Supplier offered expedited freight.,Accepted with Warning,Delivered in 10 days.,916.73,synthetic_demo,True
PO-00454,PrimeSteel,Structural Steel,Raw ingot supply exhaustion,PrimeSteel confirmed inability to secure raw materials within required window.,Order terminated; alternative supplier sourced.,Order Cancelled,Order cancelled due to supplier fulfillment incapacity.,2500.0,synthetic_demo,True
PO-00455,Precision Fasteners,Fasteners,Logistics transit buffer,Vendor reported short-term freight dispatch delay.,Supplier offered expedited freight.,Accepted with Warning,Delivered in 18 days.,1047.06,synthetic_demo,True
PO-00456,SteelCore,Structural Steel,Order cancellation due to stock shortage,Vendor confirmed temporary inventory exhaustion.,Purchase order terminated.,Order Cancelled,Order cancelled.,1000.0,synthetic_demo,True
PO-00457,Polymer Tech,Plastics,Logistics transit buffer,Vendor reported short-term freight dispatch delay.,Supplier offered expedited freight.,Accepted with Warning,Delivered in 14 days.,796.7,synthetic_demo,True
PO-00458,Sovereign Packaging,Packaging,Logistics transit buffer,Vendor reported short-term freight dispatch delay.,Supplier offered expedited freight.,Accepted with Warning,Delivered in 18 days.,929.89,synthetic_demo,True
PO-00459,Acme Industrial Supplies,Raw Metals,Logistics transit buffer,Vendor reported short-term freight dispatch delay.,Supplier offered expedited freight.,Accepted with Warning,Delivered in 12 days.,539.49,synthetic_demo,True
PO-00460,Precision Fasteners,Fasteners,Logistics transit buffer,Vendor reported short-term freight dispatch delay.,Supplier offered expedited freight.,Accepted with Warning,Delivered in 8 days.,980.04,synthetic_demo,True
PO-00461,SteelCore,Structural Steel,,SteelCore fulfilled order within target timeline following tooling upgrade.,Standard warehouse receipt and quality sign-off.,Standard Approval,Successful fulfillment; delivered on-time in 12 days.,0.0,synthetic_demo,True
PO-00462,Precision Fasteners,Fasteners,Order cancellation due to stock shortage,Vendor confirmed temporary inventory exhaustion.,Purchase order terminated.,Order Cancelled,Order cancelled.,1000.0,synthetic_demo,True
PO-00463,Vanguard Chemicals,Chemicals,Logistics transit buffer,Vendor reported short-term freight dispatch delay.,Supplier offered expedited freight.,Accepted with Warning,Delivered in 18 days.,326.88,synthetic_demo,True
PO-00464,Horizon Freight,Logistics Equipment,Logistics transit buffer,Vendor reported short-term freight dispatch delay.,Supplier offered expedited freight.,Accepted with Warning,Delivered in 18 days.,661.87,synthetic_demo,True
PO-00465,Quantum Electronics,Electronics,,Fulfillment completed within standard operational window.,Standard warehouse acceptance.,Standard Approval,Successful procurement outcome.,0.0,synthetic_demo,True
PO-00466,PrimeSteel,Structural Steel,Standard transit schedule,PrimeSteel fulfilled order with minor lead time variance.,Standard inspection and receipt.,Standard Approval,Delivered in 16 days with minor defect rate.,0.0,synthetic_demo,True
PO-00467,Global Tech Corp,Electronics,Logistics transit buffer,Vendor reported short-term freight dispatch delay.,Supplier offered expedited freight.,Accepted with Warning,Delivered in 17 days.,386.19,synthetic_demo,True
PO-00468,Alpha Industrial,Raw Metals,,Fulfillment completed within standard operational window.,Standard warehouse acceptance.,Standard Approval,Successful procurement outcome.,0.0,synthetic_demo,True
PO-00469,Titan Metals,Raw Metals,Logistics transit buffer,Vendor reported short-term freight dispatch delay.,Supplier offered expedited freight.,Accepted with Warning,Delivered in 17 days.,757.73,synthetic_demo,True
PO-00470,Precision Fasteners,Fasteners,Logistics transit buffer,Vendor reported short-term freight dispatch delay.,Supplier offered expedited freight.,Accepted with Warning,Delivered in 20 days.,1079.77,synthetic_demo,True
PO-00471,Vanguard Chemicals,Chemicals,,Fulfillment completed within standard operational window.,Standard warehouse acceptance.,Standard Approval,Successful procurement outcome.,0.0,synthetic_demo,True
PO-00472,Omni Logistics,Logistics Equipment,Logistics transit buffer,Vendor reported short-term freight dispatch delay.,Supplier offered expedited freight.,Accepted with Warning,Delivered in 16 days.,1494.11,synthetic_demo,True
PO-00473,Precision Fasteners,Fasteners,,Fulfillment completed within standard operational window.,Standard warehouse acceptance.,Standard Approval,Successful procurement outcome.,0.0,synthetic_demo,True
PO-00474,Zenith Global,Fasteners,Logistics transit buffer,Vendor reported short-term freight dispatch delay.,Supplier offered expedited freight.,Accepted with Warning,Delivered in 19 days.,1339.51,synthetic_demo,True
PO-00475,MetalWorks,Structural Steel,,MetalWorks completed fulfillment according to primary SLA.,Standard receipt.,Standard Approval,Flawless fulfillment; zero defect threshold maintained.,0.0,synthetic_demo,True
PO-00476,Horizon Freight,Logistics Equipment,Order cancellation due to stock shortage,Vendor confirmed temporary inventory exhaustion.,Purchase order terminated.,Order Cancelled,Order cancelled.,1000.0,synthetic_demo,True
PO-00477,SteelCore,Structural Steel,Order cancellation due to stock shortage,Vendor confirmed temporary inventory exhaustion.,Purchase order terminated.,Order Cancelled,Order cancelled.,1000.0,synthetic_demo,True
PO-00478,Global Tech Corp,Electronics,Logistics transit buffer,Vendor reported short-term freight dispatch delay.,Supplier offered expedited freight.,Accepted with Warning,Delivered in 19 days.,1220.19,synthetic_demo,True
PO-00479,Polymer Tech,Plastics,Logistics transit buffer,Vendor reported short-term freight dispatch delay.,Supplier offered expedited freight.,Accepted with Warning,Delivered in 19 days.,912.58,synthetic_demo,True
PO-00480,Quantum Electronics,Electronics,Logistics transit buffer,Vendor reported short-term freight dispatch delay.,Supplier offered expedited freight.,Accepted with Warning,Delivered in 18 days.,343.56,synthetic_demo,True
PO-00481,PrimeSteel,Structural Steel,Standard transit schedule,PrimeSteel fulfilled order with minor lead time variance.,Standard inspection and receipt.,Standard Approval,Delivered in 15 days with minor defect rate.,0.0,synthetic_demo,True
PO-00482,Matrix Supplies,Machinery Parts,,Fulfillment completed within standard operational window.,Standard warehouse acceptance.,Standard Approval,Successful procurement outcome.,0.0,synthetic_demo,True
PO-00483,Acme Industrial Supplies,Raw Metals,Logistics transit buffer,Vendor reported short-term freight dispatch delay.,Supplier offered expedited freight.,Accepted with Warning,Delivered in 18 days.,1362.89,synthetic_demo,True
PO-00484,Vanguard Chemicals,Chemicals,Logistics transit buffer,Vendor reported short-term freight dispatch delay.,Supplier offered expedited freight.,Accepted with Warning,Delivered in 14 days.,1286.42,synthetic_demo,True
PO-00485,Titan Metals,Raw Metals,Order cancellation due to stock shortage,Vendor confirmed temporary inventory exhaustion.,Purchase order terminated.,Order Cancelled,Order cancelled.,1000.0,synthetic_demo,True
PO-00486,Titan Metals,Raw Metals,Logistics transit buffer,Vendor reported short-term freight dispatch delay.,Supplier offered expedited freight.,Accepted with Warning,Delivered in 15 days.,435.64,synthetic_demo,True
PO-00487,Global Tech Corp,Electronics,,Fulfillment completed within standard operational window.,Standard warehouse acceptance.,Standard Approval,Successful procurement outcome.,0.0,synthetic_demo,True
PO-00488,Zenith Global,Fasteners,Logistics transit buffer,Vendor reported short-term freight dispatch delay.,Supplier offered expedited freight.,Accepted with Warning,Delivered in 16 days.,323.81,synthetic_demo,True
PO-00489,Sovereign Packaging,Packaging,,Fulfillment completed within standard operational window.,Standard warehouse acceptance.,Standard Approval,Successful procurement outcome.,0.0,synthetic_demo,True
PO-00490,Alpha Industrial,Raw Metals,,Fulfillment completed within standard operational window.,Standard warehouse acceptance.,Standard Approval,Successful procurement outcome.,0.0,synthetic_demo,True
PO-00491,Sovereign Packaging,Packaging,Logistics transit buffer,Vendor reported short-term freight dispatch delay.,Supplier offered expedited freight.,Accepted with Warning,Delivered in 15 days.,314.43,synthetic_demo,True
PO-00492,Alpha Industrial,Raw Metals,,Fulfillment completed within standard operational window.,Standard warehouse acceptance.,Standard Approval,Successful procurement outcome.,0.0,synthetic_demo,True
PO-00493,Omni Logistics,Logistics Equipment,Logistics transit buffer,Vendor reported short-term freight dispatch delay.,Supplier offered expedited freight.,Accepted with Warning,Delivered in 18 days.,672.35,synthetic_demo,True
PO-00494,Quantum Electronics,Electronics,,Fulfillment completed within standard operational window.,Standard warehouse acceptance.,Standard Approval,Successful procurement outcome.,0.0,synthetic_demo,True
PO-00495,Apex Components,Machinery Parts,Logistics transit buffer,Vendor reported short-term freight dispatch delay.,Supplier offered expedited freight.,Accepted with Warning,Delivered in 18 days.,878.58,synthetic_demo,True
PO-00496,Alpha Industrial,Raw Metals,,Fulfillment completed within standard operational window.,Standard warehouse acceptance.,Standard Approval,Successful procurement outcome.,0.0,synthetic_demo,True
PO-00497,Precision Fasteners,Fasteners,Logistics transit buffer,Vendor reported short-term freight dispatch delay.,Supplier offered expedited freight.,Accepted with Warning,Delivered in 8 days.,965.45,synthetic_demo,True
PO-00498,Zenith Global,Fasteners,Logistics transit buffer,Vendor reported short-term freight dispatch delay.,Supplier offered expedited freight.,Accepted with Warning,Delivered in 16 days.,762.65,synthetic_demo,True
PO-00499,Titan Metals,Raw Metals,Logistics transit buffer,Vendor reported short-term freight dispatch delay.,Supplier offered expedited freight.,Accepted with Warning,Delivered in 14 days.,618.4,synthetic_demo,True
PO-00500,Apex Components,Machinery Parts,,Fulfillment completed within standard operational window.,Standard warehouse acceptance.,Standard Approval,Successful procurement outcome.,0.0,synthetic_demo,True
PO-00501,Zenith Global,Fasteners,Logistics transit buffer,Vendor reported short-term freight dispatch delay.,Supplier offered expedited freight.,Accepted with Warning,Delivered in 13 days.,1022.36,synthetic_demo,True
PO-00502,Vanguard Chemicals,Chemicals,Logistics transit buffer,Vendor reported short-term freight dispatch delay.,Supplier offered expedited freight.,Accepted with Warning,Delivered in 16 days.,1123.46,synthetic_demo,True
PO-00503,Pinnacle Materials,Structural Steel,Logistics transit buffer,Vendor reported short-term freight dispatch delay.,Supplier offered expedited freight.,Accepted with Warning,Delivered in 20 days.,338.41,synthetic_demo,True
PO-00504,Precision Fasteners,Fasteners,Logistics transit buffer,Vendor reported short-term freight dispatch delay.,Supplier offered expedited freight.,Accepted with Warning,Delivered in 18 days.,1291.2,synthetic_demo,True
PO-00505,Horizon Freight,Logistics Equipment,Logistics transit buffer,Vendor reported short-term freight dispatch delay.,Supplier offered expedited freight.,Accepted with Warning,Delivered in 9 days.,930.45,synthetic_demo,True
PO-00506,Apex Components,Machinery Parts,Logistics transit buffer,Vendor reported short-term freight dispatch delay.,Supplier offered expedited freight.,Accepted with Warning,Delivered in 19 days.,703.82,synthetic_demo,True
PO-00507,Horizon Freight,Logistics Equipment,Order cancellation due to stock shortage,Vendor confirmed temporary inventory exhaustion.,Purchase order terminated.,Order Cancelled,Order cancelled.,1000.0,synthetic_demo,True
PO-00508,Matrix Supplies,Machinery Parts,Order cancellation due to stock shortage,Vendor confirmed temporary inventory exhaustion.,Purchase order terminated.,Order Cancelled,Order cancelled.,1000.0,synthetic_demo,True
PO-00509,Horizon Freight,Logistics Equipment,,Fulfillment completed within standard operational window.,Standard warehouse acceptance.,Standard Approval,Successful procurement outcome.,0.0,synthetic_demo,True
PO-00510,Zenith Global,Fasteners,,Fulfillment completed within standard operational window.,Standard warehouse acceptance.,Standard Approval,Successful procurement outcome.,0.0,synthetic_demo,True
PO-00511,Polymer Tech,Plastics,Logistics transit buffer,Vendor reported short-term freight dispatch delay.,Supplier offered expedited freight.,Accepted with Warning,Delivered in 19 days.,1407.22,synthetic_demo,True
PO-00512,Omni Logistics,Logistics Equipment,,Fulfillment completed within standard operational window.,Standard warehouse acceptance.,Standard Approval,Successful procurement outcome.,0.0,synthetic_demo,True
PO-00513,Titan Metals,Raw Metals,Logistics transit buffer,Vendor reported short-term freight dispatch delay.,Supplier offered expedited freight.,Accepted with Warning,Delivered in 10 days.,319.53,synthetic_demo,True
PO-00514,Quantum Electronics,Electronics,Logistics transit buffer,Vendor reported short-term freight dispatch delay.,Supplier offered expedited freight.,Accepted with Warning,Delivered in 20 days.,929.74,synthetic_demo,True
PO-00515,Vanguard Chemicals,Chemicals,Order cancellation due to stock shortage,Vendor confirmed temporary inventory exhaustion.,Purchase order terminated.,Order Cancelled,Order cancelled.,1000.0,synthetic_demo,True
PO-00516,MetalWorks,Structural Steel,,MetalWorks completed fulfillment according to primary SLA.,Standard receipt.,Standard Approval,Flawless fulfillment; zero defect threshold maintained.,0.0,synthetic_demo,True
PO-00517,Zenith Global,Fasteners,,Fulfillment completed within standard operational window.,Standard warehouse acceptance.,Standard Approval,Successful procurement outcome.,0.0,synthetic_demo,True
PO-00518,Acme Industrial Supplies,Raw Metals,,Fulfillment completed within standard operational window.,Standard warehouse acceptance.,Standard Approval,Successful procurement outcome.,0.0,synthetic_demo,True
PO-00519,Pinnacle Materials,Structural Steel,Logistics transit buffer,Vendor reported short-term freight dispatch delay.,Supplier offered expedited freight.,Accepted with Warning,Delivered in 19 days.,765.81,synthetic_demo,True
PO-00520,Global Tech Corp,Electronics,Order cancellation due to stock shortage,Vendor confirmed temporary inventory exhaustion.,Purchase order terminated.,Order Cancelled,Order cancelled.,1000.0,synthetic_demo,True
PO-00521,Titan Metals,Raw Metals,Logistics transit buffer,Vendor reported short-term freight dispatch delay.,Supplier offered expedited freight.,Accepted with Warning,Delivered in 17 days.,729.92,synthetic_demo,True
PO-00522,SteelCore,Structural Steel,,SteelCore fulfilled order within target timeline following tooling upgrade.,Standard warehouse receipt and quality sign-off.,Standard Approval,Successful fulfillment; delivered on-time in 10 days.,0.0,synthetic_demo,True
PO-00523,MetalWorks,Structural Steel,,MetalWorks completed fulfillment according to primary SLA.,Standard receipt.,Standard Approval,Flawless fulfillment; zero defect threshold maintained.,0.0,synthetic_demo,True
PO-00524,Matrix Supplies,Machinery Parts,Order cancellation due to stock shortage,Vendor confirmed temporary inventory exhaustion.,Purchase order terminated.,Order Cancelled,Order cancelled.,1000.0,synthetic_demo,True
PO-00525,Global Tech Corp,Electronics,Logistics transit buffer,Vendor reported short-term freight dispatch delay.,Supplier offered expedited freight.,Accepted with Warning,Delivered in 18 days.,1080.48,synthetic_demo,True
PO-00526,Vanguard Chemicals,Chemicals,,Fulfillment completed within standard operational window.,Standard warehouse acceptance.,Standard Approval,Successful procurement outcome.,0.0,synthetic_demo,True
PO-00527,Horizon Freight,Logistics Equipment,Logistics transit buffer,Vendor reported short-term freight dispatch delay.,Supplier offered expedited freight.,Accepted with Warning,Delivered in 19 days.,475.26,synthetic_demo,True
PO-00528,Titan Metals,Raw Metals,,Fulfillment completed within standard operational window.,Standard warehouse acceptance.,Standard Approval,Successful procurement outcome.,0.0,synthetic_demo,True
PO-00529,MetalWorks,Structural Steel,,MetalWorks completed fulfillment according to primary SLA.,Standard receipt.,Standard Approval,Flawless fulfillment; zero defect threshold maintained.,0.0,synthetic_demo,True
PO-00530,Alpha Industrial,Raw Metals,Logistics transit buffer,Vendor reported short-term freight dispatch delay.,Supplier offered expedited freight.,Accepted with Warning,Delivered in 18 days.,1005.37,synthetic_demo,True
PO-00531,Quantum Electronics,Electronics,,Fulfillment completed within standard operational window.,Standard warehouse acceptance.,Standard Approval,Successful procurement outcome.,0.0,synthetic_demo,True
PO-00532,Quantum Electronics,Electronics,Order cancellation due to stock shortage,Vendor confirmed temporary inventory exhaustion.,Purchase order terminated.,Order Cancelled,Order cancelled.,1000.0,synthetic_demo,True
PO-00533,Vanguard Chemicals,Chemicals,Order cancellation due to stock shortage,Vendor confirmed temporary inventory exhaustion.,Purchase order terminated.,Order Cancelled,Order cancelled.,1000.0,synthetic_demo,True
PO-00534,Vanguard Chemicals,Chemicals,,Fulfillment completed within standard operational window.,Standard warehouse acceptance.,Standard Approval,Successful procurement outcome.,0.0,synthetic_demo,True
PO-00535,Global Tech Corp,Electronics,Logistics transit buffer,Vendor reported short-term freight dispatch delay.,Supplier offered expedited freight.,Accepted with Warning,Delivered in 19 days.,298.02,synthetic_demo,True
PO-00536,Sovereign Packaging,Packaging,Logistics transit buffer,Vendor reported short-term freight dispatch delay.,Supplier offered expedited freight.,Accepted with Warning,Delivered in 12 days.,813.74,synthetic_demo,True
PO-00537,Omni Logistics,Logistics Equipment,Logistics transit buffer,Vendor reported short-term freight dispatch delay.,Supplier offered expedited freight.,Accepted with Warning,Delivered in 16 days.,673.03,synthetic_demo,True
PO-00538,Titan Metals,Raw Metals,,Fulfillment completed within standard operational window.,Standard warehouse acceptance.,Standard Approval,Successful procurement outcome.,0.0,synthetic_demo,True
PO-00539,Global Tech Corp,Electronics,,Fulfillment completed within standard operational window.,Standard warehouse acceptance.,Standard Approval,Successful procurement outcome.,0.0,synthetic_demo,True
PO-00540,Precision Fasteners,Fasteners,Logistics transit buffer,Vendor reported short-term freight dispatch delay.,Supplier offered expedited freight.,Accepted with Warning,Delivered in 15 days.,251.88,synthetic_demo,True
PO-00541,Zenith Global,Fasteners,Logistics transit buffer,Vendor reported short-term freight dispatch delay.,Supplier offered expedited freight.,Accepted with Warning,Delivered in 16 days.,692.07,synthetic_demo,True
PO-00542,Zenith Global,Fasteners,Logistics transit buffer,Vendor reported short-term freight dispatch delay.,Supplier offered expedited freight.,Accepted with Warning,Delivered in 16 days.,648.54,synthetic_demo,True
PO-00543,Zenith Global,Fasteners,,Fulfillment completed within standard operational window.,Standard warehouse acceptance.,Standard Approval,Successful procurement outcome.,0.0,synthetic_demo,True
PO-00544,Titan Metals,Raw Metals,Order cancellation due to stock shortage,Vendor confirmed temporary inventory exhaustion.,Purchase order terminated.,Order Cancelled,Order cancelled.,1000.0,synthetic_demo,True
PO-00545,Quantum Electronics,Electronics,Order cancellation due to stock shortage,Vendor confirmed temporary inventory exhaustion.,Purchase order terminated.,Order Cancelled,Order cancelled.,1000.0,synthetic_demo,True
PO-00546,Pinnacle Materials,Structural Steel,,Fulfillment completed within standard operational window.,Standard warehouse acceptance.,Standard Approval,Successful procurement outcome.,0.0,synthetic_demo,True
PO-00547,Global Tech Corp,Electronics,Logistics transit buffer,Vendor reported short-term freight dispatch delay.,Supplier offered expedited freight.,Accepted with Warning,Delivered in 10 days.,1460.02,synthetic_demo,True
PO-00548,Omni Logistics,Logistics Equipment,Logistics transit buffer,Vendor reported short-term freight dispatch delay.,Supplier offered expedited freight.,Accepted with Warning,Delivered in 17 days.,421.74,synthetic_demo,True
PO-00549,Titan Metals,Raw Metals,Logistics transit buffer,Vendor reported short-term freight dispatch delay.,Supplier offered expedited freight.,Accepted with Warning,Delivered in 19 days.,975.49,synthetic_demo,True
PO-00550,Acme Industrial Supplies,Raw Metals,Logistics transit buffer,Vendor reported short-term freight dispatch delay.,Supplier offered expedited freight.,Accepted with Warning,Delivered in 16 days.,987.16,synthetic_demo,True
PO-00551,MetalWorks,Structural Steel,,MetalWorks completed fulfillment according to primary SLA.,Standard receipt.,Standard Approval,Flawless fulfillment; zero defect threshold maintained.,0.0,synthetic_demo,True
PO-00552,SteelCore,Structural Steel,Logistics transit buffer,Vendor reported short-term freight dispatch delay.,Supplier offered expedited freight.,Accepted with Warning,Delivered in 13 days.,757.64,synthetic_demo,True
PO-00553,Sovereign Packaging,Packaging,Order cancellation due to stock shortage,Vendor confirmed temporary inventory exhaustion.,Purchase order terminated.,Order Cancelled,Order cancelled.,1000.0,synthetic_demo,True
PO-00554,Acme Industrial Supplies,Raw Metals,Logistics transit buffer,Vendor reported short-term freight dispatch delay.,Supplier offered expedited freight.,Accepted with Warning,Delivered in 15 days.,308.96,synthetic_demo,True
PO-00555,Precision Fasteners,Fasteners,Logistics transit buffer,Vendor reported short-term freight dispatch delay.,Supplier offered expedited freight.,Accepted with Warning,Delivered in 16 days.,209.35,synthetic_demo,True
PO-00556,Pinnacle Materials,Structural Steel,,Fulfillment completed within standard operational window.,Standard warehouse acceptance.,Standard Approval,Successful procurement outcome.,0.0,synthetic_demo,True
PO-00557,Polymer Tech,Plastics,Logistics transit buffer,Vendor reported short-term freight dispatch delay.,Supplier offered expedited freight.,Accepted with Warning,Delivered in 16 days.,681.28,synthetic_demo,True
PO-00558,Vanguard Chemicals,Chemicals,Order cancellation due to stock shortage,Vendor confirmed temporary inventory exhaustion.,Purchase order terminated.,Order Cancelled,Order cancelled.,1000.0,synthetic_demo,True
PO-00559,Titan Metals,Raw Metals,Logistics transit buffer,Vendor reported short-term freight dispatch delay.,Supplier offered expedited freight.,Accepted with Warning,Delivered in 14 days.,998.23,synthetic_demo,True
PO-00560,SteelCore,Structural Steel,Logistics transit buffer,Vendor reported short-term freight dispatch delay.,Supplier offered expedited freight.,Accepted with Warning,Delivered in 17 days.,488.3,synthetic_demo,True
PO-00561,Sovereign Packaging,Packaging,Order cancellation due to stock shortage,Vendor confirmed temporary inventory exhaustion.,Purchase order terminated.,Order Cancelled,Order cancelled.,1000.0,synthetic_demo,True
PO-00562,Titan Metals,Raw Metals,Logistics transit buffer,Vendor reported short-term freight dispatch delay.,Supplier offered expedited freight.,Accepted with Warning,Delivered in 11 days.,873.6,synthetic_demo,True
PO-00563,Zenith Global,Fasteners,Logistics transit buffer,Vendor reported short-term freight dispatch delay.,Supplier offered expedited freight.,Accepted with Warning,Delivered in 18 days.,511.03,synthetic_demo,True
PO-00564,Polymer Tech,Plastics,Order cancellation due to stock shortage,Vendor confirmed temporary inventory exhaustion.,Purchase order terminated.,Order Cancelled,Order cancelled.,1000.0,synthetic_demo,True
PO-00565,SteelCore,Structural Steel,Logistics transit buffer,Vendor reported short-term freight dispatch delay.,Supplier offered expedited freight.,Accepted with Warning,Delivered in 12 days.,957.81,synthetic_demo,True
PO-00566,Precision Fasteners,Fasteners,,Fulfillment completed within standard operational window.,Standard warehouse acceptance.,Standard Approval,Successful procurement outcome.,0.0,synthetic_demo,True
PO-00567,Zenith Global,Fasteners,Logistics transit buffer,Vendor reported short-term freight dispatch delay.,Supplier offered expedited freight.,Accepted with Warning,Delivered in 20 days.,899.27,synthetic_demo,True
PO-00568,Sovereign Packaging,Packaging,Logistics transit buffer,Vendor reported short-term freight dispatch delay.,Supplier offered expedited freight.,Accepted with Warning,Delivered in 20 days.,962.87,synthetic_demo,True
PO-00569,Sovereign Packaging,Packaging,Order cancellation due to stock shortage,Vendor confirmed temporary inventory exhaustion.,Purchase order terminated.,Order Cancelled,Order cancelled.,1000.0,synthetic_demo,True
PO-00570,Vanguard Chemicals,Chemicals,Logistics transit buffer,Vendor reported short-term freight dispatch delay.,Supplier offered expedited freight.,Accepted with Warning,Delivered in 19 days.,320.91,synthetic_demo,True
PO-00571,Horizon Freight,Logistics Equipment,,Fulfillment completed within standard operational window.,Standard warehouse acceptance.,Standard Approval,Successful procurement outcome.,0.0,synthetic_demo,True
PO-00572,Precision Fasteners,Fasteners,Logistics transit buffer,Vendor reported short-term freight dispatch delay.,Supplier offered expedited freight.,Accepted with Warning,Delivered in 19 days.,545.03,synthetic_demo,True
PO-00573,Vanguard Chemicals,Chemicals,Logistics transit buffer,Vendor reported short-term freight dispatch delay.,Supplier offered expedited freight.,Accepted with Warning,Delivered in 9 days.,997.98,synthetic_demo,True
PO-00574,Alpha Industrial,Raw Metals,Logistics transit buffer,Vendor reported short-term freight dispatch delay.,Supplier offered expedited freight.,Accepted with Warning,Delivered in 15 days.,946.88,synthetic_demo,True
PO-00575,Zenith Global,Fasteners,Logistics transit buffer,Vendor reported short-term freight dispatch delay.,Supplier offered expedited freight.,Accepted with Warning,Delivered in 20 days.,1239.05,synthetic_demo,True
PO-00576,Vanguard Chemicals,Chemicals,Logistics transit buffer,Vendor reported short-term freight dispatch delay.,Supplier offered expedited freight.,Accepted with Warning,Delivered in 15 days.,798.09,synthetic_demo,True
PO-00577,Sovereign Packaging,Packaging,Logistics transit buffer,Vendor reported short-term freight dispatch delay.,Supplier offered expedited freight.,Accepted with Warning,Delivered in 17 days.,541.7,synthetic_demo,True
PO-00578,Vanguard Chemicals,Chemicals,Logistics transit buffer,Vendor reported short-term freight dispatch delay.,Supplier offered expedited freight.,Accepted with Warning,Delivered in 11 days.,674.6,synthetic_demo,True
PO-00579,Global Tech Corp,Electronics,Order cancellation due to stock shortage,Vendor confirmed temporary inventory exhaustion.,Purchase order terminated.,Order Cancelled,Order cancelled.,1000.0,synthetic_demo,True
PO-00580,Sovereign Packaging,Packaging,Order cancellation due to stock shortage,Vendor confirmed temporary inventory exhaustion.,Purchase order terminated.,Order Cancelled,Order cancelled.,1000.0,synthetic_demo,True
PO-00581,Pinnacle Materials,Structural Steel,Order cancellation due to stock shortage,Vendor confirmed temporary inventory exhaustion.,Purchase order terminated.,Order Cancelled,Order cancelled.,1000.0,synthetic_demo,True
PO-00582,Alpha Industrial,Raw Metals,Logistics transit buffer,Vendor reported short-term freight dispatch delay.,Supplier offered expedited freight.,Accepted with Warning,Delivered in 17 days.,328.67,synthetic_demo,True
PO-00583,Alpha Industrial,Raw Metals,Order cancellation due to stock shortage,Vendor confirmed temporary inventory exhaustion.,Purchase order terminated.,Order Cancelled,Order cancelled.,1000.0,synthetic_demo,True
PO-00584,Horizon Freight,Logistics Equipment,,Fulfillment completed within standard operational window.,Standard warehouse acceptance.,Standard Approval,Successful procurement outcome.,0.0,synthetic_demo,True
PO-00585,Horizon Freight,Logistics Equipment,Logistics transit buffer,Vendor reported short-term freight dispatch delay.,Supplier offered expedited freight.,Accepted with Warning,Delivered in 13 days.,1157.48,synthetic_demo,True
PO-00586,Matrix Supplies,Machinery Parts,Order cancellation due to stock shortage,Vendor confirmed temporary inventory exhaustion.,Purchase order terminated.,Order Cancelled,Order cancelled.,1000.0,synthetic_demo,True
PO-00587,Sovereign Packaging,Packaging,,Fulfillment completed within standard operational window.,Standard warehouse acceptance.,Standard Approval,Successful procurement outcome.,0.0,synthetic_demo,True
PO-00588,Sovereign Packaging,Packaging,Logistics transit buffer,Vendor reported short-term freight dispatch delay.,Supplier offered expedited freight.,Accepted with Warning,Delivered in 19 days.,738.19,synthetic_demo,True
PO-00589,Apex Components,Machinery Parts,Order cancellation due to stock shortage,Vendor confirmed temporary inventory exhaustion.,Purchase order terminated.,Order Cancelled,Order cancelled.,1000.0,synthetic_demo,True
PO-00590,Acme Industrial Supplies,Raw Metals,,Fulfillment completed within standard operational window.,Standard warehouse acceptance.,Standard Approval,Successful procurement outcome.,0.0,synthetic_demo,True
PO-00591,Acme Industrial Supplies,Raw Metals,Logistics transit buffer,Vendor reported short-term freight dispatch delay.,Supplier offered expedited freight.,Accepted with Warning,Delivered in 9 days.,602.18,synthetic_demo,True
PO-00592,Global Tech Corp,Electronics,,Fulfillment completed within standard operational window.,Standard warehouse acceptance.,Standard Approval,Successful procurement outcome.,0.0,synthetic_demo,True
PO-00593,Alpha Industrial,Raw Metals,Logistics transit buffer,Vendor reported short-term freight dispatch delay.,Supplier offered expedited freight.,Accepted with Warning,Delivered in 16 days.,1106.91,synthetic_demo,True
PO-00594,Pinnacle Materials,Structural Steel,Order cancellation due to stock shortage,Vendor confirmed temporary inventory exhaustion.,Purchase order terminated.,Order Cancelled,Order cancelled.,1000.0,synthetic_demo,True
PO-00595,Horizon Freight,Logistics Equipment,,Fulfillment completed within standard operational window.,Standard warehouse acceptance.,Standard Approval,Successful procurement outcome.,0.0,synthetic_demo,True
PO-00596,Global Tech Corp,Electronics,Logistics transit buffer,Vendor reported short-term freight dispatch delay.,Supplier offered expedited freight.,Accepted with Warning,Delivered in 16 days.,1398.71,synthetic_demo,True
PO-00597,Pinnacle Materials,Structural Steel,Logistics transit buffer,Vendor reported short-term freight dispatch delay.,Supplier offered expedited freight.,Accepted with Warning,Delivered in 20 days.,685.74,synthetic_demo,True
PO-00598,Apex Components,Machinery Parts,,Fulfillment completed within standard operational window.,Standard warehouse acceptance.,Standard Approval,Successful procurement outcome.,0.0,synthetic_demo,True
PO-00599,Polymer Tech,Plastics,Order cancellation due to stock shortage,Vendor confirmed temporary inventory exhaustion.,Purchase order terminated.,Order Cancelled,Order cancelled.,1000.0,synthetic_demo,True
PO-00600,PrimeSteel,Structural Steel,Standard transit schedule,PrimeSteel fulfilled order with minor lead time variance.,Standard inspection and receipt.,Standard Approval,Delivered in 13 days with minor defect rate.,0.0,synthetic_demo,True
PO-00601,Alpha Industrial,Raw Metals,,Fulfillment completed within standard operational window.,Standard warehouse acceptance.,Standard Approval,Successful procurement outcome.,0.0,synthetic_demo,True
PO-00602,Omni Logistics,Logistics Equipment,Order cancellation due to stock shortage,Vendor confirmed temporary inventory exhaustion.,Purchase order terminated.,Order Cancelled,Order cancelled.,1000.0,synthetic_demo,True
PO-00603,Global Tech Corp,Electronics,Logistics transit buffer,Vendor reported short-term freight dispatch delay.,Supplier offered expedited freight.,Accepted with Warning,Delivered in 13 days.,847.91,synthetic_demo,True
PO-00604,Quantum Electronics,Electronics,,Fulfillment completed within standard operational window.,Standard warehouse acceptance.,Standard Approval,Successful procurement outcome.,0.0,synthetic_demo,True
PO-00605,Polymer Tech,Plastics,Logistics transit buffer,Vendor reported short-term freight dispatch delay.,Supplier offered expedited freight.,Accepted with Warning,Delivered in 20 days.,1467.46,synthetic_demo,True
PO-00606,Matrix Supplies,Machinery Parts,Order cancellation due to stock shortage,Vendor confirmed temporary inventory exhaustion.,Purchase order terminated.,Order Cancelled,Order cancelled.,1000.0,synthetic_demo,True
PO-00607,Omni Logistics,Logistics Equipment,Order cancellation due to stock shortage,Vendor confirmed temporary inventory exhaustion.,Purchase order terminated.,Order Cancelled,Order cancelled.,1000.0,synthetic_demo,True
PO-00608,Zenith Global,Fasteners,Logistics transit buffer,Vendor reported short-term freight dispatch delay.,Supplier offered expedited freight.,Accepted with Warning,Delivered in 18 days.,668.55,synthetic_demo,True
PO-00609,Acme Industrial Supplies,Raw Metals,,Fulfillment completed within standard operational window.,Standard warehouse acceptance.,Standard Approval,Successful procurement outcome.,0.0,synthetic_demo,True
PO-00610,Apex Components,Machinery Parts,Logistics transit buffer,Vendor reported short-term freight dispatch delay.,Supplier offered expedited freight.,Accepted with Warning,Delivered in 20 days.,401.49,synthetic_demo,True
PO-00611,PrimeSteel,Structural Steel,Standard transit schedule,PrimeSteel fulfilled order with minor lead time variance.,Standard inspection and receipt.,Standard Approval,Delivered in 13 days with minor defect rate.,0.0,synthetic_demo,True
PO-00612,Global Tech Corp,Electronics,Logistics transit buffer,Vendor reported short-term freight dispatch delay.,Supplier offered expedited freight.,Accepted with Warning,Delivered in 16 days.,1247.18,synthetic_demo,True
PO-00613,Sovereign Packaging,Packaging,Logistics transit buffer,Vendor reported short-term freight dispatch delay.,Supplier offered expedited freight.,Accepted with Warning,Delivered in 8 days.,583.13,synthetic_demo,True
PO-00614,Horizon Freight,Logistics Equipment,Order cancellation due to stock shortage,Vendor confirmed temporary inventory exhaustion.,Purchase order terminated.,Order Cancelled,Order cancelled.,1000.0,synthetic_demo,True
PO-00615,Horizon Freight,Logistics Equipment,Logistics transit buffer,Vendor reported short-term freight dispatch delay.,Supplier offered expedited freight.,Accepted with Warning,Delivered in 10 days.,904.09,synthetic_demo,True
PO-00616,Sovereign Packaging,Packaging,,Fulfillment completed within standard operational window.,Standard warehouse acceptance.,Standard Approval,Successful procurement outcome.,0.0,synthetic_demo,True
PO-00617,Sovereign Packaging,Packaging,Order cancellation due to stock shortage,Vendor confirmed temporary inventory exhaustion.,Purchase order terminated.,Order Cancelled,Order cancelled.,1000.0,synthetic_demo,True
PO-00618,Omni Logistics,Logistics Equipment,Order cancellation due to stock shortage,Vendor confirmed temporary inventory exhaustion.,Purchase order terminated.,Order Cancelled,Order cancelled.,1000.0,synthetic_demo,True
PO-00619,PrimeSteel,Structural Steel,Standard transit schedule,PrimeSteel fulfilled order with minor lead time variance.,Standard inspection and receipt.,Standard Approval,Delivered in 13 days with minor defect rate.,0.0,synthetic_demo,True
PO-00620,Sovereign Packaging,Packaging,Logistics transit buffer,Vendor reported short-term freight dispatch delay.,Supplier offered expedited freight.,Accepted with Warning,Delivered in 19 days.,486.94,synthetic_demo,True
PO-00621,Precision Fasteners,Fasteners,Logistics transit buffer,Vendor reported short-term freight dispatch delay.,Supplier offered expedited freight.,Accepted with Warning,Delivered in 20 days.,1166.52,synthetic_demo,True
PO-00622,MetalWorks,Structural Steel,,MetalWorks completed fulfillment according to primary SLA.,Standard receipt.,Standard Approval,Flawless fulfillment; zero defect threshold maintained.,0.0,synthetic_demo,True
PO-00623,Zenith Global,Fasteners,Order cancellation due to stock shortage,Vendor confirmed temporary inventory exhaustion.,Purchase order terminated.,Order Cancelled,Order cancelled.,1000.0,synthetic_demo,True
PO-00624,Zenith Global,Fasteners,Order cancellation due to stock shortage,Vendor confirmed temporary inventory exhaustion.,Purchase order terminated.,Order Cancelled,Order cancelled.,1000.0,synthetic_demo,True
PO-00625,Pinnacle Materials,Structural Steel,Logistics transit buffer,Vendor reported short-term freight dispatch delay.,Supplier offered expedited freight.,Accepted with Warning,Delivered in 13 days.,755.2,synthetic_demo,True
PO-00626,Sovereign Packaging,Packaging,Order cancellation due to stock shortage,Vendor confirmed temporary inventory exhaustion.,Purchase order terminated.,Order Cancelled,Order cancelled.,1000.0,synthetic_demo,True
PO-00627,Vanguard Chemicals,Chemicals,Logistics transit buffer,Vendor reported short-term freight dispatch delay.,Supplier offered expedited freight.,Accepted with Warning,Delivered in 13 days.,1274.0,synthetic_demo,True
PO-00628,Precision Fasteners,Fasteners,Order cancellation due to stock shortage,Vendor confirmed temporary inventory exhaustion.,Purchase order terminated.,Order Cancelled,Order cancelled.,1000.0,synthetic_demo,True
PO-00629,Sovereign Packaging,Packaging,Logistics transit buffer,Vendor reported short-term freight dispatch delay.,Supplier offered expedited freight.,Accepted with Warning,Delivered in 17 days.,375.61,synthetic_demo,True
PO-00630,Apex Components,Machinery Parts,Logistics transit buffer,Vendor reported short-term freight dispatch delay.,Supplier offered expedited freight.,Accepted with Warning,Delivered in 20 days.,558.74,synthetic_demo,True
PO-00631,Global Tech Corp,Electronics,,Fulfillment completed within standard operational window.,Standard warehouse acceptance.,Standard Approval,Successful procurement outcome.,0.0,synthetic_demo,True
PO-00632,Apex Components,Machinery Parts,Logistics transit buffer,Vendor reported short-term freight dispatch delay.,Supplier offered expedited freight.,Accepted with Warning,Delivered in 17 days.,1154.55,synthetic_demo,True
PO-00633,Alpha Industrial,Raw Metals,Order cancellation due to stock shortage,Vendor confirmed temporary inventory exhaustion.,Purchase order terminated.,Order Cancelled,Order cancelled.,1000.0,synthetic_demo,True
PO-00634,Sovereign Packaging,Packaging,Logistics transit buffer,Vendor reported short-term freight dispatch delay.,Supplier offered expedited freight.,Accepted with Warning,Delivered in 13 days.,1409.32,synthetic_demo,True
PO-00635,SteelCore,Structural Steel,Logistics transit buffer,Vendor reported short-term freight dispatch delay.,Supplier offered expedited freight.,Accepted with Warning,Delivered in 16 days.,901.91,synthetic_demo,True
PO-00636,Global Tech Corp,Electronics,Order cancellation due to stock shortage,Vendor confirmed temporary inventory exhaustion.,Purchase order terminated.,Order Cancelled,Order cancelled.,1000.0,synthetic_demo,True
PO-00637,Zenith Global,Fasteners,,Fulfillment completed within standard operational window.,Standard warehouse acceptance.,Standard Approval,Successful procurement outcome.,0.0,synthetic_demo,True
PO-00638,MetalWorks,Structural Steel,,MetalWorks completed fulfillment according to primary SLA.,Standard receipt.,Standard Approval,Flawless fulfillment; zero defect threshold maintained.,0.0,synthetic_demo,True
PO-00639,Global Tech Corp,Electronics,Logistics transit buffer,Vendor reported short-term freight dispatch delay.,Supplier offered expedited freight.,Accepted with Warning,Delivered in 15 days.,929.52,synthetic_demo,True
PO-00640,Polymer Tech,Plastics,Order cancellation due to stock shortage,Vendor confirmed temporary inventory exhaustion.,Purchase order terminated.,Order Cancelled,Order cancelled.,1000.0,synthetic_demo,True
PO-00641,Pinnacle Materials,Structural Steel,Logistics transit buffer,Vendor reported short-term freight dispatch delay.,Supplier offered expedited freight.,Accepted with Warning,Delivered in 11 days.,231.47,synthetic_demo,True
PO-00642,Matrix Supplies,Machinery Parts,,Fulfillment completed within standard operational window.,Standard warehouse acceptance.,Standard Approval,Successful procurement outcome.,0.0,synthetic_demo,True
PO-00643,PrimeSteel,Structural Steel,Standard transit schedule,PrimeSteel fulfilled order with minor lead time variance.,Standard inspection and receipt.,Standard Approval,Delivered in 17 days with minor defect rate.,0.0,synthetic_demo,True
PO-00644,Quantum Electronics,Electronics,,Fulfillment completed within standard operational window.,Standard warehouse acceptance.,Standard Approval,Successful procurement outcome.,0.0,synthetic_demo,True
PO-00645,Horizon Freight,Logistics Equipment,Logistics transit buffer,Vendor reported short-term freight dispatch delay.,Supplier offered expedited freight.,Accepted with Warning,Delivered in 15 days.,1103.59,synthetic_demo,True
PO-00646,Zenith Global,Fasteners,,Fulfillment completed within standard operational window.,Standard warehouse acceptance.,Standard Approval,Successful procurement outcome.,0.0,synthetic_demo,True
PO-00647,Matrix Supplies,Machinery Parts,Logistics transit buffer,Vendor reported short-term freight dispatch delay.,Supplier offered expedited freight.,Accepted with Warning,Delivered in 18 days.,1307.71,synthetic_demo,True
PO-00648,Omni Logistics,Logistics Equipment,Logistics transit buffer,Vendor reported short-term freight dispatch delay.,Supplier offered expedited freight.,Accepted with Warning,Delivered in 16 days.,610.09,synthetic_demo,True
PO-00649,Precision Fasteners,Fasteners,Logistics transit buffer,Vendor reported short-term freight dispatch delay.,Supplier offered expedited freight.,Accepted with Warning,Delivered in 19 days.,521.61,synthetic_demo,True
PO-00650,Titan Metals,Raw Metals,Order cancellation due to stock shortage,Vendor confirmed temporary inventory exhaustion.,Purchase order terminated.,Order Cancelled,Order cancelled.,1000.0,synthetic_demo,True
PO-00651,Zenith Global,Fasteners,Order cancellation due to stock shortage,Vendor confirmed temporary inventory exhaustion.,Purchase order terminated.,Order Cancelled,Order cancelled.,1000.0,synthetic_demo,True
PO-00652,SteelCore,Structural Steel,,SteelCore fulfilled order within target timeline following tooling upgrade.,Standard warehouse receipt and quality sign-off.,Standard Approval,Successful fulfillment; delivered on-time in 11 days.,0.0,synthetic_demo,True
PO-00653,Sovereign Packaging,Packaging,Logistics transit buffer,Vendor reported short-term freight dispatch delay.,Supplier offered expedited freight.,Accepted with Warning,Delivered in 18 days.,944.77,synthetic_demo,True
PO-00654,Quantum Electronics,Electronics,Logistics transit buffer,Vendor reported short-term freight dispatch delay.,Supplier offered expedited freight.,Accepted with Warning,Delivered in 11 days.,1089.26,synthetic_demo,True
PO-00655,Zenith Global,Fasteners,Logistics transit buffer,Vendor reported short-term freight dispatch delay.,Supplier offered expedited freight.,Accepted with Warning,Delivered in 18 days.,612.75,synthetic_demo,True
PO-00656,Titan Metals,Raw Metals,Order cancellation due to stock shortage,Vendor confirmed temporary inventory exhaustion.,Purchase order terminated.,Order Cancelled,Order cancelled.,1000.0,synthetic_demo,True
PO-00657,Pinnacle Materials,Structural Steel,Logistics transit buffer,Vendor reported short-term freight dispatch delay.,Supplier offered expedited freight.,Accepted with Warning,Delivered in 19 days.,1413.23,synthetic_demo,True
PO-00658,Global Tech Corp,Electronics,Logistics transit buffer,Vendor reported short-term freight dispatch delay.,Supplier offered expedited freight.,Accepted with Warning,Delivered in 17 days.,937.16,synthetic_demo,True
PO-00659,SteelCore,Structural Steel,Order cancellation due to stock shortage,Vendor confirmed temporary inventory exhaustion.,Purchase order terminated.,Order Cancelled,Order cancelled.,1000.0,synthetic_demo,True
PO-00660,Alpha Industrial,Raw Metals,,Fulfillment completed within standard operational window.,Standard warehouse acceptance.,Standard Approval,Successful procurement outcome.,0.0,synthetic_demo,True
PO-00661,SteelCore,Structural Steel,Logistics transit buffer,Vendor reported short-term freight dispatch delay.,Supplier offered expedited freight.,Accepted with Warning,Delivered in 19 days.,465.93,synthetic_demo,True
PO-00662,Alpha Industrial,Raw Metals,,Fulfillment completed within standard operational window.,Standard warehouse acceptance.,Standard Approval,Successful procurement outcome.,0.0,synthetic_demo,True
PO-00663,Sovereign Packaging,Packaging,Order cancellation due to stock shortage,Vendor confirmed temporary inventory exhaustion.,Purchase order terminated.,Order Cancelled,Order cancelled.,1000.0,synthetic_demo,True
PO-00664,Acme Industrial Supplies,Raw Metals,,Fulfillment completed within standard operational window.,Standard warehouse acceptance.,Standard Approval,Successful procurement outcome.,0.0,synthetic_demo,True
PO-00665,MetalWorks,Structural Steel,,MetalWorks completed fulfillment according to primary SLA.,Standard receipt.,Standard Approval,Flawless fulfillment; zero defect threshold maintained.,0.0,synthetic_demo,True
PO-00666,Titan Metals,Raw Metals,Logistics transit buffer,Vendor reported short-term freight dispatch delay.,Supplier offered expedited freight.,Accepted with Warning,Delivered in 8 days.,802.65,synthetic_demo,True
PO-00667,Acme Industrial Supplies,Raw Metals,Order cancellation due to stock shortage,Vendor confirmed temporary inventory exhaustion.,Purchase order terminated.,Order Cancelled,Order cancelled.,1000.0,synthetic_demo,True
PO-00668,Matrix Supplies,Machinery Parts,Logistics transit buffer,Vendor reported short-term freight dispatch delay.,Supplier offered expedited freight.,Accepted with Warning,Delivered in 17 days.,1347.31,synthetic_demo,True
PO-00669,Titan Metals,Raw Metals,Logistics transit buffer,Vendor reported short-term freight dispatch delay.,Supplier offered expedited freight.,Accepted with Warning,Delivered in 19 days.,880.96,synthetic_demo,True
PO-00670,Titan Metals,Raw Metals,Logistics transit buffer,Vendor reported short-term freight dispatch delay.,Supplier offered expedited freight.,Accepted with Warning,Delivered in 8 days.,935.14,synthetic_demo,True
PO-00671,Global Tech Corp,Electronics,Logistics transit buffer,Vendor reported short-term freight dispatch delay.,Supplier offered expedited freight.,Accepted with Warning,Delivered in 12 days.,780.14,synthetic_demo,True
PO-00672,Precision Fasteners,Fasteners,Logistics transit buffer,Vendor reported short-term freight dispatch delay.,Supplier offered expedited freight.,Accepted with Warning,Delivered in 8 days.,906.55,synthetic_demo,True
PO-00673,Precision Fasteners,Fasteners,,Fulfillment completed within standard operational window.,Standard warehouse acceptance.,Standard Approval,Successful procurement outcome.,0.0,synthetic_demo,True
PO-00674,Polymer Tech,Plastics,,Fulfillment completed within standard operational window.,Standard warehouse acceptance.,Standard Approval,Successful procurement outcome.,0.0,synthetic_demo,True
PO-00675,MetalWorks,Structural Steel,,MetalWorks completed fulfillment according to primary SLA.,Standard receipt.,Standard Approval,Flawless fulfillment; zero defect threshold maintained.,0.0,synthetic_demo,True
PO-00676,Omni Logistics,Logistics Equipment,Logistics transit buffer,Vendor reported short-term freight dispatch delay.,Supplier offered expedited freight.,Accepted with Warning,Delivered in 19 days.,321.06,synthetic_demo,True
PO-00677,PrimeSteel,Structural Steel,Standard transit schedule,PrimeSteel fulfilled order with minor lead time variance.,Standard inspection and receipt.,Standard Approval,Delivered in 15 days with minor defect rate.,0.0,synthetic_demo,True
PO-00678,Zenith Global,Fasteners,Logistics transit buffer,Vendor reported short-term freight dispatch delay.,Supplier offered expedited freight.,Accepted with Warning,Delivered in 19 days.,275.64,synthetic_demo,True
PO-00679,PrimeSteel,Structural Steel,Standard transit schedule,PrimeSteel fulfilled order with minor lead time variance.,Standard inspection and receipt.,Standard Approval,Delivered in 16 days with minor defect rate.,0.0,synthetic_demo,True
PO-00680,Vanguard Chemicals,Chemicals,Logistics transit buffer,Vendor reported short-term freight dispatch delay.,Supplier offered expedited freight.,Accepted with Warning,Delivered in 15 days.,840.26,synthetic_demo,True
PO-00681,Omni Logistics,Logistics Equipment,Logistics transit buffer,Vendor reported short-term freight dispatch delay.,Supplier offered expedited freight.,Accepted with Warning,Delivered in 8 days.,1158.71,synthetic_demo,True
PO-00682,Pinnacle Materials,Structural Steel,Logistics transit buffer,Vendor reported short-term freight dispatch delay.,Supplier offered expedited freight.,Accepted with Warning,Delivered in 16 days.,1032.8,synthetic_demo,True
PO-00683,Omni Logistics,Logistics Equipment,,Fulfillment completed within standard operational window.,Standard warehouse acceptance.,Standard Approval,Successful procurement outcome.,0.0,synthetic_demo,True
PO-00684,SteelCore,Structural Steel,Summer seasonal port customs backlog and factory heat-treatment calibration delay,SteelCore reported sub-tier furnace maintenance and regional port congestion.,Batch quarantined; supplier dispatched technical team and offered 5% credit.,Conditional Approval with Penalty,Delivered after 23 days with 13.5% defect rate.,5347.0,synthetic_demo,True
PO-00685,Matrix Supplies,Machinery Parts,Logistics transit buffer,Vendor reported short-term freight dispatch delay.,Supplier offered expedited freight.,Accepted with Warning,Delivered in 20 days.,272.83,synthetic_demo,True
PO-00686,Quantum Electronics,Electronics,,Fulfillment completed within standard operational window.,Standard warehouse acceptance.,Standard Approval,Successful procurement outcome.,0.0,synthetic_demo,True
PO-00687,Global Tech Corp,Electronics,Logistics transit buffer,Vendor reported short-term freight dispatch delay.,Supplier offered expedited freight.,Accepted with Warning,Delivered in 14 days.,942.28,synthetic_demo,True
PO-00688,Omni Logistics,Logistics Equipment,,Fulfillment completed within standard operational window.,Standard warehouse acceptance.,Standard Approval,Successful procurement outcome.,0.0,synthetic_demo,True
PO-00689,Omni Logistics,Logistics Equipment,,Fulfillment completed within standard operational window.,Standard warehouse acceptance.,Standard Approval,Successful procurement outcome.,0.0,synthetic_demo,True
PO-00690,PrimeSteel,Structural Steel,Standard transit schedule,PrimeSteel fulfilled order with minor lead time variance.,Standard inspection and receipt.,Standard Approval,Delivered in 16 days with minor defect rate.,0.0,synthetic_demo,True
PO-00691,Zenith Global,Fasteners,Logistics transit buffer,Vendor reported short-term freight dispatch delay.,Supplier offered expedited freight.,Accepted with Warning,Delivered in 20 days.,1419.43,synthetic_demo,True
PO-00692,MetalWorks,Structural Steel,,MetalWorks completed fulfillment according to primary SLA.,Standard receipt.,Standard Approval,Flawless fulfillment; zero defect threshold maintained.,0.0,synthetic_demo,True
PO-00693,PrimeSteel,Structural Steel,Standard transit schedule,PrimeSteel fulfilled order with minor lead time variance.,Standard inspection and receipt.,Standard Approval,Delivered in 13 days with minor defect rate.,0.0,synthetic_demo,True
PO-00694,Omni Logistics,Logistics Equipment,,Fulfillment completed within standard operational window.,Standard warehouse acceptance.,Standard Approval,Successful procurement outcome.,0.0,synthetic_demo,True
PO-00695,Acme Industrial Supplies,Raw Metals,,Fulfillment completed within standard operational window.,Standard warehouse acceptance.,Standard Approval,Successful procurement outcome.,0.0,synthetic_demo,True
PO-00696,Horizon Freight,Logistics Equipment,,Fulfillment completed within standard operational window.,Standard warehouse acceptance.,Standard Approval,Successful procurement outcome.,0.0,synthetic_demo,True
PO-00697,Titan Metals,Raw Metals,,Fulfillment completed within standard operational window.,Standard warehouse acceptance.,Standard Approval,Successful procurement outcome.,0.0,synthetic_demo,True
PO-00698,Acme Industrial Supplies,Raw Metals,Logistics transit buffer,Vendor reported short-term freight dispatch delay.,Supplier offered expedited freight.,Accepted with Warning,Delivered in 14 days.,1358.66,synthetic_demo,True
PO-00699,Vanguard Chemicals,Chemicals,Logistics transit buffer,Vendor reported short-term freight dispatch delay.,Supplier offered expedited freight.,Accepted with Warning,Delivered in 19 days.,302.11,synthetic_demo,True
PO-00700,Global Tech Corp,Electronics,Logistics transit buffer,Vendor reported short-term freight dispatch delay.,Supplier offered expedited freight.,Accepted with Warning,Delivered in 9 days.,1123.28,synthetic_demo,True
PO-00701,Global Tech Corp,Electronics,Logistics transit buffer,Vendor reported short-term freight dispatch delay.,Supplier offered expedited freight.,Accepted with Warning,Delivered in 10 days.,1225.41,synthetic_demo,True
PO-00702,PrimeSteel,Structural Steel,Standard transit schedule,PrimeSteel fulfilled order with minor lead time variance.,Standard inspection and receipt.,Standard Approval,Delivered in 16 days with minor defect rate.,0.0,synthetic_demo,True
PO-00703,Global Tech Corp,Electronics,Logistics transit buffer,Vendor reported short-term freight dispatch delay.,Supplier offered expedited freight.,Accepted with Warning,Delivered in 19 days.,1044.29,synthetic_demo,True
PO-00704,Pinnacle Materials,Structural Steel,Logistics transit buffer,Vendor reported short-term freight dispatch delay.,Supplier offered expedited freight.,Accepted with Warning,Delivered in 16 days.,827.09,synthetic_demo,True
PO-00705,Pinnacle Materials,Structural Steel,Logistics transit buffer,Vendor reported short-term freight dispatch delay.,Supplier offered expedited freight.,Accepted with Warning,Delivered in 16 days.,1070.49,synthetic_demo,True
PO-00706,Alpha Industrial,Raw Metals,,Fulfillment completed within standard operational window.,Standard warehouse acceptance.,Standard Approval,Successful procurement outcome.,0.0,synthetic_demo,True
PO-00707,PrimeSteel,Structural Steel,Raw ingot supply exhaustion,PrimeSteel confirmed inability to secure raw materials within required window.,Order terminated; alternative supplier sourced.,Order Cancelled,Order cancelled due to supplier fulfillment incapacity.,2500.0,synthetic_demo,True
PO-00708,PrimeSteel,Structural Steel,Standard transit schedule,PrimeSteel fulfilled order with minor lead time variance.,Standard inspection and receipt.,Standard Approval,Delivered in 14 days with minor defect rate.,0.0,synthetic_demo,True
PO-00709,Matrix Supplies,Machinery Parts,Order cancellation due to stock shortage,Vendor confirmed temporary inventory exhaustion.,Purchase order terminated.,Order Cancelled,Order cancelled.,1000.0,synthetic_demo,True
PO-00710,Omni Logistics,Logistics Equipment,Logistics transit buffer,Vendor reported short-term freight dispatch delay.,Supplier offered expedited freight.,Accepted with Warning,Delivered in 17 days.,1482.35,synthetic_demo,True
PO-00711,MetalWorks,Structural Steel,,MetalWorks completed fulfillment according to primary SLA.,Standard receipt.,Standard Approval,Flawless fulfillment; zero defect threshold maintained.,0.0,synthetic_demo,True
PO-00712,Omni Logistics,Logistics Equipment,Logistics transit buffer,Vendor reported short-term freight dispatch delay.,Supplier offered expedited freight.,Accepted with Warning,Delivered in 19 days.,1125.31,synthetic_demo,True
PO-00713,Titan Metals,Raw Metals,Logistics transit buffer,Vendor reported short-term freight dispatch delay.,Supplier offered expedited freight.,Accepted with Warning,Delivered in 16 days.,1291.95,synthetic_demo,True
PO-00714,Global Tech Corp,Electronics,Logistics transit buffer,Vendor reported short-term freight dispatch delay.,Supplier offered expedited freight.,Accepted with Warning,Delivered in 18 days.,1137.74,synthetic_demo,True
PO-00715,Global Tech Corp,Electronics,Order cancellation due to stock shortage,Vendor confirmed temporary inventory exhaustion.,Purchase order terminated.,Order Cancelled,Order cancelled.,1000.0,synthetic_demo,True
PO-00716,Pinnacle Materials,Structural Steel,Logistics transit buffer,Vendor reported short-term freight dispatch delay.,Supplier offered expedited freight.,Accepted with Warning,Delivered in 14 days.,661.9,synthetic_demo,True
PO-00717,Alpha Industrial,Raw Metals,Logistics transit buffer,Vendor reported short-term freight dispatch delay.,Supplier offered expedited freight.,Accepted with Warning,Delivered in 14 days.,243.5,synthetic_demo,True
PO-00718,Acme Industrial Supplies,Raw Metals,Logistics transit buffer,Vendor reported short-term freight dispatch delay.,Supplier offered expedited freight.,Accepted with Warning,Delivered in 10 days.,1317.16,synthetic_demo,True
PO-00719,PrimeSteel,Structural Steel,Standard transit schedule,PrimeSteel fulfilled order with minor lead time variance.,Standard inspection and receipt.,Standard Approval,Delivered in 14 days with minor defect rate.,0.0,synthetic_demo,True
PO-00720,Horizon Freight,Logistics Equipment,,Fulfillment completed within standard operational window.,Standard warehouse acceptance.,Standard Approval,Successful procurement outcome.,0.0,synthetic_demo,True
PO-00721,Quantum Electronics,Electronics,,Fulfillment completed within standard operational window.,Standard warehouse acceptance.,Standard Approval,Successful procurement outcome.,0.0,synthetic_demo,True
PO-00722,Polymer Tech,Plastics,Logistics transit buffer,Vendor reported short-term freight dispatch delay.,Supplier offered expedited freight.,Accepted with Warning,Delivered in 17 days.,267.11,synthetic_demo,True
PO-00723,Omni Logistics,Logistics Equipment,Logistics transit buffer,Vendor reported short-term freight dispatch delay.,Supplier offered expedited freight.,Accepted with Warning,Delivered in 16 days.,1218.89,synthetic_demo,True
PO-00724,Polymer Tech,Plastics,Logistics transit buffer,Vendor reported short-term freight dispatch delay.,Supplier offered expedited freight.,Accepted with Warning,Delivered in 10 days.,1056.9,synthetic_demo,True
PO-00725,Apex Components,Machinery Parts,,Fulfillment completed within standard operational window.,Standard warehouse acceptance.,Standard Approval,Successful procurement outcome.,0.0,synthetic_demo,True
PO-00726,Alpha Industrial,Raw Metals,Logistics transit buffer,Vendor reported short-term freight dispatch delay.,Supplier offered expedited freight.,Accepted with Warning,Delivered in 18 days.,474.11,synthetic_demo,True
PO-00727,Polymer Tech,Plastics,,Fulfillment completed within standard operational window.,Standard warehouse acceptance.,Standard Approval,Successful procurement outcome.,0.0,synthetic_demo,True
PO-00728,Apex Components,Machinery Parts,Order cancellation due to stock shortage,Vendor confirmed temporary inventory exhaustion.,Purchase order terminated.,Order Cancelled,Order cancelled.,1000.0,synthetic_demo,True
PO-00729,Pinnacle Materials,Structural Steel,Logistics transit buffer,Vendor reported short-term freight dispatch delay.,Supplier offered expedited freight.,Accepted with Warning,Delivered in 14 days.,1087.74,synthetic_demo,True
PO-00730,Vanguard Chemicals,Chemicals,Order cancellation due to stock shortage,Vendor confirmed temporary inventory exhaustion.,Purchase order terminated.,Order Cancelled,Order cancelled.,1000.0,synthetic_demo,True
PO-00731,Acme Industrial Supplies,Raw Metals,Logistics transit buffer,Vendor reported short-term freight dispatch delay.,Supplier offered expedited freight.,Accepted with Warning,Delivered in 14 days.,514.34,synthetic_demo,True
PO-00732,Quantum Electronics,Electronics,Logistics transit buffer,Vendor reported short-term freight dispatch delay.,Supplier offered expedited freight.,Accepted with Warning,Delivered in 8 days.,215.55,synthetic_demo,True
PO-00733,Vanguard Chemicals,Chemicals,,Fulfillment completed within standard operational window.,Standard warehouse acceptance.,Standard Approval,Successful procurement outcome.,0.0,synthetic_demo,True
PO-00734,Precision Fasteners,Fasteners,Logistics transit buffer,Vendor reported short-term freight dispatch delay.,Supplier offered expedited freight.,Accepted with Warning,Delivered in 17 days.,1053.31,synthetic_demo,True
PO-00735,Titan Metals,Raw Metals,,Fulfillment completed within standard operational window.,Standard warehouse acceptance.,Standard Approval,Successful procurement outcome.,0.0,synthetic_demo,True
PO-00736,Polymer Tech,Plastics,Order cancellation due to stock shortage,Vendor confirmed temporary inventory exhaustion.,Purchase order terminated.,Order Cancelled,Order cancelled.,1000.0,synthetic_demo,True
PO-00737,PrimeSteel,Structural Steel,Raw ingot supply exhaustion,PrimeSteel confirmed inability to secure raw materials within required window.,Order terminated; alternative supplier sourced.,Order Cancelled,Order cancelled due to supplier fulfillment incapacity.,2500.0,synthetic_demo,True
PO-00738,Polymer Tech,Plastics,,Fulfillment completed within standard operational window.,Standard warehouse acceptance.,Standard Approval,Successful procurement outcome.,0.0,synthetic_demo,True
PO-00739,Global Tech Corp,Electronics,Logistics transit buffer,Vendor reported short-term freight dispatch delay.,Supplier offered expedited freight.,Accepted with Warning,Delivered in 17 days.,1130.02,synthetic_demo,True
PO-00740,Polymer Tech,Plastics,,Fulfillment completed within standard operational window.,Standard warehouse acceptance.,Standard Approval,Successful procurement outcome.,0.0,synthetic_demo,True
PO-00741,Quantum Electronics,Electronics,Logistics transit buffer,Vendor reported short-term freight dispatch delay.,Supplier offered expedited freight.,Accepted with Warning,Delivered in 16 days.,821.58,synthetic_demo,True
PO-00742,PrimeSteel,Structural Steel,Standard transit schedule,PrimeSteel fulfilled order with minor lead time variance.,Standard inspection and receipt.,Standard Approval,Delivered in 16 days with minor defect rate.,0.0,synthetic_demo,True
PO-00743,Horizon Freight,Logistics Equipment,Order cancellation due to stock shortage,Vendor confirmed temporary inventory exhaustion.,Purchase order terminated.,Order Cancelled,Order cancelled.,1000.0,synthetic_demo,True
PO-00744,PrimeSteel,Structural Steel,Standard transit schedule,PrimeSteel fulfilled order with minor lead time variance.,Standard inspection and receipt.,Standard Approval,Delivered in 13 days with minor defect rate.,0.0,synthetic_demo,True
PO-00745,Titan Metals,Raw Metals,Logistics transit buffer,Vendor reported short-term freight dispatch delay.,Supplier offered expedited freight.,Accepted with Warning,Delivered in 18 days.,1104.65,synthetic_demo,True
PO-00746,Alpha Industrial,Raw Metals,Logistics transit buffer,Vendor reported short-term freight dispatch delay.,Supplier offered expedited freight.,Accepted with Warning,Delivered in 19 days.,246.41,synthetic_demo,True
PO-00747,Alpha Industrial,Raw Metals,Logistics transit buffer,Vendor reported short-term freight dispatch delay.,Supplier offered expedited freight.,Accepted with Warning,Delivered in 18 days.,1284.53,synthetic_demo,True
PO-00748,Quantum Electronics,Electronics,Order cancellation due to stock shortage,Vendor confirmed temporary inventory exhaustion.,Purchase order terminated.,Order Cancelled,Order cancelled.,1000.0,synthetic_demo,True
PO-00749,Zenith Global,Fasteners,,Fulfillment completed within standard operational window.,Standard warehouse acceptance.,Standard Approval,Successful procurement outcome.,0.0,synthetic_demo,True
PO-00750,SteelCore,Structural Steel,,SteelCore fulfilled order within target timeline following tooling upgrade.,Standard warehouse receipt and quality sign-off.,Standard Approval,Successful fulfillment; delivered on-time in 10 days.,0.0,synthetic_demo,True
PO-00751,MetalWorks,Structural Steel,,MetalWorks completed fulfillment according to primary SLA.,Standard receipt.,Standard Approval,Flawless fulfillment; zero defect threshold maintained.,0.0,synthetic_demo,True
PO-00752,Acme Industrial Supplies,Raw Metals,Logistics transit buffer,Vendor reported short-term freight dispatch delay.,Supplier offered expedited freight.,Accepted with Warning,Delivered in 20 days.,463.43,synthetic_demo,True
PO-00753,Sovereign Packaging,Packaging,Order cancellation due to stock shortage,Vendor confirmed temporary inventory exhaustion.,Purchase order terminated.,Order Cancelled,Order cancelled.,1000.0,synthetic_demo,True
PO-00754,Precision Fasteners,Fasteners,,Fulfillment completed within standard operational window.,Standard warehouse acceptance.,Standard Approval,Successful procurement outcome.,0.0,synthetic_demo,True
PO-00755,Vanguard Chemicals,Chemicals,,Fulfillment completed within standard operational window.,Standard warehouse acceptance.,Standard Approval,Successful procurement outcome.,0.0,synthetic_demo,True
PO-00756,Sovereign Packaging,Packaging,,Fulfillment completed within standard operational window.,Standard warehouse acceptance.,Standard Approval,Successful procurement outcome.,0.0,synthetic_demo,True
PO-00757,Omni Logistics,Logistics Equipment,Logistics transit buffer,Vendor reported short-term freight dispatch delay.,Supplier offered expedited freight.,Accepted with Warning,Delivered in 19 days.,386.01,synthetic_demo,True
PO-00758,Titan Metals,Raw Metals,Logistics transit buffer,Vendor reported short-term freight dispatch delay.,Supplier offered expedited freight.,Accepted with Warning,Delivered in 19 days.,1015.35,synthetic_demo,True
PO-00759,Horizon Freight,Logistics Equipment,Logistics transit buffer,Vendor reported short-term freight dispatch delay.,Supplier offered expedited freight.,Accepted with Warning,Delivered in 16 days.,1321.55,synthetic_demo,True
PO-00760,Precision Fasteners,Fasteners,Logistics transit buffer,Vendor reported short-term freight dispatch delay.,Supplier offered expedited freight.,Accepted with Warning,Delivered in 9 days.,1459.15,synthetic_demo,True
PO-00761,MetalWorks,Structural Steel,,MetalWorks completed fulfillment according to primary SLA.,Standard receipt.,Standard Approval,Flawless fulfillment; zero defect threshold maintained.,0.0,synthetic_demo,True
PO-00762,Matrix Supplies,Machinery Parts,Order cancellation due to stock shortage,Vendor confirmed temporary inventory exhaustion.,Purchase order terminated.,Order Cancelled,Order cancelled.,1000.0,synthetic_demo,True
PO-00763,SteelCore,Structural Steel,Logistics transit buffer,Vendor reported short-term freight dispatch delay.,Supplier offered expedited freight.,Accepted with Warning,Delivered in 9 days.,970.52,synthetic_demo,True
PO-00764,Quantum Electronics,Electronics,,Fulfillment completed within standard operational window.,Standard warehouse acceptance.,Standard Approval,Successful procurement outcome.,0.0,synthetic_demo,True
PO-00765,Apex Components,Machinery Parts,,Fulfillment completed within standard operational window.,Standard warehouse acceptance.,Standard Approval,Successful procurement outcome.,0.0,synthetic_demo,True
PO-00766,Matrix Supplies,Machinery Parts,,Fulfillment completed within standard operational window.,Standard warehouse acceptance.,Standard Approval,Successful procurement outcome.,0.0,synthetic_demo,True
PO-00767,Global Tech Corp,Electronics,,Fulfillment completed within standard operational window.,Standard warehouse acceptance.,Standard Approval,Successful procurement outcome.,0.0,synthetic_demo,True
PO-00768,Titan Metals,Raw Metals,Logistics transit buffer,Vendor reported short-term freight dispatch delay.,Supplier offered expedited freight.,Accepted with Warning,Delivered in 17 days.,1232.94,synthetic_demo,True
PO-00769,Horizon Freight,Logistics Equipment,Logistics transit buffer,Vendor reported short-term freight dispatch delay.,Supplier offered expedited freight.,Accepted with Warning,Delivered in 16 days.,969.06,synthetic_demo,True
PO-00770,Pinnacle Materials,Structural Steel,Logistics transit buffer,Vendor reported short-term freight dispatch delay.,Supplier offered expedited freight.,Accepted with Warning,Delivered in 14 days.,969.3,synthetic_demo,True
PO-00771,Pinnacle Materials,Structural Steel,Logistics transit buffer,Vendor reported short-term freight dispatch delay.,Supplier offered expedited freight.,Accepted with Warning,Delivered in 19 days.,890.46,synthetic_demo,True
PO-00772,Acme Industrial Supplies,Raw Metals,,Fulfillment completed within standard operational window.,Standard warehouse acceptance.,Standard Approval,Successful procurement outcome.,0.0,synthetic_demo,True
PO-00773,Vanguard Chemicals,Chemicals,Order cancellation due to stock shortage,Vendor confirmed temporary inventory exhaustion.,Purchase order terminated.,Order Cancelled,Order cancelled.,1000.0,synthetic_demo,True
PO-00774,Titan Metals,Raw Metals,Order cancellation due to stock shortage,Vendor confirmed temporary inventory exhaustion.,Purchase order terminated.,Order Cancelled,Order cancelled.,1000.0,synthetic_demo,True
PO-00775,Global Tech Corp,Electronics,Logistics transit buffer,Vendor reported short-term freight dispatch delay.,Supplier offered expedited freight.,Accepted with Warning,Delivered in 18 days.,1318.5,synthetic_demo,True
PO-00776,Zenith Global,Fasteners,Logistics transit buffer,Vendor reported short-term freight dispatch delay.,Supplier offered expedited freight.,Accepted with Warning,Delivered in 20 days.,1429.92,synthetic_demo,True
PO-00777,PrimeSteel,Structural Steel,Standard transit schedule,PrimeSteel fulfilled order with minor lead time variance.,Standard inspection and receipt.,Standard Approval,Delivered in 13 days with minor defect rate.,0.0,synthetic_demo,True
